       0.0000000
      -1.1036000
       0.0520000
       0.5289000
      -0.9095000
       0.5218000
      -1.1469001
       1.0208000
      -0.8163000
      -0.8107000
       2.5543001
      -2.2284000
       0.8741000
       0.0427000
      -2.4052000
       3.7907000
      -2.5694001
      -1.5710000
       3.2249999
      -2.4533000
       3.8754001
      -2.9235001
       0.6592000
       2.0710001
      -1.4124000
       1.4734000
      -0.6056000
       0.9822000
      -1.0341001
       0.1617000
      -0.4856000
       2.1070001
      -0.8596000
      -0.0051000
      -0.7987000
       2.9784999
      -2.3766999
      -0.0940000
       2.1296999
      -1.9357001
       0.9972000
      -1.5072000
       3.8206000
      -2.0643001
      -0.3363000
       2.2934999
      -0.2641000
       1.2851000
       0.5173000
       0.3393000
       2.1524000
      -1.7823000
       3.1684999
       1.1605000
      -2.1166000
       2.8118999
      -0.7053000
       1.8487999
       0.7331000
      -2.3972001
       1.1236000
       1.2373000
      -1.9459000
       0.4339000
      -1.2750000
      -1.2265000
      -0.0474000
      -2.4033000
       0.7860000
      -2.8459001
      -1.5046000
      -0.0686000
      -0.8994000
      -2.5316000
       0.4840000
      -1.0583000
      -1.4008000
       2.8102000
      -3.5906000
       1.0735000
       1.8357000
      -1.2328000
       2.2423000
       1.0276999
      -0.9465000
       3.7316999
       0.9682000
       2.2363999
       1.8271000
       0.5821000
       3.5193999
       0.9321000
       1.3274000
       1.7366000
       2.3297000
       0.2017000
       0.6963000
       0.5443000
       2.4721000
      -0.7266000
      -1.2513000
       1.7111000
      -1.4180000
      -2.0915000
       1.1832000
      -1.2377000
      -0.8640000
      -1.0953000
      -1.1542000
       1.1457000
      -2.1445999
       0.0000000
      -0.2850000
       1.0592000
      -0.5902000
      -0.8052000
       0.2113000
      -0.2165000
       1.2683001
      -3.1768999
       3.0671999
      -0.3402000
      -2.1135001
       3.2751000
      -2.9099000
       0.5968000
       0.4133000
      -3.2830999
       5.6307001
      -5.7796001
       0.4068000
       3.5850999
      -3.3841000
       3.5745001
      -4.8965001
       3.0174000
       0.2663000
      -0.2454000
       0.0288000
       0.5080000
      -1.1109999
       0.0009000
       0.2332000
       0.2378000
      -0.7101000
       0.0552000
       0.5924000
      -3.1494000
       3.9811001
      -3.0077000
       2.6579001
      -1.6494000
       0.0896000
       0.9672000
      -2.0271001
       3.7530000
      -2.0785000
      -1.0290999
       1.9378999
      -0.4347000
       2.8267000
      -1.4291000
      -0.3690000
       3.4058001
      -3.1795001
       4.0588999
      -1.3811001
      -1.3203000
       2.7449000
      -0.9642000
       0.4090000
       0.8121000
      -2.3801000
       1.3748000
       0.8880000
      -1.7574000
       1.4704000
      -2.3836999
       1.5611000
      -0.8374000
      -2.3585000
       2.1451001
      -0.7788000
      -1.6059999
       0.7836000
       0.2847000
      -2.9117999
       3.2811999
      -1.5525000
      -0.9273000
       2.9442000
      -3.5455999
       1.0353000
       3.1489000
      -3.6925001
       1.9058000
       0.3169000
      -2.0016000
       2.1972001
      -1.5723000
       0.2636000
      -0.8262000
      -0.2661000
      -0.7408000
      -0.4561000
      -1.1716000
      -0.7040000
      -1.7808000
      -0.5549000
       0.2002000
      -3.4291000
       0.1845000
       0.5341000
      -3.1159000
      -0.0750000
      -0.2237000
      -1.4064000
       1.3032000
      -2.4656000
       1.0901000
      -0.6838000
      -0.4057000
       0.0000000
       0.0000000
       1.0477999
      -0.7833000
       0.1156000
       0.4424000
       0.0242000
      -0.7066000
       0.8115000
       1.4822000
      -4.0953002
       2.9885001
      -0.1003000
      -2.1965001
       2.7967000
      -2.9428999
       2.0590000
       0.3624000
      -4.0366001
       6.0352001
      -5.4716001
       2.0718999
       1.3163000
      -2.7623000
       1.8017000
      -1.4696000
       2.3175001
      -2.0170000
       1.2187999
      -0.4949000
       0.0305000
      -0.9786000
       0.5912000
      -0.7162000
       2.3116000
      -3.3984001
       1.2575001
      -0.3213000
      -0.7443000
       2.6765001
      -2.7811000
       2.0178001
      -2.6886001
       2.1465001
      -1.3338000
      -0.5986000
       3.6364000
      -4.8130002
       0.4880000
       2.5876000
      -2.5401001
       2.4013000
      -2.6545000
       1.8217000
       0.4506000
      -2.1177001
       4.0025001
      -3.1633000
      -0.2543000
       2.8849001
      -2.1197000
      -0.5243000
       1.5355999
      -1.3381000
       1.3472000
      -1.8760000
       0.2662000
       1.2194999
      -3.1520000
       2.4567001
      -1.1532000
      -1.8015000
       1.7278000
       0.3140000
      -2.3175001
       0.9666000
       0.6421000
      -1.8405000
       2.7642000
      -1.6546000
       0.0280000
       3.0399001
      -2.0920000
       0.7373000
       3.4092000
      -2.2962999
       1.6224999
       0.9788000
       0.4759000
       0.9528000
       0.1885000
       0.7895000
      -0.3424000
       1.3257999
      -0.7254000
       0.3937000
       0.3523000
       0.8005000
      -2.0871000
      -0.4352000
       1.8262000
      -1.7738000
      -0.8509000
       2.1080000
      -2.0945001
      -0.4240000
      -0.4441000
       0.7104000
      -0.0969000
      -1.4002000
       0.6674000
       0.0000000
       0.0000000
       0.0000000
      -0.9522000
       2.1670001
      -0.1825000
      -1.7510000
       0.5098000
       1.3853000
      -1.5994999
      -0.6684000
       2.4439001
      -2.1229999
       2.1991999
      -0.9779000
      -1.7780000
       3.8791001
      -4.0815001
       1.5512000
       0.8711000
      -3.4848001
       4.4436002
      -3.5576999
       2.9746001
      -1.3114001
      -0.6797000
       0.8660000
       0.0579000
       1.2854000
      -1.5288000
      -0.2134000
       0.4029000
       0.3803000
      -0.6412000
      -0.7532000
       0.2066000
       3.9718001
      -5.2396998
       1.0187000
       0.6512000
       0.7368000
      -1.2536000
       1.1756001
       1.3111000
      -5.2063999
       4.0537000
      -0.6621000
      -0.6651000
       2.0590000
      -5.3009000
       3.5374000
       0.4931000
      -2.9971001
       3.6657000
      -4.4281001
       2.6854000
      -0.1641000
      -1.6197000
       2.5771999
      -2.7830000
      -0.1384000
       2.8722999
      -2.3863001
      -0.0066000
       0.1181000
      -1.2724000
       3.0618000
      -3.0243001
       0.4898000
       0.9401000
      -1.4119999
       1.9373000
      -2.1271999
      -0.7978000
       1.8638000
       0.0963000
      -2.3901000
       1.0720000
       0.1882000
      -0.6872000
       1.1895000
      -0.9230000
      -0.3303000
       1.1402000
      -0.4074000
       0.1531000
       0.7059000
      -0.7100000
       0.7968000
      -0.4295000
       1.3239000
      -1.3748000
       0.6689000
      -0.4176000
      -0.3424000
       0.9058000
      -1.1315000
      -0.2719000
      -0.3885000
       0.4867000
      -0.8615000
      -1.8263000
       0.6208000
      -0.4840000
      -1.2507000
       0.3227000
      -0.3415000
       0.2462000
      -1.2603000
       0.9124000
      -0.5680000
       0.0000000
       0.0000000
       0.0000000
       0.0000000
       0.6660000
       0.4917000
       0.4790000
       0.2044000
      -0.7401000
      -0.3493000
       1.6945000
      -1.0598000
      -1.7405000
       3.6805000
      -2.2121000
       0.5080000
      -0.0622000
      -1.0053999
       2.6998999
      -2.9400001
       2.0926001
       0.5294000
      -2.3455999
       1.8325000
      -1.1731000
       2.6931000
      -2.7913001
       0.0951000
       0.9815000
       1.2831000
      -1.2225000
      -1.0193000
       1.5658000
       0.9215000
      -2.8303001
       1.0724000
       1.4198000
      -1.6075000
       1.2523000
      -0.7646000
       0.0627000
      -0.7114000
       3.4828000
      -3.9145000
       2.9395001
       0.2533000
      -4.7518001
       4.9106002
      -1.6188999
      -0.2231000
       2.1972001
      -4.9689999
       5.3063998
      -2.7551000
      -2.0857999
       4.8230000
      -5.0469999
       2.4375000
      -0.4277000
      -1.4529001
       2.1064999
      -3.3464999
      -0.0681000
       3.2200999
      -4.5746999
       1.5429000
       0.3683000
      -1.6724000
       1.4031000
      -2.2186000
       2.1182001
      -0.5612000
      -2.3380001
       1.8736000
       0.3289000
      -0.6360000
       0.3834000
       0.4858000
      -0.3791000
       0.7423000
      -0.2443000
       1.2234000
       0.7131000
      -0.5755000
       0.7346000
       0.4565000
       0.3559000
       0.9484000
      -0.5272000
       0.6703000
      -0.0223000
      -0.3174000
       1.6746000
      -1.6205000
       1.2400000
      -0.2202000
       0.4539000
       0.2483000
      -2.7297001
       0.7380000
       1.3879000
      -1.3195000
      -1.6537000
       0.0614000
       1.7146000
      -1.0087000
      -1.1059999
       0.3424000
       1.1259000
      -0.9511000
      -1.4694999
       0.0000000
       0.0000000
       0.0000000
       0.0000000
       0.0000000
       0.5657000
       0.3002000
       0.6073000
      -0.8286000
       0.7502000
       0.6821000
      -2.0409000
       0.6543000
       1.2612000
      -1.9597000
       2.0668001
      -1.5671000
       1.7075000
      -0.0163000
      -2.1269000
       1.8766000
      -0.2103000
       0.1951000
      -1.1560000
      -0.3049000
       1.3575000
      -0.4466000
       0.6472000
      -1.4298000
       1.1284000
      -0.0723000
       1.7427000
      -1.2594000
      -0.9590000
       2.0655999
       1.3206000
      -3.1150999
       0.5076000
       2.3022001
      -1.0154999
      -1.9700000
       1.9773000
      -0.3606000
      -0.9774000
       2.9045999
      -3.8908999
       3.4115000
      -0.5770000
      -3.4533999
       3.9329000
      -2.2704000
       1.4094000
       0.9281000
      -4.8351002
       6.2242999
      -3.0746000
      -0.2196000
       3.3926001
      -4.4284000
       3.3782001
       0.1206000
      -2.2955999
       3.2110000
      -2.9570999
       0.8572000
       3.6745999
      -4.2533998
       2.3515999
      -0.0689000
      -0.2527000
       2.2886000
      -1.6619000
       1.2529000
       0.3811000
      -1.1262000
       1.2182000
       0.3034000
      -0.7237000
       0.3590000
      -1.1250000
       0.3981000
       0.2813000
      -2.4038000
       1.2578000
      -0.2618000
      -2.4700999
      -0.1452000
      -0.0181000
      -1.1388000
      -0.0347000
      -1.1548001
       0.7679000
      -1.7343000
      -0.1023000
       0.6361000
      -1.8474000
       1.8904999
      -0.5543000
      -0.8218000
       0.8544000
      -0.6633000
       0.6447000
       0.6209000
      -0.9002000
       0.3953000
       1.4285001
       0.5164000
      -1.0424000
       0.6101000
      -0.0295000
       1.9338000
       0.0000000
       0.0000000
       0.0000000
       0.0000000
       0.0000000
       0.0000000
      -0.9618000
       1.1166000
      -0.9578000
       0.7726000
      -0.3433000
      -0.4189000
       1.2458000
      -0.3271000
      -0.0081000
       0.1501000
      -0.7800000
       2.5603001
      -1.7284000
       0.3905000
      -0.6696000
       0.0569000
       0.5862000
      -0.7403000
      -0.5314000
      -0.0685000
       0.1829000
       0.5126000
       0.2694000
      -1.9320000
       0.0218000
       3.1884000
      -2.3605001
       0.6906000
      -0.1261000
       0.8011000
       0.3084000
      -0.8109000
       0.3850000
      -0.0430000
       0.6340000
      -0.8305000
      -1.6288000
       2.6299000
      -1.2984000
       0.3949000
       1.9213001
      -3.0274999
       3.6136999
      -1.9498000
      -1.8092999
       4.7577000
      -3.6175001
       1.3578000
       0.8775000
      -3.3822999
       5.7019000
      -3.5947001
       0.3051000
       2.4324000
      -2.8439000
       2.8845999
      -1.0567000
      -2.1498001
       3.4461999
      -3.0162001
       0.5483000
       2.0548999
      -3.0832000
       1.1001000
      -0.2952000
       0.0879000
       0.3350000
      -1.8073000
       1.6375000
      -0.4721000
      -1.9993000
       1.9362000
      -0.3674000
      -0.9027000
       1.8899000
      -2.0120001
       0.5124000
       1.4812000
      -1.4768000
       0.8258000
       0.7737000
      -1.2490000
       1.3156000
       0.5970000
      -0.6882000
       0.6967000
      -0.0871000
       1.6748000
      -1.7482001
      -0.0547000
       0.9363000
      -1.2143000
       0.9689000
       0.0426000
      -1.1978000
       0.3590000
       1.1754000
      -0.5156000
      -1.3511000
       0.0877000
      -0.0927000
       1.0257000
      -1.5596000
      -0.7343000
       1.8203000
       0.0000000
       0.0000000
       0.0000000
       0.0000000
       0.0000000
       0.0000000
       0.0000000
       1.3832999
      -2.0977001
       0.4646000
      -0.0836000
       0.2004000
      -0.0856000
      -0.5848000
       0.8033000
      -0.2685000
      -0.5663000
      -0.2760000
       1.0675000
       1.7414000
      -1.5818000
       0.7792000
      -0.4259000
       0.3739000
      -0.8873000
       0.1264000
      -0.1006000
       0.8707000
       0.4108000
      -1.7695000
       1.0814000
      -0.5666000
      -0.4135000
       2.7966001
      -1.1023999
       0.4369000
      -1.2654999
       2.4584999
      -0.5026000
      -1.4727000
       1.7937000
      -0.1747000
      -0.6062000
      -1.6747000
       1.1327000
       3.0309999
      -4.2570000
       0.6736000
       3.5225000
      -3.5267999
       2.1459999
      -1.1097000
       0.3895000
       2.8657999
      -4.3422999
       1.3835000
       0.7693000
      -1.9507999
       2.2523000
      -3.0739000
       1.8829000
       0.5816000
      -3.1149001
       2.2546999
      -1.1048000
      -1.1801000
       2.6529000
      -1.9492000
      -0.2591000
       1.1207000
      -0.8670000
       0.8244000
      -1.1384000
       0.0687000
       0.9976000
      -1.0151000
       0.2583000
      -0.2184000
      -0.7999000
       1.2779000
      -1.5050000
      -0.9126000
       2.6308999
      -2.0486000
      -0.7970000
       1.2029999
      -0.9165000
      -1.8871000
       1.4720000
      -0.3765000
      -0.5769000
      -0.9243000
       0.0956000
       0.5699000
      -1.0163000
       0.6269000
      -0.9908000
       0.9433000
       0.0478000
      -1.1480000
       0.0104000
       1.4680001
      -0.6810000
      -0.1839000
       1.1354001
      -0.5679000
      -0.2290000
       1.0342000
       0.0870000
       1.4219000
      -0.5336000
       0.0000000
       0.0000000
       0.0000000
       0.0000000
       0.0000000
       0.0000000
       0.0000000
       0.0000000
      -0.9516000
       0.5694000
      -0.8609000
       0.4661000
      -0.0938000
       0.0564000
       0.4500000
      -1.0491000
       0.5584000
      -0.3474000
      -0.1881000
       0.3263000
       1.3103000
      -0.8596000
      -0.7021000
       1.5682000
      -0.9298000
      -0.5226000
      -0.5329000
       1.6815000
      -0.8371000
      -0.7788000
       1.8015000
      -1.4918000
       0.1954000
      -0.2779000
       0.6961000
       1.1745000
      -1.3529000
       1.5779999
      -1.7634000
       2.0857000
      -1.2743000
       0.6639000
       0.9826000
      -2.2149999
       0.9766000
       0.1355000
      -0.5011000
       1.6145999
      -2.6652999
       1.6277000
       1.7575001
      -3.2641001
       2.8768001
      -0.6446000
       0.1109000
       1.3986000
      -2.0118999
       1.6761000
      -0.7783000
      -0.3724000
       1.7314000
      -2.4730000
       2.3492999
      -0.5326000
      -2.6182001
       2.8376000
      -0.4691000
      -1.3649000
       1.0957000
       0.2516000
      -0.6389000
       0.2363000
      -0.0013000
       0.2259000
       0.0437000
      -0.0837000
       0.0594000
       0.0790000
       0.5529000
       0.4758000
      -0.9427000
       0.8105000
      -0.0799000
      -0.3864000
       1.0506001
       0.1411000
      -0.8816000
       0.5029000
       0.6214000
      -1.4837000
       2.1513000
      -0.9106000
      -0.4595000
       0.3531000
       0.5003000
      -1.2498000
       0.5748000
       0.1108000
      -0.8191000
       1.2665000
       0.0880000
      -1.9309000
      -0.1306000
       3.0186000
      -2.2651999
      -0.9015000
       2.0657001
      -0.7385000
      -1.2852000
       0.7004000
       0.5373000
       0.0000000
       0.0000000
       0.0000000
       0.0000000
       0.0000000
       0.0000000
       0.0000000
       0.0000000
       0.0000000
       1.4713000
      -1.7695000
       0.4702000
       0.8524000
       0.1314000
       0.3073000
      -1.1702000
       0.4819000
      -0.4449000
       0.5424000
      -0.5171000
       0.5379000
      -0.1119000
       0.9609000
      -1.2729000
       0.7259000
       0.1901000
      -2.4296000
       0.3388000
       1.5781000
      -0.1745000
      -1.5781000
       0.1604000
       2.1243999
      -1.5007000
      -0.7196000
      -0.0391000
       1.9900000
      -0.6964000
      -0.5297000
       1.0892000
      -1.9994000
       3.1601000
      -1.9565001
      -0.2293000
       0.8535000
      -1.4069000
       0.9960000
       0.2054000
      -0.7434000
       1.1624000
      -2.6687000
       1.6742001
       1.1790000
      -2.9339001
       2.2595000
      -0.8528000
      -0.0726000
       0.5999000
      -0.2671000
       0.2792000
      -1.0256000
       0.1369000
       1.4834000
      -1.6042000
       1.8841000
      -0.6131000
      -0.8514000
       0.9585000
       0.7790000
      -0.1442000
      -0.5593000
       0.4769000
      -0.1415000
       0.1347000
       0.5383000
       0.2100000
      -0.6711000
      -0.0961000
       0.5889000
       0.3857000
      -1.0403000
       0.8798000
      -0.0085000
      -0.2281000
      -0.2409000
      -0.1763000
       0.0872000
       0.0522000
      -2.3178000
       0.5236000
       0.3470000
      -1.9467000
       1.1229000
      -1.9254000
      -0.6936000
       0.0164000
       0.0867000
      -1.9869000
       0.1540000
       0.6761000
      -0.9258000
      -2.2490001
       1.2653000
       0.0061000
      -1.6750000
       1.7721000
      -0.7074000
      -0.5208000
       0.1788000
       0.2329000
       0.4880000
       0.0000000
       0.0000000
       0.0000000
       0.0000000
       0.0000000
       0.0000000
       0.0000000
       0.0000000
       0.0000000
       0.0000000
      -0.7525000
       0.8990000
      -1.4184000
       1.0299000
       1.1228000
      -1.1378000
       1.0597000
      -0.3971000
       0.8994000
      -1.4551001
       0.9812000
       1.1595000
      -1.6513000
      -1.5357000
       2.5313001
      -0.2863000
      -1.5970000
      -0.6122000
       1.7484000
       0.6978000
      -1.8486000
      -0.2447000
       1.4361000
      -0.4613000
      -0.6402000
       0.5436000
      -0.0248000
      -1.2987000
       4.0427999
      -2.7402000
      -0.7118000
       2.4528000
      -1.3908000
       1.8994000
      -1.9568000
       0.1499000
       1.7283000
      -2.2435000
       1.3747000
       0.7581000
      -2.2193000
       2.0571001
      -0.9719000
       0.6173000
       0.7503000
      -0.8563000
       0.0321000
      -0.6492000
       0.8728000
       0.8538000
      -0.7840000
      -0.0595000
       0.5485000
      -0.2485000
       0.3232000
      -0.3210000
       0.6702000
      -1.4347000
       0.6630000
       0.5183000
       0.4598000
      -0.9175000
      -0.5527000
       0.5369000
       0.3806000
       0.8046000
      -0.2926000
      -0.6757000
       1.5769000
      -0.3395000
      -0.6869000
       1.8975000
      -0.2372000
      -0.0016000
       1.1832000
       0.5461000
      -0.1097000
      -0.4149000
       0.8843000
       1.7418000
      -2.1270001
       2.0195000
       0.0553000
      -0.7409000
       1.4911000
      -0.5324000
       0.9031000
      -0.3990000
      -0.0116000
       1.0256000
      -0.8721000
       0.3655000
       0.5365000
      -1.8908000
       1.0888000
       0.7624000
      -0.5953000
      -0.0959000
      -0.4611000
       1.8530000
      -0.4876000
       0.0000000
       0.0000000
       0.0000000
       0.0000000
       0.0000000
       0.0000000
       0.0000000
       0.0000000
       0.0000000
       0.0000000
       0.0000000
       1.0627000
      -2.3862000
       2.3155999
      -1.2937000
      -0.3556000
       1.2538000
      -0.8645000
       1.6876000
      -2.9693999
       2.9073999
      -0.0896000
      -1.3936000
       1.3202000
      -1.1452000
      -0.1786000
       2.4301000
      -1.7523000
      -1.5836999
       0.4844000
       0.4442000
       0.3175000
      -1.2917000
      -0.7639000
       2.3355000
       0.8736000
      -4.9551001
       2.7316000
       2.4216001
      -3.5579000
       3.8078001
      -3.2986000
       0.0378000
       2.8439000
      -1.7640001
      -0.1302000
      -0.8647000
       0.2018000
       1.8269000
      -2.3961000
       0.6711000
      -0.3141000
      -1.6746000
       1.4644001
       0.2948000
      -0.7163000
      -1.0810000
       0.0831000
       0.4631000
      -0.1250000
      -1.0998000
       1.2972000
      -0.8740000
      -0.3731000
       0.5760000
      -1.4833000
      -0.0809000
       1.0217000
      -0.5383000
      -0.7824000
       0.8477000
      -0.4979000
       1.0612000
      -1.4091001
       0.8909000
       0.3760000
      -0.7031000
       1.5716000
       0.6343000
      -1.9693000
       2.4472001
       0.1758000
      -1.3532000
       1.2226000
       1.0317000
      -0.9227000
      -0.2969000
       0.2933000
       0.7623000
      -2.4493999
      -0.4416000
       1.4728000
      -3.5459001
       0.8726000
      -2.2425001
      -0.6872000
      -0.8269000
      -2.5165000
      -0.5973000
      -3.4502001
      -1.9259000
       1.0576000
      -3.9452000
      -3.1152999
      -0.6612000
      -1.8798000
      -1.5741000
      -2.6401999
       0.7122000
      -1.5618000
      -4.2381001
       0.0000000
       0.0000000
       0.0000000
       0.0000000
       0.0000000
       0.0000000
       0.0000000
       0.0000000
       0.0000000
       0.0000000
       0.0000000
       0.0000000
      -3.1728001
       2.1682000
      -1.8353000
       0.7037000
       0.4585000
      -0.1817000
       1.8934000
      -2.8299000
       2.3445001
      -1.3902000
       1.0903000
       0.0815000
      -1.7280999
       0.0452000
       1.0065000
       1.1889000
      -1.5318000
      -1.4560000
       1.3852000
       1.0979000
      -1.3334000
      -0.1041000
       1.4076000
      -0.9118000
      -1.4883000
       4.2519002
      -5.4088998
       1.8591000
       3.0244000
      -4.1380000
       2.5216000
      -0.7789000
       0.4488000
       1.2223001
      -1.7954000
       0.3889000
       0.5322000
      -0.5913000
       0.8234000
      -1.6730000
       1.6585000
      -1.3811001
       0.1328000
       1.2941000
       0.1490000
      -0.7465000
       0.5525000
      -0.3131000
       0.6676000
       1.3505000
      -2.1373000
       1.6819000
       0.4217000
      -0.5050000
       0.3760000
       0.4964000
       1.0107000
       0.2888000
      -1.6589000
       2.6760001
       0.3437000
      -1.3232000
       1.8681000
      -0.9957000
       0.6853000
       0.6932000
      -0.9650000
       0.7620000
       0.7388000
      -1.7472000
       1.0271000
      -0.4496000
      -0.3205000
      -0.4527000
      -0.1112000
      -1.0128000
      -0.5874000
      -2.1451001
       0.5349000
      -3.0629001
       0.4577000
      -0.6753000
      -3.8210001
       0.7342000
      -2.9440000
       0.4236000
       0.0775000
      -3.9863999
       0.6426000
      -0.2936000
      -1.0875000
      -0.2774000
      -1.9852000
       0.9829000
      -0.9638000
      -0.2866000
       0.9224000
      -2.4538000
       0.6875000
       0.0000000
       0.0000000
       0.0000000
       0.0000000
       0.0000000
       0.0000000
       0.0000000
       0.0000000
       0.0000000
       0.0000000
       0.0000000
       0.0000000
       0.0000000
      -0.1383000
      -2.4219000
       2.5474000
       0.1315000
      -0.4765000
       0.7061000
      -0.5151000
       1.4871000
      -2.8089001
       1.8852000
      -1.3704000
       1.0767000
      -0.8532000
      -0.1888000
       1.1041000
      -0.8863000
       0.6616000
      -0.5579000
      -0.3905000
      -0.7296000
       1.6245000
      -1.0765001
      -1.8396000
       2.2567000
       0.6316000
      -3.9015000
       5.0862999
      -4.3143001
       1.9013000
       1.3710001
      -3.6603999
       2.7832000
       0.7845000
      -1.0065000
       0.1301000
      -0.3753000
       0.2071000
      -0.7436000
       0.5056000
       0.6367000
      -2.3666000
       1.4703000
      -0.5823000
       0.0800000
       0.0329000
       0.2677000
      -1.6014000
       1.9701999
      -1.1930000
      -0.3859000
       1.3254000
      -1.8071001
       0.1421000
       0.0267000
      -0.9447000
       0.7002000
      -0.9051000
      -0.8949000
       1.1866000
      -2.5824001
       1.0063000
      -1.2782000
      -0.5127000
       0.6847000
      -1.1761000
      -0.1262000
      -0.0408000
      -1.1454999
       0.8121000
       0.0001000
      -0.6211000
      -0.2711000
       0.3538000
       1.4562000
      -0.9680000
       0.4605000
       1.4097000
       0.8470000
      -0.7259000
       2.9628000
      -1.2401000
       3.9784999
      -1.0374000
      -0.5686000
       4.7874999
      -0.6113000
       1.3140000
       1.6384000
       0.0905000
       4.2370000
       0.1605000
       0.4541000
       3.0802000
      -0.3462000
       2.0899999
      -0.0099000
       1.0861000
       1.7569000
       0.0000000
       0.0000000
       0.0000000
       0.0000000
       0.0000000
       0.0000000
       0.0000000
       0.0000000
       0.0000000
       0.0000000
       0.0000000
       0.0000000
       0.0000000
       0.0000000
      -1.5416000
       1.8467000
      -2.1881001
       2.2669001
      -0.2550000
       0.0512000
       0.4728000
      -1.1667000
       0.9995000
      -1.7183000
       2.2644999
      -2.2788999
       1.0997000
      -0.3397000
      -0.8568000
       0.5627000
       0.0536000
      -0.4047000
      -1.2746000
       2.0667000
      -0.9563000
       0.3918000
       0.5356000
      -2.7314999
       0.9998000
       2.9977000
      -4.0451002
       3.4400001
      -1.9801000
       1.1145999
      -0.7927000
      -0.7148000
       1.9791000
       0.8034000
      -1.0818000
      -0.2160000
       0.4001000
       0.4656000
      -1.3990000
       0.4619000
       0.4902000
      -2.2825999
       2.0445001
      -0.3824000
      -1.3322001
       0.3848000
       1.3017000
      -1.4176000
       1.5635999
      -0.7933000
      -0.0849000
       0.6648000
      -1.0281000
      -0.5244000
       0.5258000
      -0.9978000
       0.5563000
      -1.0431000
      -0.0476000
       1.0581000
      -1.7193000
      -0.0905000
      -0.9294000
       1.0783000
      -0.8513000
      -1.6665000
       0.6033000
      -0.1214000
      -0.6421000
       0.0370000
      -1.7896000
       1.5505000
      -1.1246001
      -1.2589999
       0.7403000
      -0.6972000
      -0.6443000
       0.6351000
      -1.7333000
      -0.1497000
       2.1250999
      -3.5307000
       2.6967001
      -2.3879001
      -0.3214000
       2.6738999
      -2.7936001
       0.3694000
       1.8943000
      -2.0748000
       2.5267000
      -1.6337000
       0.5432000
       1.0512000
      -1.6008000
       1.2603000
       0.2027000
       0.0000000
       0.0000000
       0.0000000
       0.0000000
       0.0000000
       0.0000000
       0.0000000
       0.0000000
       0.0000000
       0.0000000
       0.0000000
       0.0000000
       0.0000000
       0.0000000
       0.0000000
       0.6050000
      -0.9552000
       1.2920001
      -0.5809000
       0.9825000
      -0.0506000
      -0.7846000
      -0.6954000
       1.4936000
      -0.2695000
      -2.3715000
       3.5523000
      -2.0576999
       1.5965000
      -1.1536000
       0.5145000
       0.4538000
      -1.8148000
       1.9568000
      -1.8016000
       1.6829000
      -0.1184000
      -1.0885000
      -0.0576000
      -0.1769000
      -0.2604000
       2.2462001
      -1.7665000
       1.3142999
      -0.2997000
       0.9226000
      -2.2518001
       2.0383000
       0.4598000
      -0.7523000
       1.3350000
      -1.1339999
      -0.4216000
       1.7819999
      -1.1370000
      -0.3870000
       1.5373000
      -1.2438999
       0.7918000
      -0.0843000
      -0.8082000
       0.6547000
       0.5452000
      -0.5668000
       0.7922000
      -1.0028000
      -0.4402000
       1.0711000
       0.0188000
      -1.0236000
       0.4717000
      -0.3920000
       0.3097000
      -0.2900000
       0.4858000
      -0.4934000
      -0.3539000
       0.6131000
      -1.1134000
       0.3870000
      -0.1371000
      -0.5862000
       0.6776000
      -1.4605000
      -0.1970000
       0.9110000
      -2.3361001
       1.8884000
      -1.1187000
      -0.5273000
       0.9748000
      -0.0764000
      -2.6329000
       1.9145000
      -1.9504000
       0.5798000
       0.6344000
      -3.5283999
       2.5564001
      -1.2034000
      -1.1338000
       1.1858000
      -1.6209000
       0.0730000
       0.2616000
      -2.1808000
       1.9144000
      -1.9406000
       0.4277000
      -0.3020000
      -0.1131000
       0.0000000
       0.0000000
       0.0000000
       0.0000000
       0.0000000
       0.0000000
       0.0000000
       0.0000000
       0.0000000
       0.0000000
       0.0000000
       0.0000000
       0.0000000
       0.0000000
       0.0000000
       0.0000000
       0.2481000
       1.3760999
      -0.2783000
       0.4281000
       0.2724000
       0.2513000
      -2.0964000
       1.6737000
      -1.2711000
       1.1120000
       0.0574000
      -2.4154999
       3.1947000
      -2.3849001
       1.6490999
      -2.6925001
       1.7514000
       1.9141999
      -5.1071000
       3.5432999
       1.1172000
      -0.7891000
      -1.0589000
       0.9995000
      -0.1441000
      -0.1502000
      -1.5161000
       2.3571000
      -0.0299000
      -1.4590000
       0.4330000
       2.2887001
      -3.3750000
       2.7353001
      -0.3644000
      -1.6522000
       1.3568000
      -0.0849000
      -0.3670000
       0.0366000
       0.2132000
      -0.3186000
       1.4763000
      -2.0281999
       0.5931000
      -0.6053000
       0.4543000
       1.2103000
      -1.4292001
      -0.2733000
       0.2570000
       0.4763000
      -0.4058000
      -0.2608000
       1.0114000
       0.1861000
      -1.2883000
       0.0001000
       0.6909000
       0.3352000
      -0.0878000
      -1.2649000
       2.1949000
       0.2115000
      -2.2419000
       0.9232000
       1.4868000
      -1.3181000
       1.1975000
      -1.3322001
       1.4471000
       1.6360000
      -1.9564000
       1.1569000
       1.4689000
       0.0036000
       0.1504000
       1.1421000
      -1.6150000
       3.3385999
      -1.8344001
       1.6380000
       0.5803000
      -0.6210000
       1.1184000
      -0.1458000
       0.2142000
       0.7438000
      -1.0067000
       2.2016001
      -0.0891000
      -0.6953000
       1.4782000
      -0.8519000
       1.5939000
       0.0000000
       0.0000000
       0.0000000
       0.0000000
       0.0000000
       0.0000000
       0.0000000
       0.0000000
       0.0000000
       0.0000000
       0.0000000
       0.0000000
       0.0000000
       0.0000000
       0.0000000
       0.0000000
       0.0000000
       1.3221999
       0.2560000
       0.1036000
       0.5760000
       0.8234000
      -0.5015000
       0.8522000
      -2.0020001
       2.5225999
      -0.8077000
      -2.0269001
       1.2898999
      -0.0670000
       1.0000000
      -2.6738000
       4.6373000
      -2.8994000
      -0.9843000
       3.8982000
      -3.6717000
       2.6092999
      -1.0158000
      -0.2331000
       0.3088000
       0.1292000
      -1.2982000
       1.7700000
      -0.6786000
       0.2593000
       1.4305000
      -0.7482000
      -0.2657000
       1.5707999
      -1.8688999
       3.6268001
      -2.6291001
      -0.7258000
       1.4305000
      -0.5364000
      -0.1733000
      -1.1098000
       0.9296000
       0.3268000
       0.5456000
      -2.7664001
       2.5246000
      -0.9524000
       0.1960000
       0.6086000
      -0.8632000
       0.7988000
      -0.4811000
      -0.3152000
       0.9393000
       0.3332000
      -0.7175000
       0.1036000
       0.1088000
       1.5130000
      -2.3405001
      -0.0808000
       1.6373000
      -1.7716000
       0.6259000
      -0.0913000
      -1.2653000
       1.0561000
       1.4572999
      -2.4033999
       1.3092999
      -0.8961000
       1.4212000
       0.0622000
      -1.1883000
       0.1546000
       2.3487999
      -1.7623000
       1.0314000
       0.7387000
      -1.3654000
       1.9127001
      -1.6115000
       1.4601001
      -1.4937000
       0.5494000
       0.0909000
      -1.5821000
       0.7782000
       1.2237999
      -1.9618000
       1.9421999
      -1.1578000
       0.7018000
       0.6300000
       0.0000000
       0.0000000
       0.0000000
       0.0000000
       0.0000000
       0.0000000
       0.0000000
       0.0000000
       0.0000000
       0.0000000
       0.0000000
       0.0000000
       0.0000000
       0.0000000
       0.0000000
       0.0000000
       0.0000000
       0.0000000
      -0.8726000
       1.1221000
       0.6891000
      -0.3672000
       0.6039000
       0.9984000
      -1.6125000
       0.8347000
       0.2756000
      -0.7668000
       0.2372000
      -0.0141000
       0.1877000
      -0.7842000
       1.2948000
      -3.6154001
       4.1362000
      -1.2357000
      -2.6768999
       4.2873001
      -3.6677999
       2.1875000
      -0.0676000
      -0.6055000
       0.0397000
       0.1642000
      -1.6781000
       3.0211999
      -1.4665000
      -1.7200000
       1.9663000
      -0.8038000
       0.2240000
       1.5475000
      -2.7550001
       4.4576998
      -3.4356999
       0.9925000
       1.2692000
      -1.5723000
      -0.1517000
       0.6087000
       0.9775000
      -0.9497000
       0.5528000
      -1.8687000
       2.9015000
      -1.8426000
       0.3270000
       1.3268000
      -1.5759000
      -0.6162000
       1.3709000
      -0.6564000
       0.5876000
      -1.0459000
      -0.2029000
       1.7400000
      -0.9795000
       1.3793000
      -2.5151000
       0.4160000
       2.9675000
      -1.6305000
      -1.7207000
       1.7500000
       0.4534000
      -0.9720000
      -0.6805000
      -0.7559000
       1.6623000
      -1.4071000
      -0.1365000
       0.9417000
      -1.4305000
      -1.5369999
       3.0256000
      -1.9130000
       0.6450000
      -0.7033000
      -0.2676000
       0.3105000
      -1.8435000
       2.6819000
      -2.6956999
       0.4768000
       1.4398000
      -2.6608000
       0.2159000
       0.6725000
      -1.9697000
       1.3701000
      -2.5104001
       0.0000000
       0.0000000
       0.0000000
       0.0000000
       0.0000000
       0.0000000
       0.0000000
       0.0000000
       0.0000000
       0.0000000
       0.0000000
       0.0000000
       0.0000000
       0.0000000
       0.0000000
       0.0000000
       0.0000000
       0.0000000
       0.0000000
      -1.6386000
       1.0056000
      -0.8450000
       0.5596000
      -0.6318000
      -1.2232000
       1.1892000
      -1.0183001
      -0.8433000
       2.1547999
      -1.5876000
       0.4862000
      -0.0900000
       0.3885000
      -0.6497000
       2.4888999
      -3.0316999
       2.1380000
       1.0930001
      -3.0518999
       2.8785000
      -2.2272999
       2.5702000
      -1.4066000
      -1.7955000
       0.7060000
       1.5219001
      -1.7460999
       1.3038000
      -0.3160000
      -0.6429000
       2.1278999
      -1.8408999
       0.4219000
       1.8904999
      -3.6450000
       5.2536998
      -2.3269000
       1.0792000
      -1.0448999
      -0.1496000
       1.0199000
      -0.2185000
       0.0609000
      -0.1872000
       0.0959000
      -0.6627000
       1.9390000
      -1.6758000
       0.5128000
       1.6539000
      -1.2887000
      -0.8941000
       2.2158999
      -1.2808000
       0.0555000
      -1.7129000
       1.4816999
       1.9904000
      -4.4632001
       1.9263999
       1.2980000
      -1.6976000
      -0.2326000
      -0.0291000
      -0.9178000
       1.2818000
      -0.7655000
      -0.5184000
       0.4429000
      -2.0948000
       1.5031000
       0.7488000
      -2.5982001
       0.5654000
       0.5056000
      -1.2507000
       1.4995000
      -2.5214000
       1.3035001
      -1.2381001
       0.8192000
      -1.3115000
      -1.9866000
       2.6513000
      -2.4284999
      -0.5722000
       1.9438000
      -3.1408999
       1.5294000
      -0.0396000
      -1.6165000
       0.0000000
       0.0000000
       0.0000000
       0.0000000
       0.0000000
       0.0000000
       0.0000000
       0.0000000
       0.0000000
       0.0000000
       0.0000000
       0.0000000
       0.0000000
       0.0000000
       0.0000000
       0.0000000
       0.0000000
       0.0000000
       0.0000000
       0.0000000
      -0.5992000
      -1.2654999
       1.0920000
       0.2814000
      -0.3751000
      -1.1379000
      -0.3138000
       0.7142000
       1.2110000
      -2.3638000
       3.6445000
      -1.7016000
       0.2791000
       1.4038000
      -0.1126000
      -2.1152000
       2.8062999
      -1.7594000
       0.7225000
       0.6071000
      -2.1535001
       2.2546000
      -2.5095000
       2.3081999
      -0.8780000
      -1.5365000
       1.4487000
       0.7162000
      -2.7162001
       2.2665000
       0.5479000
      -2.2244000
       2.2565999
      -0.6363000
      -0.8423000
       1.3160000
      -1.7527000
       4.1992998
      -2.8972001
       0.8437000
      -0.7811000
      -0.2534000
       1.4075000
       0.0548000
      -1.5419000
       0.6624000
       0.8246000
      -1.4730999
       0.3971000
       1.8214000
      -0.9966000
      -0.7152000
       0.3749000
       0.7998000
       0.1109000
      -2.2983000
       3.2425001
      -1.3769000
      -1.2620000
       2.4642000
      -1.9243000
       0.0262000
       1.5953000
      -0.8422000
      -0.2475000
       0.3724000
      -0.7127000
       1.2778000
      -0.8836000
      -1.1184000
       2.1062000
      -1.4143000
      -0.1260000
       1.7601000
      -2.4727001
       0.6613000
       0.8604000
       0.2510000
       1.2610000
      -1.9426000
       2.4242001
      -2.1438000
       1.1306000
       1.2143000
      -1.4634000
       1.9421999
      -1.5139000
      -0.2398000
       1.9656000
      -2.1359000
       1.8928000
       0.0000000
       0.0000000
       0.0000000
       0.0000000
       0.0000000
       0.0000000
       0.0000000
       0.0000000
       0.0000000
       0.0000000
       0.0000000
       0.0000000
       0.0000000
       0.0000000
       0.0000000
       0.0000000
       0.0000000
       0.0000000
       0.0000000
       0.0000000
       0.0000000
      -1.3595001
       0.3138000
      -1.4208000
       0.5341000
      -0.8887000
       0.0934000
       0.1862000
       0.9499000
      -2.1645000
       0.8809000
      -0.3606000
       2.9870999
      -2.1040001
      -0.4373000
       1.6009001
       0.6727000
      -3.1984000
       3.3627000
      -0.5798000
      -0.6057000
      -0.0374000
      -0.3977000
       1.9687999
      -3.0915000
       1.2529000
       1.1991000
      -1.2998000
      -0.5356000
       1.8494999
      -1.1118000
      -0.6072000
       2.5120001
      -0.9832000
       0.0397000
       0.1251000
      -0.5316000
       0.3818000
      -0.8044000
       2.2688999
      -2.3852000
       0.6596000
      -0.0456000
      -0.6461000
       0.1325000
       1.0042000
      -1.2773000
      -0.6968000
       0.2508000
       1.1719000
      -0.8993000
      -0.2668000
       0.1025000
       0.6369000
      -1.3573999
       0.5000000
       1.3234000
      -2.7086000
       1.7914000
      -0.0544000
      -1.8043000
       1.9541000
      -0.3291000
      -0.1898000
       0.9416000
      -1.1582000
      -0.2934000
       2.3738999
      -1.9598000
      -0.6150000
       1.6454999
      -1.3362000
       1.5901999
      -0.7912000
      -1.0760000
       2.0531001
      -1.4099000
       0.9412000
      -0.3472000
       0.7164000
       0.3105000
      -1.5196000
       1.6868000
      -0.8955000
       0.2001000
       1.5481000
      -1.4821000
       1.5553000
      -1.9822000
       0.6497000
       1.9707000
       0.0000000
       0.0000000
       0.0000000
       0.0000000
       0.0000000
       0.0000000
       0.0000000
       0.0000000
       0.0000000
       0.0000000
       0.0000000
       0.0000000
       0.0000000
       0.0000000
       0.0000000
       0.0000000
       0.0000000
       0.0000000
       0.0000000
       0.0000000
       0.0000000
       0.0000000
       1.3316000
      -1.3720000
       1.9569000
      -0.2143000
       0.7750000
      -0.1712000
       1.6485000
       0.2415000
       0.7920000
      -1.7809000
       0.8544000
       0.3552000
       0.3861000
       0.3406000
      -0.3644000
      -1.3597000
       2.4158001
      -2.2693000
       1.1436000
      -0.0187000
       1.4218000
      -2.2298999
      -1.1815000
       2.2441001
      -0.7716000
      -0.4706000
       0.4297000
       0.4523000
      -0.9148000
       0.3444000
       1.4425000
      -2.4454000
       0.7836000
       1.8469000
      -1.1664000
      -1.3117000
       1.5303000
       0.3475000
      -0.7727000
       0.5100000
       0.3652000
      -0.8206000
      -0.1329000
       0.3530000
      -0.0167000
       0.1651000
      -1.1343000
       1.2282000
      -0.7364000
      -0.2583000
       0.5683000
       0.0109000
      -0.8337000
       0.9688000
      -1.2211000
      -0.0751000
       2.2384000
      -2.2850001
       0.6588000
       1.3929000
      -1.2294000
       0.5017000
       0.4811000
      -1.2079999
       0.8775000
       0.7990000
      -1.7236000
       2.4115000
      -1.6418000
      -1.2848001
       2.2760999
      -1.5658000
       0.2195000
       0.0517000
       0.0279000
      -0.0625000
      -1.0247000
       1.2242000
       0.0333000
       0.1876000
       0.2912000
      -1.6355000
       1.4009000
      -0.7145000
       0.6759000
       1.1540999
      -1.6127000
       1.1519001
       0.2071000
       0.0000000
       0.0000000
       0.0000000
       0.0000000
       0.0000000
       0.0000000
       0.0000000
       0.0000000
       0.0000000
       0.0000000
       0.0000000
       0.0000000
       0.0000000
       0.0000000
       0.0000000
       0.0000000
       0.0000000
       0.0000000
       0.0000000
       0.0000000
       0.0000000
       0.0000000
       0.0000000
       0.7334000
       1.6809000
      -2.2556000
       1.7703000
      -0.0854000
       0.5863000
      -0.0110000
      -0.3165000
      -0.5254000
       0.0736000
      -2.1163001
       1.1195000
       1.8484000
      -1.9915000
      -0.1009000
       0.8858000
      -2.0926001
       1.3274000
      -1.6223000
       2.2474000
      -1.6948000
       1.1237000
      -1.4754000
      -0.9202000
       1.1769000
       0.6155000
      -1.1702000
      -0.8601000
       2.3996999
       0.2181000
      -3.3309000
       2.4628999
       0.5900000
      -1.6779000
       1.9615000
       0.3332000
      -2.0130000
       0.0137000
       0.8112000
       0.9524000
      -1.5662000
       0.7067000
      -1.1299000
       1.0500000
      -0.3107000
      -0.4041000
       0.3684000
      -1.2711999
       2.7809000
      -1.1124001
      -1.6709000
       2.6400001
       0.3830000
      -2.6538000
       1.6270000
       0.7040000
      -1.7033000
       1.0138000
      -1.2836000
       0.2373000
       1.4052000
      -0.5650000
      -0.8989000
       0.2921000
      -0.4544000
       0.0352000
       1.5193000
      -1.5495000
       0.6960000
      -0.7976000
       0.8214000
       0.3817000
      -1.9457999
       1.2181000
       0.5133000
       0.1408000
      -0.2753000
      -0.5213000
       1.1888000
      -0.9881000
       0.0060000
       0.7982000
      -1.4433000
       1.0432000
      -0.5678000
      -0.7351000
       0.7211000
      -0.9172000
       0.0000000
       0.0000000
       0.0000000
       0.0000000
       0.0000000
       0.0000000
       0.0000000
       0.0000000
       0.0000000
       0.0000000
       0.0000000
       0.0000000
       0.0000000
       0.0000000
       0.0000000
       0.0000000
       0.0000000
       0.0000000
       0.0000000
       0.0000000
       0.0000000
       0.0000000
       0.0000000
       0.0000000
       1.7665000
      -0.2527000
       1.6461000
      -2.7955999
       1.5096999
       1.8687000
      -1.3523999
      -1.1173000
       1.5876000
      -0.7112000
      -1.5417000
       0.8289000
      -0.0169000
       0.6228000
      -0.4402000
      -0.7825000
       0.6326000
      -0.9870000
       0.4538000
      -1.0118001
       3.4538000
      -2.6760001
      -0.2040000
      -0.8760000
       2.0121000
      -0.7568000
      -1.9241000
       2.2467000
       0.7581000
      -1.1820000
       0.9665000
      -1.4779000
       1.0487000
       1.3899000
      -2.4024000
       1.8429000
       0.5942000
      -2.7828000
       0.9160000
       1.8623000
       0.8409000
      -2.9583001
       1.6768000
      -1.0460000
       2.4453001
      -2.0414000
      -1.0903000
       2.6688001
      -2.2172000
       0.5963000
       0.9078000
      -0.9463000
       0.4092000
       0.9742000
      -1.7609000
       1.1258000
       0.8561000
      -2.3964000
       1.2538000
       0.1947000
       0.1949000
      -0.3448000
       0.5981000
      -1.2334000
       0.4039000
       0.5513000
      -0.3041000
       0.0996000
      -0.1538000
       0.5540000
      -1.5936000
       1.9118000
      -1.2465000
      -1.1574000
       1.8860000
      -0.7338000
      -0.1145000
      -0.1706000
      -0.8404000
       1.7373000
      -0.1593000
      -0.8616000
       0.6478000
      -0.2548000
       0.9810000
       0.1728000
      -1.6712000
       0.0000000
       0.0000000
       0.0000000
       0.0000000
       0.0000000
       0.0000000
       0.0000000
       0.0000000
       0.0000000
       0.0000000
       0.0000000
       0.0000000
       0.0000000
       0.0000000
       0.0000000
       0.0000000
       0.0000000
       0.0000000
       0.0000000
       0.0000000
       0.0000000
       0.0000000
       0.0000000
       0.0000000
       0.0000000
       0.1241000
       2.2858000
      -2.1377001
       1.7615000
      -1.2478000
       0.5917000
       0.0400000
      -0.3446000
      -0.1522000
       0.2886000
      -0.6940000
      -1.1921999
       2.4735000
      -0.6735000
      -1.9112000
       1.0582000
      -0.4422000
      -0.6233000
      -0.0013000
       1.0117000
      -1.4665000
       2.1882999
      -2.7242000
       1.2891999
      -0.9402000
       0.0842000
       1.0529000
      -0.8495000
       1.1677001
      -0.2092000
      -1.9507000
       1.1159000
       0.6707000
      -1.1329000
       2.5653000
      -0.9895000
      -0.8070000
       0.4816000
       0.7089000
      -0.7121000
       0.3798000
       0.1398000
      -2.1063001
       2.9763000
      -2.7142000
       1.2452000
       0.2806000
      -0.9442000
       1.5216000
      -1.2372000
      -0.1388000
       1.2288001
       0.5611000
      -2.4222000
       1.9589000
       0.0538000
      -1.3479000
       0.7917000
      -0.3057000
       0.0885000
      -0.3027000
       1.6674000
      -2.2514999
       0.5036000
       0.6463000
       0.1970000
      -0.4134000
       0.5673000
      -1.4954000
       0.5725000
       1.0623000
      -1.6227000
       1.6741000
      -1.1731000
       0.4592000
       1.0057000
      -1.3133000
       1.1905000
       0.5896000
      -1.5949000
       0.2761000
       0.4947000
      -0.0562000
       0.1330000
      -0.7079000
      -0.3306000
       0.0000000
       0.0000000
       0.0000000
       0.0000000
       0.0000000
       0.0000000
       0.0000000
       0.0000000
       0.0000000
       0.0000000
       0.0000000
       0.0000000
       0.0000000
       0.0000000
       0.0000000
       0.0000000
       0.0000000
       0.0000000
       0.0000000
       0.0000000
       0.0000000
       0.0000000
       0.0000000
       0.0000000
       0.0000000
       0.0000000
      -0.1007000
      -0.1087000
       0.5076000
      -1.3706000
       0.2786000
       1.3062000
      -1.2790000
      -0.7378000
       1.1825000
       1.4878000
      -0.7532000
      -0.1998000
      -0.0883000
       1.3458000
      -0.0594000
      -1.3157001
       0.0811000
       1.3253000
      -1.5822999
       0.5893000
       2.1968000
      -1.7253000
       1.5287000
      -1.9263999
       0.6950000
       0.1823000
       0.2147000
      -0.1394000
       0.4734000
       1.0383000
      -1.4970000
      -0.1911000
       0.4148000
       0.8222000
      -0.9130000
       1.2710000
      -0.7521000
      -0.6006000
      -0.6799000
       2.3675001
      -1.5010999
      -0.9088000
       1.0913000
      -1.0349000
       1.4830000
      -2.5330999
       1.1517000
       1.0094000
      -1.2534000
      -0.6596000
       0.6376000
       1.3476000
      -1.4061000
       1.6045001
      -2.2948999
       1.7956001
       0.8120000
      -1.8084000
      -0.5574000
       1.5440000
       0.5766000
      -2.8123000
       2.3113999
      -1.4081000
      -0.5875000
       1.5263000
       0.4115000
      -1.7519000
       0.8587000
      -1.1629000
       1.3602999
       0.0046000
      -1.8195000
       2.1835999
      -0.4806000
       0.3193000
       0.3571000
      -1.1866000
       1.1861000
       0.3477000
      -1.3261000
       0.9029000
       0.1956000
      -0.5612000
      -0.3349000
       0.0000000
       0.0000000
       0.0000000
       0.0000000
       0.0000000
       0.0000000
       0.0000000
       0.0000000
       0.0000000
       0.0000000
       0.0000000
       0.0000000
       0.0000000
       0.0000000
       0.0000000
       0.0000000
       0.0000000
       0.0000000
       0.0000000
       0.0000000
       0.0000000
       0.0000000
       0.0000000
       0.0000000
       0.0000000
       0.0000000
       0.0000000
       0.0548000
      -1.1467000
       0.9398000
       0.4702000
       0.9894000
      -1.1193000
       1.0875000
      -0.1080000
      -0.6843000
       0.2419000
       0.8955000
      -0.5339000
       0.3228000
      -0.4095000
       0.0236000
       0.2120000
      -0.2044000
      -0.9849000
       1.5678999
      -1.1444000
      -0.2542000
       2.1458001
      -1.9670000
       0.0470000
       0.1233000
      -0.0329000
      -0.3087000
       1.5660000
      -0.7160000
      -0.8419000
       1.7237000
      -1.6724000
       0.5249000
      -0.0549000
       1.1802000
      -0.5036000
      -0.2515000
      -0.3632000
       1.4784000
      -1.6346000
       1.6291000
      -1.3422000
       0.1365000
      -0.2930000
      -1.5785000
       1.1924000
      -1.1890000
       0.0555000
       0.5552000
       0.1273000
      -0.8523000
       0.4418000
       1.0733000
      -2.4029000
       3.2191999
      -1.4322000
      -0.0298000
       0.4131000
       0.4576000
      -1.1165000
       0.2627000
       1.9883000
      -2.4584999
       0.7667000
       0.1778000
       0.3418000
       0.8627000
      -1.3397000
      -1.0777000
       2.2248001
      -1.8411000
       1.3902000
      -0.5176000
      -1.3232000
       2.9418001
      -0.9413000
      -1.3468000
       0.8735000
       0.6339000
      -0.1188000
      -0.7830000
       0.1207000
       0.2969000
      -0.0088000
       0.0000000
       0.0000000
       0.0000000
       0.0000000
       0.0000000
       0.0000000
       0.0000000
       0.0000000
       0.0000000
       0.0000000
       0.0000000
       0.0000000
       0.0000000
       0.0000000
       0.0000000
       0.0000000
       0.0000000
       0.0000000
       0.0000000
       0.0000000
       0.0000000
       0.0000000
       0.0000000
       0.0000000
       0.0000000
       0.0000000
       0.0000000
       0.0000000
      -0.6540000
      -0.7685000
      -0.4449000
       0.8673000
      -0.2752000
      -0.5389000
       0.2477000
      -0.7234000
      -0.0844000
      -1.3666000
      -0.6216000
       1.6177000
      -1.3437001
       1.0012000
       1.0432000
      -1.1803000
       0.5232000
       2.2709000
      -2.0181000
       0.8437000
       0.1793000
       0.2780000
       1.0183001
      -0.7104000
      -0.6004000
       1.3284000
       0.5929000
      -3.1025000
       1.2400000
       1.7606000
      -0.9857000
       0.0510000
      -2.0230000
       2.7772000
      -0.6059000
      -1.2345001
       0.5669000
       0.9616000
      -1.8113000
       1.3784000
      -0.6268000
       1.4134001
      -1.9289000
       1.0581000
       0.7676000
      -2.2047999
       0.5905000
       0.7740000
      -1.1670001
      -0.4524000
       1.4265000
      -1.0157000
      -0.7203000
       0.7169000
      -1.6523000
       2.0023999
      -0.9485000
       0.6876000
      -1.0130000
       0.5622000
       0.6641000
      -0.6477000
       1.0675000
      -1.1000000
       1.6454999
       0.4006000
      -1.2922000
       2.1808000
      -0.7748000
      -1.4488000
       2.5785999
      -2.0966001
       0.3210000
      -0.2011000
      -1.1007000
       1.2441000
      -0.5310000
      -0.4627000
       0.1571000
       0.2278000
      -0.2905000
      -0.1785000
       0.6055000
       0.0000000
       0.0000000
       0.0000000
       0.0000000
       0.0000000
       0.0000000
       0.0000000
       0.0000000
       0.0000000
       0.0000000
       0.0000000
       0.0000000
       0.0000000
       0.0000000
       0.0000000
       0.0000000
       0.0000000
       0.0000000
       0.0000000
       0.0000000
       0.0000000
       0.0000000
       0.0000000
       0.0000000
       0.0000000
       0.0000000
       0.0000000
       0.0000000
       0.0000000
      -0.1985000
      -0.8662000
       1.8166000
       0.2000000
       1.3782001
      -0.9269000
      -0.0988000
       0.9923000
      -1.7449000
      -0.0111000
      -1.0467000
      -1.0251000
       1.1447001
      -1.1713001
      -0.8705000
       1.0523000
       0.6498000
      -1.4998000
       2.1749001
      -0.6690000
      -1.4559000
       0.3910000
       0.0100000
      -0.9509000
       2.1512001
      -1.5125000
      -0.4879000
       2.2592001
      -2.8501000
       1.2546000
       2.3382001
      -2.5469000
       0.4933000
      -0.6487000
       2.2124000
      -0.8692000
      -2.0501001
       1.3687000
       1.7154000
      -2.7232001
       0.7621000
       0.2628000
       1.4733000
      -2.2399001
      -0.0425000
       2.9658000
      -2.1083000
      -1.7449000
       2.9065001
       0.9947000
      -1.9804000
       0.4844000
       1.8471000
      -0.4506000
      -1.3013999
       0.0549000
       1.4150000
      -1.9242001
       0.9138000
      -0.9169000
       0.5627000
       0.7069000
      -1.7605000
       1.1286000
      -1.2551000
       0.6599000
       2.3343999
      -3.1812999
       1.1496000
       1.2243000
      -1.9993000
       1.7086999
      -0.8836000
       0.7878000
      -0.1647000
      -0.3726000
       0.2521000
       0.5099000
      -0.0642000
      -0.6706000
       0.7288000
      -0.8973000
       0.0000000
       0.0000000
       0.0000000
       0.0000000
       0.0000000
       0.0000000
       0.0000000
       0.0000000
       0.0000000
       0.0000000
       0.0000000
       0.0000000
       0.0000000
       0.0000000
       0.0000000
       0.0000000
       0.0000000
       0.0000000
       0.0000000
       0.0000000
       0.0000000
       0.0000000
       0.0000000
       0.0000000
       0.0000000
       0.0000000
       0.0000000
       0.0000000
       0.0000000
       0.0000000
       1.5572000
      -0.0114000
      -1.1955000
       2.3819001
      -1.2993000
      -0.2958000
       1.8850000
      -0.8349000
       0.3188000
      -2.8194001
       2.1626999
       0.5573000
      -2.2718999
       0.3035000
      -0.7034000
      -0.0037000
       0.0542000
       0.5506000
      -0.1728000
       1.4801000
      -0.1866000
       0.1929000
      -0.7637000
       0.4882000
      -0.6382000
       2.3859999
      -0.8241000
      -2.1810999
       2.2138000
       0.0731000
      -0.2345000
       0.5031000
      -1.7882000
       2.3243999
      -0.7177000
      -0.8476000
       0.3807000
       0.5264000
      -0.6754000
       0.0555000
      -0.4379000
       0.7813000
      -1.2544000
      -0.2233000
       1.3272001
      -1.0956000
       0.5110000
      -0.4037000
       0.2006000
       0.8248000
      -0.8513000
       0.7315000
      -1.0684000
       1.0115000
      -0.0601000
      -1.2713000
       0.9915000
       0.3305000
      -2.7718000
       1.9752001
      -0.2023000
      -0.4198000
       0.7349000
      -1.7696000
       1.8590000
      -0.1306000
      -2.1087000
       2.4110000
      -0.6325000
      -0.0551000
      -0.6693000
      -0.4834000
       2.7388000
      -1.8651000
      -1.5706000
       1.2830000
       1.7135000
      -2.1896999
       0.8930000
       1.5303000
      -1.8498000
       0.0000000
       0.0000000
       0.0000000
       0.0000000
       0.0000000
       0.0000000
       0.0000000
       0.0000000
       0.0000000
       0.0000000
       0.0000000
       0.0000000
       0.0000000
       0.0000000
       0.0000000
       0.0000000
       0.0000000
       0.0000000
       0.0000000
       0.0000000
       0.0000000
       0.0000000
       0.0000000
       0.0000000
       0.0000000
       0.0000000
       0.0000000
       0.0000000
       0.0000000
       0.0000000
       0.0000000
      -1.4066000
       1.2871000
       0.3030000
       0.5219000
       1.0189000
      -0.7815000
       0.0339000
       2.0244999
      -2.9388001
       1.9382000
      -0.4279000
       1.4224000
       1.3552001
      -2.8111000
      -0.1132000
       0.5999000
       0.5443000
      -1.4553000
       0.9124000
       1.0271000
       0.3824000
      -2.7172999
       1.2602000
      -0.7595000
      -0.9118000
       0.7827000
       0.3506000
      -1.1928999
       0.1158000
       1.8530999
      -0.7275000
      -0.8945000
       1.5367000
      -1.5955000
       1.4101000
       0.0371000
      -1.9664000
       0.6251000
       1.4276000
      -0.8803000
      -0.5357000
      -0.4004000
       0.6860000
       0.3123000
      -2.2516999
       2.5297999
      -1.9261000
       0.3082000
       0.1057000
       0.6380000
      -0.2326000
      -1.9514000
       2.7948000
      -1.6251000
       0.3749000
      -0.1512000
      -1.0448000
       0.4292000
      -0.2823000
      -1.4662000
       2.4724000
      -0.9516000
      -1.7862000
       1.5635999
      -0.2852000
      -0.0819000
       0.5611000
      -1.0391999
       1.7505000
      -0.4575000
      -0.6117000
      -0.3273000
      -0.3982000
       1.5030000
      -0.3125000
      -1.1793000
      -0.6947000
       2.0462000
      -0.7930000
      -0.9049000
       0.0000000
       0.0000000
       0.0000000
       0.0000000
       0.0000000
       0.0000000
       0.0000000
       0.0000000
       0.0000000
       0.0000000
       0.0000000
       0.0000000
       0.0000000
       0.0000000
       0.0000000
       0.0000000
       0.0000000
       0.0000000
       0.0000000
       0.0000000
       0.0000000
       0.0000000
       0.0000000
       0.0000000
       0.0000000
       0.0000000
       0.0000000
       0.0000000
       0.0000000
       0.0000000
       0.0000000
       0.0000000
       0.8291000
       0.2062000
      -0.0340000
       1.6914001
      -1.4413000
       0.7285000
      -0.5126000
       0.3004000
       0.8948000
      -1.7378000
       1.9129000
       1.4430000
      -0.2888000
      -1.0651000
       0.0259000
       0.5857000
      -1.9684000
       0.4377000
       0.0231000
       1.5841000
      -1.1781000
       1.3788000
      -1.4484000
      -0.4850000
       0.9752000
      -0.4347000
       0.1099000
       0.5962000
       0.7130000
      -0.5136000
      -0.6571000
       0.2226000
      -0.5777000
       1.6586000
      -1.1531000
       0.1796000
       0.5944000
      -1.7149000
       0.7035000
       1.6052001
      -1.4224000
      -0.7477000
       0.6731000
       0.5212000
       0.5608000
      -3.0215001
       2.2309999
      -1.8259000
       2.6580999
      -1.0087000
      -1.1052001
       1.8602999
      -1.9894000
       2.1659999
      -1.4953001
       0.3702000
       0.3376000
      -0.1898000
      -0.0473000
       0.5906000
       0.0297000
      -0.1857000
      -0.0038000
       0.3819000
      -0.0249000
      -0.3655000
      -0.0913000
       1.0312001
      -0.8543000
       0.3513000
       0.2119000
      -0.7089000
      -0.1627000
       0.7846000
      -0.3809000
      -0.0682000
       0.5344000
      -1.1458000
       0.6753000
       0.0000000
       0.0000000
       0.0000000
       0.0000000
       0.0000000
       0.0000000
       0.0000000
       0.0000000
       0.0000000
       0.0000000
       0.0000000
       0.0000000
       0.0000000
       0.0000000
       0.0000000
       0.0000000
       0.0000000
       0.0000000
       0.0000000
       0.0000000
       0.0000000
       0.0000000
       0.0000000
       0.0000000
       0.0000000
       0.0000000
       0.0000000
       0.0000000
       0.0000000
       0.0000000
       0.0000000
       0.0000000
       0.0000000
      -0.9881000
      -0.8039000
       1.7650000
      -1.6695000
      -0.9487000
       0.8663000
      -0.5199000
      -2.0613999
      -0.2928000
       1.2778000
      -1.0895000
       0.6897000
       0.1134000
       0.3433000
       0.5678000
      -1.3075000
       2.3587000
      -0.3041000
      -1.1810000
       0.7753000
       2.6180000
      -4.1276999
       0.2212000
       1.7136000
      -2.3357000
       0.1592000
      -0.1092000
       1.0490000
      -1.0221000
       0.3096000
       0.1663000
      -1.3566999
       1.3504000
      -0.3443000
       0.3722000
      -0.0720000
      -0.7581000
       0.8188000
      -0.8052000
       0.8936000
       0.1627000
      -1.1030999
      -0.4797000
       0.4556000
      -0.3660000
      -0.0545000
      -2.0146000
       3.8185999
      -3.7253001
       2.0206001
      -0.1488000
      -0.8122000
       1.7865000
      -1.9068000
       2.4705999
      -0.8020000
      -0.5761000
      -0.3535000
       1.3619000
      -0.6260000
      -0.2773000
       1.1410000
      -0.9808000
      -0.1426000
       1.1760000
      -0.4147000
       0.3953000
       0.1504000
       0.4724000
       0.1125000
      -0.0811000
       0.0517000
      -0.9284000
      -0.8388000
       1.6589000
      -0.8089000
      -0.7504000
       0.4135000
       0.0000000
       0.0000000
       0.0000000
       0.0000000
       0.0000000
       0.0000000
       0.0000000
       0.0000000
       0.0000000
       0.0000000
       0.0000000
       0.0000000
       0.0000000
       0.0000000
       0.0000000
       0.0000000
       0.0000000
       0.0000000
       0.0000000
       0.0000000
       0.0000000
       0.0000000
       0.0000000
       0.0000000
       0.0000000
       0.0000000
       0.0000000
       0.0000000
       0.0000000
       0.0000000
       0.0000000
       0.0000000
       0.0000000
       0.0000000
      -2.8108001
       0.7923000
       1.0820000
      -1.0599000
       1.0702000
      -0.5169000
       1.2376000
      -1.5964000
       0.1539000
      -0.4478000
       0.2481000
      -0.5781000
       0.4494000
       0.4679000
      -2.3038001
       0.2623000
       0.4514000
       0.6409000
      -0.4548000
      -0.6819000
      -0.0827000
       2.4841001
      -2.6477001
      -0.4693000
       2.5741000
      -3.0757000
       1.2614000
       0.5897000
       0.7570000
      -1.6950001
      -1.0476000
       0.7362000
      -0.7275000
       0.3261000
      -0.1617000
       0.5498000
      -0.2290000
      -1.8674001
       1.1571000
       1.0116000
       0.7124000
      -2.5090001
       1.1319000
       1.2896000
      -1.8923000
       0.2135000
       1.4970000
      -2.3276999
       3.4437001
      -2.2708001
       1.7042000
      -0.5961000
      -0.4661000
       1.8444999
      -1.9786000
       1.5225000
      -0.0801000
      -1.1912000
      -1.5200000
       2.3805001
      -0.1666000
      -2.1675999
       1.4637001
       0.4712000
      -0.9174000
       0.4963000
      -0.6481000
       0.5110000
      -0.1588000
      -0.1142000
       1.7368000
      -1.1059999
      -1.3016000
       0.4104000
       0.7048000
       0.3614000
      -1.4018000
       0.0000000
       0.0000000
       0.0000000
       0.0000000
       0.0000000
       0.0000000
       0.0000000
       0.0000000
       0.0000000
       0.0000000
       0.0000000
       0.0000000
       0.0000000
       0.0000000
       0.0000000
       0.0000000
       0.0000000
       0.0000000
       0.0000000
       0.0000000
       0.0000000
       0.0000000
       0.0000000
       0.0000000
       0.0000000
       0.0000000
       0.0000000
       0.0000000
       0.0000000
       0.0000000
       0.0000000
       0.0000000
       0.0000000
       0.0000000
       0.0000000
      -1.7072999
      -1.2845000
       2.1963000
      -2.0121000
      -1.0145000
       1.8493000
      -0.2387000
      -1.7465000
       0.7349000
       0.5076000
      -1.4493001
       0.7059000
      -0.4572000
       0.1660000
       0.6852000
      -1.1353000
       0.2842000
       0.2891000
      -0.1111000
      -0.5032000
       1.1641001
      -0.7506000
      -0.1745000
      -0.1108000
      -0.6491000
       1.7284000
      -2.4772000
       1.3819000
       0.1950000
      -0.0420000
      -2.0954001
       0.5477000
       1.1451000
      -1.5281000
       1.9089000
       0.1016000
      -1.7778000
       0.6940000
       0.2113000
       0.5080000
      -1.1051000
       1.9007000
      -2.4294000
       1.0595000
       0.2716000
      -2.1919000
       1.3760000
       2.1977000
      -3.0186999
       2.5081000
      -0.6938000
       1.7647001
      -1.8546000
      -0.6155000
       3.0946000
      -1.8262000
      -0.7170000
       0.7153000
       0.2701000
      -1.7689000
       0.8467000
       0.2221000
      -1.0867000
       1.1488000
      -0.6333000
      -0.7764000
       1.7327000
      -1.1102000
      -0.8924000
       1.9493001
      -0.5615000
      -0.4681000
      -0.5362000
       1.1555001
       0.1707000
      -0.8755000
       0.0000000
       0.0000000
       0.0000000
       0.0000000
       0.0000000
       0.0000000
       0.0000000
       0.0000000
       0.0000000
       0.0000000
       0.0000000
       0.0000000
       0.0000000
       0.0000000
       0.0000000
       0.0000000
       0.0000000
       0.0000000
       0.0000000
       0.0000000
       0.0000000
       0.0000000
       0.0000000
       0.0000000
       0.0000000
       0.0000000
       0.0000000
       0.0000000
       0.0000000
       0.0000000
       0.0000000
       0.0000000
       0.0000000
       0.0000000
       0.0000000
       0.0000000
      -3.3445001
       2.3199000
      -0.6661000
      -0.9299000
       2.1048000
      -0.5067000
       0.6327000
       1.6895000
      -2.5067000
       1.0549999
       0.2139000
      -2.1205001
       2.6208000
       1.0466000
      -2.9755001
       0.6992000
       0.4640000
      -0.7322000
      -0.7378000
      -0.1131000
      -0.1499000
       0.1427000
      -0.5244000
      -0.4167000
       1.1296000
      -1.0290000
       0.5903000
      -0.7780000
       1.7151999
      -0.6507000
       0.4603000
      -0.9558000
       0.5608000
       0.7868000
      -0.5444000
       0.7565000
      -0.8727000
      -1.2696000
       1.3895000
       0.4456000
      -0.7169000
      -1.3338000
       3.6150000
      -2.2795000
      -0.1708000
       0.4882000
      -0.2069000
      -0.0940000
       0.7425000
      -1.3216000
       1.9673001
      -1.7977000
       1.8322999
      -1.1081001
      -0.9538000
       1.5944999
       0.1096000
      -0.5034000
      -0.4493000
       0.8537000
      -0.8630000
       0.4433000
       0.6959000
      -1.7401000
       0.8501000
       1.0375000
      -1.9639000
       0.3509000
       0.4891000
      -0.8051000
       0.5455000
      -0.8105000
      -0.3043000
      -0.6137000
       1.4319000
       0.0000000
       0.0000000
       0.0000000
       0.0000000
       0.0000000
       0.0000000
       0.0000000
       0.0000000
       0.0000000
       0.0000000
       0.0000000
       0.0000000
       0.0000000
       0.0000000
       0.0000000
       0.0000000
       0.0000000
       0.0000000
       0.0000000
       0.0000000
       0.0000000
       0.0000000
       0.0000000
       0.0000000
       0.0000000
       0.0000000
       0.0000000
       0.0000000
       0.0000000
       0.0000000
       0.0000000
       0.0000000
       0.0000000
       0.0000000
       0.0000000
       0.0000000
       0.0000000
      -0.3227000
      -0.1775000
      -0.4615000
       1.7113000
      -1.7228000
       1.4410000
       0.5985000
      -1.7505000
       1.7729000
      -1.5082000
      -1.5592999
       1.9057000
       0.2046000
      -2.2557001
       1.9757000
       0.0122000
       0.2275000
      -0.3568000
      -0.3978000
       0.3849000
       0.0706000
       0.8265000
       0.1864000
      -0.8764000
      -0.3130000
       1.1002001
      -0.6386000
       0.5906000
      -1.5891000
       1.6030000
      -0.6914000
       0.0037000
      -0.4283000
       0.4206000
       0.9751000
      -0.6841000
      -0.5442000
       0.9997000
       1.0854000
      -1.5239000
      -0.2448000
       0.7274000
      -0.6964000
       1.5257000
      -1.7002000
       0.6308000
       0.3028000
       0.3690000
      -0.9340000
       0.0823000
       0.4040000
       1.5278000
      -2.0214000
       0.9360000
      -0.0998000
       0.5480000
      -0.0767000
      -0.2280000
       0.9453000
      -0.7016000
       0.4598000
      -0.0647000
      -0.5159000
       1.1395000
      -0.9178000
      -0.4920000
       1.6744000
      -1.8372999
      -0.5936000
       1.5773000
      -0.1380000
      -1.4355000
      -1.0816000
       1.5562000
       0.0000000
       0.0000000
       0.0000000
       0.0000000
       0.0000000
       0.0000000
       0.0000000
       0.0000000
       0.0000000
       0.0000000
       0.0000000
       0.0000000
       0.0000000
       0.0000000
       0.0000000
       0.0000000
       0.0000000
       0.0000000
       0.0000000
       0.0000000
       0.0000000
       0.0000000
       0.0000000
       0.0000000
       0.0000000
       0.0000000
       0.0000000
       0.0000000
       0.0000000
       0.0000000
       0.0000000
       0.0000000
       0.0000000
       0.0000000
       0.0000000
       0.0000000
       0.0000000
       0.0000000
       1.3169000
      -0.9498000
       0.3076000
      -0.4253000
       3.2878001
      -2.6849999
      -1.0883000
       3.4363999
      -3.4870999
       0.6306000
      -0.5010000
      -0.5491000
      -0.4065000
       0.7377000
      -0.7089000
      -0.3639000
      -0.4091000
       0.8156000
      -0.6866000
       0.0154000
       0.2670000
      -0.8572000
       0.3618000
      -0.1102000
       0.5617000
      -0.4768000
       1.3145000
      -1.3696001
       0.0485000
       0.2413000
       1.4986000
      -1.1868000
       0.1541000
       1.0793000
      -0.5361000
      -0.9681000
       0.7844000
       0.2851000
      -1.1460000
       1.0181000
      -0.5964000
      -0.2881000
      -0.0489000
       0.0074000
       0.8522000
      -0.9772000
      -0.0799000
      -0.5069000
       1.5258000
      -0.3500000
      -1.4514000
       0.9419000
       1.5535001
      -1.9315000
       0.6312000
      -0.1553000
       0.3101000
      -0.5906000
       0.7451000
       0.5342000
      -1.0828000
       0.7427000
       0.0487000
      -0.3574000
       0.5674000
      -0.0686000
      -1.5569000
       0.7170000
       0.0254000
      -0.2031000
      -0.1596000
       0.0994000
      -0.0158000
       0.0000000
       0.0000000
       0.0000000
       0.0000000
       0.0000000
       0.0000000
       0.0000000
       0.0000000
       0.0000000
       0.0000000
       0.0000000
       0.0000000
       0.0000000
       0.0000000
       0.0000000
       0.0000000
       0.0000000
       0.0000000
       0.0000000
       0.0000000
       0.0000000
       0.0000000
       0.0000000
       0.0000000
       0.0000000
       0.0000000
       0.0000000
       0.0000000
       0.0000000
       0.0000000
       0.0000000
       0.0000000
       0.0000000
       0.0000000
       0.0000000
       0.0000000
       0.0000000
       0.0000000
       0.0000000
       0.5674000
       1.7061000
      -1.3673000
       3.8477001
      -2.7107000
       1.3181000
      -1.4589000
      -1.5933000
       2.9691000
      -2.3343999
      -0.5778000
       1.2376000
      -0.3588000
      -1.7560000
       1.9578000
       1.0050000
      -1.1593000
       0.1133000
       1.2895000
      -0.3763000
       0.0648000
       1.0368000
      -0.1755000
      -0.2060000
       0.5383000
       1.1117001
      -1.5137000
       1.5901999
      -2.0931001
       0.7688000
       0.5966000
      -0.6881000
      -0.0933000
       0.9819000
      -0.6778000
      -0.8422000
       0.3788000
       0.8911000
       1.1278000
      -1.1532000
       0.4054000
      -0.3887000
       1.0156000
      -0.1840000
      -0.1880000
      -0.7062000
       0.9765000
      -0.1758000
      -1.7816000
       0.7978000
       1.1086000
      -1.9962000
       0.0794000
       0.9871000
      -0.8226000
      -0.5021000
       0.3291000
       0.8487000
      -1.1781000
       1.0452000
       0.7070000
      -0.8265000
       0.9753000
       1.4973000
      -0.0039000
      -1.0975000
      -0.0282000
       1.3364000
      -0.0843000
      -1.7182000
       1.5104001
       0.3737000
       0.0000000
       0.0000000
       0.0000000
       0.0000000
       0.0000000
       0.0000000
       0.0000000
       0.0000000
       0.0000000
       0.0000000
       0.0000000
       0.0000000
       0.0000000
       0.0000000
       0.0000000
       0.0000000
       0.0000000
       0.0000000
       0.0000000
       0.0000000
       0.0000000
       0.0000000
       0.0000000
       0.0000000
       0.0000000
       0.0000000
       0.0000000
       0.0000000
       0.0000000
       0.0000000
       0.0000000
       0.0000000
       0.0000000
       0.0000000
       0.0000000
       0.0000000
       0.0000000
       0.0000000
       0.0000000
       0.0000000
       3.2107000
      -0.6456000
       1.1151000
      -1.8621000
       1.7428000
      -1.3297000
      -1.1895000
       0.4770000
      -0.2066000
      -1.1088001
       0.3358000
      -0.0426000
      -0.1628000
       0.6204000
      -0.5048000
       0.0540000
       0.3651000
       0.0195000
      -0.5627000
      -0.1832000
      -0.8623000
       0.1657000
      -0.3126000
      -0.4379000
      -0.2918000
       0.9580000
       0.9224000
      -2.3625000
       2.0459001
      -2.0629001
       0.2206000
       1.7549000
      -0.6741000
       0.0670000
       0.2886000
      -0.8284000
       0.2868000
       1.0289000
      -1.4304000
       0.6291000
       0.7258000
      -0.3159000
      -2.3968999
       1.8053000
       0.0735000
      -0.2782000
      -1.7747000
       1.7764000
       0.3897000
      -1.2522000
      -0.4631000
       1.2269000
      -0.5796000
       0.2341000
      -0.6149000
      -0.2317000
       0.5585000
      -0.9107000
       0.7713000
      -0.1612000
      -0.2387000
      -0.4267000
      -0.2479000
      -0.2020000
      -0.2178000
       0.0193000
      -0.0096000
      -0.1380000
       0.5999000
       0.3561000
      -1.4714000
       0.0000000
       0.0000000
       0.0000000
       0.0000000
       0.0000000
       0.0000000
       0.0000000
       0.0000000
       0.0000000
       0.0000000
       0.0000000
       0.0000000
       0.0000000
       0.0000000
       0.0000000
       0.0000000
       0.0000000
       0.0000000
       0.0000000
       0.0000000
       0.0000000
       0.0000000
       0.0000000
       0.0000000
       0.0000000
       0.0000000
       0.0000000
       0.0000000
       0.0000000
       0.0000000
       0.0000000
       0.0000000
       0.0000000
       0.0000000
       0.0000000
       0.0000000
       0.0000000
       0.0000000
       0.0000000
       0.0000000
       0.0000000
       0.4128000
       1.1682000
       0.4296000
       1.3571000
       0.0369000
       0.6672000
      -0.5301000
       0.1321000
      -0.1738000
      -0.6419000
      -0.4968000
       0.5297000
      -0.1016000
       0.1650000
      -0.8456000
       1.0116000
       1.0543000
      -0.5243000
       0.8206000
      -0.1305000
      -0.5717000
      -0.0228000
       0.2573000
      -0.2978000
       1.3749000
      -0.1424000
      -0.0187000
       0.9739000
      -0.5391000
       0.4983000
      -1.8627000
       0.8800000
       0.7094000
      -0.7256000
       0.9995000
      -0.3197000
      -1.5096999
       0.1642000
       2.4036000
      -1.5268000
      -0.5205000
       1.5128000
       0.2987000
      -1.9624000
       1.4115000
      -0.4935000
       0.5892000
      -0.9106000
       0.5922000
      -0.9636000
       0.8321000
      -0.2172000
      -0.1731000
      -0.1150000
       1.1932000
      -1.7370000
       0.1460000
       1.4601001
      -0.5771000
       0.1831000
       1.0510000
      -0.2413000
      -0.5468000
       1.6495000
      -0.4698000
      -1.0713000
      -0.4279000
       1.4743000
      -0.6723000
      -1.5609000
       0.0000000
       0.0000000
       0.0000000
       0.0000000
       0.0000000
       0.0000000
       0.0000000
       0.0000000
       0.0000000
       0.0000000
       0.0000000
       0.0000000
       0.0000000
       0.0000000
       0.0000000
       0.0000000
       0.0000000
       0.0000000
       0.0000000
       0.0000000
       0.0000000
       0.0000000
       0.0000000
       0.0000000
       0.0000000
       0.0000000
       0.0000000
       0.0000000
       0.0000000
       0.0000000
       0.0000000
       0.0000000
       0.0000000
       0.0000000
       0.0000000
       0.0000000
       0.0000000
       0.0000000
       0.0000000
       0.0000000
       0.0000000
       0.0000000
       0.2233000
       0.3877000
      -0.2385000
      -1.2068000
       0.8098000
      -0.2851000
      -0.1083000
       0.0595000
      -0.0898000
       0.0731000
      -0.5834000
      -1.3345000
      -0.0982000
       0.2364000
      -0.3162000
      -0.5433000
       0.6738000
       1.0994000
      -2.0662000
       0.8734000
      -0.1114000
      -0.7691000
      -0.1450000
      -0.7838000
      -0.2034000
       1.6704000
      -1.0847000
      -0.4964000
       0.8391000
      -0.0506000
      -1.2006000
      -0.4133000
       1.6193000
      -0.3195000
      -1.0289000
      -0.0964000
       0.5891000
      -0.0327000
      -1.5699000
       1.8696001
       0.1291000
      -0.6146000
      -0.6452000
      -0.1400000
       0.2199000
       1.1398000
      -1.6016999
       1.4772000
       0.5283000
       0.2740000
      -1.7108001
       1.0023000
       1.1009001
      -0.4991000
      -1.3010000
       1.5545000
      -1.4348000
      -0.7069000
       2.0020001
      -0.4431000
      -2.1355000
       1.4679000
       0.0054000
      -1.2392000
       0.5617000
      -0.2676000
       0.7464000
      -0.3700000
       0.7344000
       0.0000000
       0.0000000
       0.0000000
       0.0000000
       0.0000000
       0.0000000
       0.0000000
       0.0000000
       0.0000000
       0.0000000
       0.0000000
       0.0000000
       0.0000000
       0.0000000
       0.0000000
       0.0000000
       0.0000000
       0.0000000
       0.0000000
       0.0000000
       0.0000000
       0.0000000
       0.0000000
       0.0000000
       0.0000000
       0.0000000
       0.0000000
       0.0000000
       0.0000000
       0.0000000
       0.0000000
       0.0000000
       0.0000000
       0.0000000
       0.0000000
       0.0000000
       0.0000000
       0.0000000
       0.0000000
       0.0000000
       0.0000000
       0.0000000
       0.0000000
      -0.2918000
      -0.6921000
       0.5967000
       0.0410000
       0.3699000
      -0.4762000
       0.5668000
       1.4948000
      -1.6027000
      -0.1064000
      -0.0649000
      -1.9711000
       0.6495000
      -0.6649000
      -0.5616000
      -0.8302000
       1.3661000
      -0.8967000
       2.0516000
      -0.9817000
       0.2637000
       0.4287000
      -1.0825000
       0.6640000
       0.4932000
       0.0628000
       1.1628000
      -1.4298000
       1.2121000
      -0.0976000
      -0.5632000
      -0.3298000
       0.4028000
       0.5076000
      -0.7756000
       1.2456000
      -1.1605999
      -0.4767000
       2.0678000
      -1.2889000
       0.1064000
       0.3357000
       0.5245000
      -0.9508000
      -0.0148000
      -0.1310000
       0.8746000
      -0.8566000
       1.1357000
      -1.3005000
      -0.6390000
       0.7182000
       0.3607000
      -0.5579000
       0.5086000
      -0.2896000
       0.0998000
       0.4640000
      -0.7648000
       0.5595000
      -0.0322000
      -2.0113001
       2.1545000
      -0.4218000
      -1.2481000
       0.9163000
      -1.3901000
       1.1661000
       0.0000000
       0.0000000
       0.0000000
       0.0000000
       0.0000000
       0.0000000
       0.0000000
       0.0000000
       0.0000000
       0.0000000
       0.0000000
       0.0000000
       0.0000000
       0.0000000
       0.0000000
       0.0000000
       0.0000000
       0.0000000
       0.0000000
       0.0000000
       0.0000000
       0.0000000
       0.0000000
       0.0000000
       0.0000000
       0.0000000
       0.0000000
       0.0000000
       0.0000000
       0.0000000
       0.0000000
       0.0000000
       0.0000000
       0.0000000
       0.0000000
       0.0000000
       0.0000000
       0.0000000
       0.0000000
       0.0000000
       0.0000000
       0.0000000
       0.0000000
       0.0000000
      -1.9493001
       0.1224000
      -0.8494000
       0.1696000
       0.2705000
      -1.3430001
       0.5484000
      -0.3212000
       0.5920000
      -0.2263000
      -0.2029000
       0.7828000
      -1.4128000
       0.5369000
       0.2506000
      -0.8619000
      -0.8444000
       2.9203999
      -3.4293001
       1.1753000
       0.8840000
       0.3213000
      -0.1825000
      -1.0015000
       1.8630000
      -0.9835000
      -0.2985000
       1.0224000
      -2.2217000
       1.0276999
      -1.0590000
       0.0799000
       1.6001000
      -0.7771000
      -0.4985000
      -0.6551000
       1.6281000
      -1.2979000
      -1.4323000
       2.6442001
      -0.2628000
      -0.6351000
      -0.0287000
       0.5268000
      -1.7129000
       1.1123000
       0.0028000
      -0.5309000
      -0.3167000
       1.7486000
      -0.7188000
      -1.1917000
       1.1065000
       1.0153000
      -1.1201000
       0.0714000
       0.7415000
      -0.4886000
       0.7294000
      -0.7878000
      -0.6295000
       2.1310999
      -1.4507999
       0.4880000
       0.0624000
      -1.1343000
       1.1756001
       0.0000000
       0.0000000
       0.0000000
       0.0000000
       0.0000000
       0.0000000
       0.0000000
       0.0000000
       0.0000000
       0.0000000
       0.0000000
       0.0000000
       0.0000000
       0.0000000
       0.0000000
       0.0000000
       0.0000000
       0.0000000
       0.0000000
       0.0000000
       0.0000000
       0.0000000
       0.0000000
       0.0000000
       0.0000000
       0.0000000
       0.0000000
       0.0000000
       0.0000000
       0.0000000
       0.0000000
       0.0000000
       0.0000000
       0.0000000
       0.0000000
       0.0000000
       0.0000000
       0.0000000
       0.0000000
       0.0000000
       0.0000000
       0.0000000
       0.0000000
       0.0000000
       0.0000000
      -2.4698000
       0.4736000
      -1.5249000
       0.9120000
      -0.1518000
      -0.8558000
       0.2860000
      -0.2478000
       1.2359999
      -1.3148000
       0.6295000
       0.8840000
       1.9197000
      -1.1072000
       0.9835000
      -0.1607000
      -0.2171000
      -1.9617000
       0.7267000
      -0.7778000
       2.0071001
      -1.6784000
      -1.0658000
       1.3054000
      -1.2473000
       2.1278999
      -0.1975000
      -0.1331000
       0.2964000
      -1.8592000
       2.0975001
      -0.3291000
      -0.8595000
       0.9547000
      -0.4967000
       1.0366000
      -2.2416000
       0.1606000
       0.8040000
      -1.0467000
       0.6671000
      -0.4242000
       0.3228000
      -0.0603000
       0.5879000
      -1.4446000
       0.6750000
       0.6850000
      -0.3621000
      -0.8236000
       1.0186000
      -0.0163000
      -1.3527000
       0.4699000
       0.6200000
      -0.3819000
      -0.1727000
       1.1550000
      -1.1804000
       0.0249000
       0.4822000
      -1.0292000
       0.8009000
       0.2079000
       0.5179000
      -0.4963000
       0.0000000
       0.0000000
       0.0000000
       0.0000000
       0.0000000
       0.0000000
       0.0000000
       0.0000000
       0.0000000
       0.0000000
       0.0000000
       0.0000000
       0.0000000
       0.0000000
       0.0000000
       0.0000000
       0.0000000
       0.0000000
       0.0000000
       0.0000000
       0.0000000
       0.0000000
       0.0000000
       0.0000000
       0.0000000
       0.0000000
       0.0000000
       0.0000000
       0.0000000
       0.0000000
       0.0000000
       0.0000000
       0.0000000
       0.0000000
       0.0000000
       0.0000000
       0.0000000
       0.0000000
       0.0000000
       0.0000000
       0.0000000
       0.0000000
       0.0000000
       0.0000000
       0.0000000
       0.0000000
       0.5832000
      -0.5292000
       0.5242000
       1.1979001
      -1.5689000
       1.5680000
      -1.3645999
      -0.3444000
       0.1503000
       0.4194000
      -0.5499000
       2.8894999
      -0.9340000
       0.9701000
      -1.6901000
       2.8900001
      -1.6373000
      -0.6220000
      -0.5396000
       1.1170000
      -0.0871000
       2.2828000
      -1.6787000
      -0.6528000
       2.1349001
      -1.6522000
       1.1368999
       0.3414000
      -1.0444000
      -1.4535000
      -0.3028000
       2.4317000
      -0.9052000
      -1.2988000
       2.9869001
      -2.2342999
      -0.1298000
      -0.0600000
      -0.2064000
      -0.7397000
       0.9351000
       0.5312000
      -1.4913000
       1.2934999
       0.1366000
       0.0198000
      -1.0721999
       0.5927000
       0.3009000
       0.7635000
      -0.4230000
       0.1901000
       0.0823000
       0.3702000
      -0.1335000
      -0.2977000
       0.2837000
       0.6610000
      -0.4763000
      -1.5719000
      -0.1314000
       0.4332000
       0.6034000
      -0.2535000
      -1.8170000
       0.0000000
       0.0000000
       0.0000000
       0.0000000
       0.0000000
       0.0000000
       0.0000000
       0.0000000
       0.0000000
       0.0000000
       0.0000000
       0.0000000
       0.0000000
       0.0000000
       0.0000000
       0.0000000
       0.0000000
       0.0000000
       0.0000000
       0.0000000
       0.0000000
       0.0000000
       0.0000000
       0.0000000
       0.0000000
       0.0000000
       0.0000000
       0.0000000
       0.0000000
       0.0000000
       0.0000000
       0.0000000
       0.0000000
       0.0000000
       0.0000000
       0.0000000
       0.0000000
       0.0000000
       0.0000000
       0.0000000
       0.0000000
       0.0000000
       0.0000000
       0.0000000
       0.0000000
       0.0000000
       0.0000000
      -1.2510999
       0.8173000
      -0.3090000
      -1.3536000
       0.9898000
      -0.2623000
       0.0397000
      -1.5689000
       0.7541000
      -1.2679000
       1.3212000
      -0.2289000
       1.7765000
      -0.9549000
       1.0084000
      -1.9404000
       0.8309000
      -0.6434000
      -1.0394000
       0.5484000
       1.5915999
      -1.7457000
       1.5569000
      -0.7604000
      -1.4165000
       1.5365000
       0.0371000
       0.7770000
       0.0637000
      -1.1358000
       1.1400000
       0.8578000
      -0.7368000
       0.7711000
      -0.7596000
       1.2438000
      -1.1928000
      -0.2853000
       0.7394000
       1.1442000
      -2.0632000
       1.6066000
       0.0511000
      -1.7197000
       1.9261000
      -0.3048000
      -1.4000000
       0.9605000
       0.4015000
      -1.5882000
       1.3469000
       0.5697000
       0.0655000
      -1.4464999
       0.2923000
       1.1538000
      -0.5303000
      -0.8251000
       0.9917000
      -0.6378000
      -0.8523000
       1.1928999
      -1.1508000
      -0.6501000
       0.0000000
       0.0000000
       0.0000000
       0.0000000
       0.0000000
       0.0000000
       0.0000000
       0.0000000
       0.0000000
       0.0000000
       0.0000000
       0.0000000
       0.0000000
       0.0000000
       0.0000000
       0.0000000
       0.0000000
       0.0000000
       0.0000000
       0.0000000
       0.0000000
       0.0000000
       0.0000000
       0.0000000
       0.0000000
       0.0000000
       0.0000000
       0.0000000
       0.0000000
       0.0000000
       0.0000000
       0.0000000
       0.0000000
       0.0000000
       0.0000000
       0.0000000
       0.0000000
       0.0000000
       0.0000000
       0.0000000
       0.0000000
       0.0000000
       0.0000000
       0.0000000
       0.0000000
       0.0000000
       0.0000000
       0.0000000
       0.4382000
      -0.4859000
       2.5422001
      -1.6961000
      -0.3064000
       2.5070000
      -0.9451000
      -0.5350000
      -1.5311000
       1.8851000
       0.3813000
       0.5393000
      -0.8219000
       0.5329000
      -0.8822000
       0.4252000
      -1.0506001
      -0.8930000
       1.1825000
       0.1386000
      -1.5466000
       2.9319999
      -1.0116000
      -0.5803000
       0.6798000
       0.0345000
      -0.0134000
       0.0176000
       0.9392000
      -0.9449000
      -0.3978000
       0.9864000
       0.4661000
      -2.3213999
       1.8621000
      -1.0946000
      -0.1903000
       0.8294000
       0.0592000
      -0.8881000
       1.3012000
      -0.5526000
       0.4420000
      -0.7617000
      -0.0771000
       1.9117000
      -0.4059000
      -1.7898000
       0.4225000
       1.6016999
      -1.4419000
       0.7438000
       1.2601000
       0.0263000
      -1.4845001
       0.6187000
       0.6809000
      -0.4967000
      -1.3982000
       1.3166000
      -0.9029000
      -1.4276000
       1.6765000
       0.0000000
       0.0000000
       0.0000000
       0.0000000
       0.0000000
       0.0000000
       0.0000000
       0.0000000
       0.0000000
       0.0000000
       0.0000000
       0.0000000
       0.0000000
       0.0000000
       0.0000000
       0.0000000
       0.0000000
       0.0000000
       0.0000000
       0.0000000
       0.0000000
       0.0000000
       0.0000000
       0.0000000
       0.0000000
       0.0000000
       0.0000000
       0.0000000
       0.0000000
       0.0000000
       0.0000000
       0.0000000
       0.0000000
       0.0000000
       0.0000000
       0.0000000
       0.0000000
       0.0000000
       0.0000000
       0.0000000
       0.0000000
       0.0000000
       0.0000000
       0.0000000
       0.0000000
       0.0000000
       0.0000000
       0.0000000
       0.0000000
      -0.0506000
       1.1546000
       0.4708000
      -2.0407000
       0.4614000
      -0.1997000
       0.4019000
      -0.1256000
      -0.7254000
       0.5111000
       1.2599000
       0.1489000
      -0.9257000
       1.3040000
       1.4683000
      -1.0585001
      -1.4614000
       2.2089000
      -0.9020000
       0.5777000
      -0.0704000
      -0.7971000
       1.8275000
      -0.1801000
      -1.1799999
      -0.1646000
       2.1319001
      -0.6327000
      -1.4175000
       1.8914000
      -0.5012000
      -0.1932000
       0.0252000
       1.0583000
      -2.0603001
       1.1569999
       1.3353000
      -1.7390000
       0.8808000
       2.6938000
      -1.9897000
       0.4727000
       0.7442000
      -0.5554000
      -0.6137000
       1.4867001
      -0.2948000
      -0.4083000
      -0.6000000
      -0.6674000
       0.4714000
      -0.7546000
       0.4262000
       0.2009000
      -0.2272000
      -0.3008000
       0.6562000
      -0.1338000
       0.0910000
      -0.8520000
       1.0670000
      -0.1246000
       0.0000000
       0.0000000
       0.0000000
       0.0000000
       0.0000000
       0.0000000
       0.0000000
       0.0000000
       0.0000000
       0.0000000
       0.0000000
       0.0000000
       0.0000000
       0.0000000
       0.0000000
       0.0000000
       0.0000000
       0.0000000
       0.0000000
       0.0000000
       0.0000000
       0.0000000
       0.0000000
       0.0000000
       0.0000000
       0.0000000
       0.0000000
       0.0000000
       0.0000000
       0.0000000
       0.0000000
       0.0000000
       0.0000000
       0.0000000
       0.0000000
       0.0000000
       0.0000000
       0.0000000
       0.0000000
       0.0000000
       0.0000000
       0.0000000
       0.0000000
       0.0000000
       0.0000000
       0.0000000
       0.0000000
       0.0000000
       0.0000000
       0.0000000
      -1.1857001
       1.5867000
       0.7049000
      -2.1822000
      -1.1418000
       1.6101000
      -0.1333000
       0.3958000
      -0.9138000
       2.0125000
       1.1173000
      -0.2933000
       1.6124001
       1.6158000
       0.1821000
      -2.7909000
       1.0714999
      -0.9363000
       1.2725000
      -1.3801000
      -1.3795000
      -0.1441000
       0.1009000
      -0.4659000
       0.2470000
      -0.4877000
       0.1153000
       1.3428000
      -0.1896000
      -1.5461000
       1.9864000
      -0.7861000
       0.2959000
      -0.9298000
       1.1549000
      -0.8561000
      -0.9929000
       1.9794000
      -1.7129000
      -1.3667001
       2.9561999
      -1.4421999
      -0.9224000
       1.1866000
      -0.8443000
      -0.2317000
       1.8119000
      -0.7221000
      -0.4717000
       1.1352000
      -0.2539000
      -0.2906000
       0.0367000
       0.9890000
      -0.5704000
      -0.0398000
      -0.3935000
       0.8572000
      -0.3178000
      -0.1486000
      -0.4691000
       0.0000000
       0.0000000
       0.0000000
       0.0000000
       0.0000000
       0.0000000
       0.0000000
       0.0000000
       0.0000000
       0.0000000
       0.0000000
       0.0000000
       0.0000000
       0.0000000
       0.0000000
       0.0000000
       0.0000000
       0.0000000
       0.0000000
       0.0000000
       0.0000000
       0.0000000
       0.0000000
       0.0000000
       0.0000000
       0.0000000
       0.0000000
       0.0000000
       0.0000000
       0.0000000
       0.0000000
       0.0000000
       0.0000000
       0.0000000
       0.0000000
       0.0000000
       0.0000000
       0.0000000
       0.0000000
       0.0000000
       0.0000000
       0.0000000
       0.0000000
       0.0000000
       0.0000000
       0.0000000
       0.0000000
       0.0000000
       0.0000000
       0.0000000
       0.0000000
       1.0699000
      -1.9614000
       0.2659000
      -0.0045000
      -1.4286000
      -0.7129000
       1.5954000
      -0.5240000
       1.0354000
      -1.3060000
       0.6355000
       0.9956000
      -0.3955000
       0.5254000
       0.5928000
      -1.1321000
      -1.4416000
       1.8868999
      -0.5181000
       0.9048000
      -1.2849000
       1.0619000
       0.0383000
       0.1986000
      -1.2094001
       1.1489000
       0.4575000
      -0.2839000
      -1.0649000
       1.1579000
      -1.3888000
       1.5427001
      -1.5504000
       0.1198000
       0.5040000
      -0.1026000
       0.7036000
      -1.8471000
       0.6760000
       0.8258000
      -1.7192000
       0.6038000
       0.6248000
      -2.1918001
       0.8386000
       0.8926000
      -0.8777000
       1.0003000
       1.0122000
      -2.1036999
       0.5347000
       1.5847000
      -1.0495000
      -0.3636000
       1.7605000
      -2.2801001
       0.3557000
       0.5574000
      -0.9382000
       0.4096000
       0.0000000
       0.0000000
       0.0000000
       0.0000000
       0.0000000
       0.0000000
       0.0000000
       0.0000000
       0.0000000
       0.0000000
       0.0000000
       0.0000000
       0.0000000
       0.0000000
       0.0000000
       0.0000000
       0.0000000
       0.0000000
       0.0000000
       0.0000000
       0.0000000
       0.0000000
       0.0000000
       0.0000000
       0.0000000
       0.0000000
       0.0000000
       0.0000000
       0.0000000
       0.0000000
       0.0000000
       0.0000000
       0.0000000
       0.0000000
       0.0000000
       0.0000000
       0.0000000
       0.0000000
       0.0000000
       0.0000000
       0.0000000
       0.0000000
       0.0000000
       0.0000000
       0.0000000
       0.0000000
       0.0000000
       0.0000000
       0.0000000
       0.0000000
       0.0000000
       0.0000000
      -1.1763000
       0.4466000
      -2.4398999
       1.4604000
      -1.0502000
      -0.1680000
      -0.2141000
      -0.0954000
      -0.8020000
       0.9836000
      -1.0492001
       0.0678000
       1.7960000
       0.8862000
      -1.2277000
      -0.4964000
      -0.3477000
      -0.5727000
      -0.1606000
      -0.3811000
       1.1878000
      -1.7138000
       1.2021000
      -1.4132000
       0.6330000
       0.4374000
       0.7503000
      -0.8541000
       0.3978000
      -2.3870001
       2.1289999
      -1.8264000
       0.5168000
       0.0417000
       0.9022000
      -0.0915000
      -1.7398000
       2.3803000
      -1.0377001
      -1.3168000
       2.5481999
       0.2802000
      -2.7207000
       2.6403999
      -1.0058000
      -1.1791000
       0.9730000
       1.0713000
      -1.7530000
       1.2814000
      -0.3952000
      -0.9460000
       0.9705000
       0.0851000
      -1.1102000
       1.6363000
      -1.9954000
      -0.0994000
       2.1063001
       0.0000000
       0.0000000
       0.0000000
       0.0000000
       0.0000000
       0.0000000
       0.0000000
       0.0000000
       0.0000000
       0.0000000
       0.0000000
       0.0000000
       0.0000000
       0.0000000
       0.0000000
       0.0000000
       0.0000000
       0.0000000
       0.0000000
       0.0000000
       0.0000000
       0.0000000
       0.0000000
       0.0000000
       0.0000000
       0.0000000
       0.0000000
       0.0000000
       0.0000000
       0.0000000
       0.0000000
       0.0000000
       0.0000000
       0.0000000
       0.0000000
       0.0000000
       0.0000000
       0.0000000
       0.0000000
       0.0000000
       0.0000000
       0.0000000
       0.0000000
       0.0000000
       0.0000000
       0.0000000
       0.0000000
       0.0000000
       0.0000000
       0.0000000
       0.0000000
       0.0000000
       0.0000000
       0.7537000
      -1.6468000
      -0.8144000
       1.9463000
       0.2241000
      -1.0850000
       0.5908000
      -0.4801000
       1.8528000
      -3.1747000
       0.5233000
       0.8914000
       0.2178000
      -1.0276999
       0.0892000
      -0.8109000
      -0.5082000
       0.3980000
       0.1393000
      -0.5781000
      -0.4772000
       2.2959001
      -1.7424999
       0.3935000
      -1.1360000
       1.0270000
       0.3142000
       0.3067000
      -1.1250000
       1.3700000
      -2.4368000
       1.3868999
      -0.2432000
       0.3692000
      -0.8729000
       0.1528000
       1.2316999
      -2.6011000
       1.9073000
       1.1258000
      -1.6602000
      -0.4309000
       2.1322000
      -2.4460001
       0.7518000
       0.0161000
      -0.3589000
      -0.2753000
       1.9723001
      -2.4414001
       1.1616000
       0.2855000
      -0.7127000
       0.8729000
       0.4980000
      -2.6619000
       1.2786000
       1.4737999
       0.0000000
       0.0000000
       0.0000000
       0.0000000
       0.0000000
       0.0000000
       0.0000000
       0.0000000
       0.0000000
       0.0000000
       0.0000000
       0.0000000
       0.0000000
       0.0000000
       0.0000000
       0.0000000
       0.0000000
       0.0000000
       0.0000000
       0.0000000
       0.0000000
       0.0000000
       0.0000000
       0.0000000
       0.0000000
       0.0000000
       0.0000000
       0.0000000
       0.0000000
       0.0000000
       0.0000000
       0.0000000
       0.0000000
       0.0000000
       0.0000000
       0.0000000
       0.0000000
       0.0000000
       0.0000000
       0.0000000
       0.0000000
       0.0000000
       0.0000000
       0.0000000
       0.0000000
       0.0000000
       0.0000000
       0.0000000
       0.0000000
       0.0000000
       0.0000000
       0.0000000
       0.0000000
       0.0000000
      -1.3809000
      -0.3634000
      -0.6722000
       1.1291000
       0.0755000
       0.4252000
      -1.4903001
       1.3022000
      -0.4175000
      -0.4726000
      -0.1755000
       0.2671000
       2.2047000
      -0.8642000
      -0.3350000
       1.3360000
       0.2065000
      -0.8515000
      -0.6516000
       1.7579000
       1.3164001
      -1.4550000
       1.8759000
      -0.5290000
       0.7750000
      -0.1596000
       1.1912000
      -0.0083000
       0.0863000
      -0.9054000
       1.6588000
      -1.8530000
      -0.1565000
       1.2866000
       0.4444000
      -1.6712000
       0.8649000
       1.2767000
      -2.4152000
       1.4378000
       0.0844000
       0.5105000
      -1.6846000
       2.0801001
      -0.7197000
      -0.7172000
       0.2138000
       1.0529000
      -1.4109000
       2.3708999
      -1.9100000
       0.5408000
       1.6094000
      -1.3854001
      -1.0436000
       2.4712999
      -0.8999000
       0.0000000
       0.0000000
       0.0000000
       0.0000000
       0.0000000
       0.0000000
       0.0000000
       0.0000000
       0.0000000
       0.0000000
       0.0000000
       0.0000000
       0.0000000
       0.0000000
       0.0000000
       0.0000000
       0.0000000
       0.0000000
       0.0000000
       0.0000000
       0.0000000
       0.0000000
       0.0000000
       0.0000000
       0.0000000
       0.0000000
       0.0000000
       0.0000000
       0.0000000
       0.0000000
       0.0000000
       0.0000000
       0.0000000
       0.0000000
       0.0000000
       0.0000000
       0.0000000
       0.0000000
       0.0000000
       0.0000000
       0.0000000
       0.0000000
       0.0000000
       0.0000000
       0.0000000
       0.0000000
       0.0000000
       0.0000000
       0.0000000
       0.0000000
       0.0000000
       0.0000000
       0.0000000
       0.0000000
       0.0000000
       0.3238000
      -0.0333000
       2.1350999
      -0.6240000
       2.7042000
      -3.7423999
       1.8973000
       0.2510000
      -0.3242000
       0.2372000
       0.5966000
       2.2195001
      -1.0750000
       0.6751000
      -0.6049000
       0.5915000
      -1.5525000
       0.5662000
       0.1002000
      -0.8271000
       0.4887000
       1.8212000
      -2.6445999
       0.7098000
       0.8619000
      -2.2790000
      -0.0978000
       1.7665000
      -0.7899000
      -0.5418000
      -0.5011000
       0.7796000
       0.3680000
      -0.2682000
      -0.6669000
       0.9927000
      -0.2779000
      -1.4094000
       1.1939000
      -0.6982000
       1.1360000
      -2.3474000
       1.7592000
       0.4258000
       0.0291000
      -1.0312001
       1.5032001
      -0.8152000
       1.0283000
      -0.1552000
       1.3490000
      -1.3069000
      -0.3295000
       0.8235000
       0.1471000
      -2.1231000
       0.0000000
       0.0000000
       0.0000000
       0.0000000
       0.0000000
       0.0000000
       0.0000000
       0.0000000
       0.0000000
       0.0000000
       0.0000000
       0.0000000
       0.0000000
       0.0000000
       0.0000000
       0.0000000
       0.0000000
       0.0000000
       0.0000000
       0.0000000
       0.0000000
       0.0000000
       0.0000000
       0.0000000
       0.0000000
       0.0000000
       0.0000000
       0.0000000
       0.0000000
       0.0000000
       0.0000000
       0.0000000
       0.0000000
       0.0000000
       0.0000000
       0.0000000
       0.0000000
       0.0000000
       0.0000000
       0.0000000
       0.0000000
       0.0000000
       0.0000000
       0.0000000
       0.0000000
       0.0000000
       0.0000000
       0.0000000
       0.0000000
       0.0000000
       0.0000000
       0.0000000
       0.0000000
       0.0000000
       0.0000000
       0.0000000
      -0.4499000
       0.5444000
       0.7913000
      -0.6724000
      -2.1935000
       2.4500000
      -1.0886000
       0.6815000
       0.0447000
      -0.6664000
       0.1848000
       0.9600000
       0.7929000
      -1.0096999
       0.8883000
      -1.4200000
       1.2830000
      -2.4558001
       0.7264000
       1.6044000
      -0.0229000
       0.0545000
       2.0074999
      -1.0113000
      -0.0458000
       2.1858001
      -1.4068000
       0.2875000
       2.4928000
      -0.8402000
      -0.9856000
       1.5316000
       0.3440000
      -0.9710000
       0.7473000
      -0.7232000
       0.1147000
       0.6311000
      -1.7395000
       0.2027000
      -0.3071000
       0.9268000
      -1.4848000
       0.9165000
       0.2552000
       0.1305000
      -1.9931999
       2.3757000
      -0.6860000
      -0.2462000
       0.8677000
       0.2503000
      -1.3506000
       1.0750999
      -0.2218000
       0.0000000
       0.0000000
       0.0000000
       0.0000000
       0.0000000
       0.0000000
       0.0000000
       0.0000000
       0.0000000
       0.0000000
       0.0000000
       0.0000000
       0.0000000
       0.0000000
       0.0000000
       0.0000000
       0.0000000
       0.0000000
       0.0000000
       0.0000000
       0.0000000
       0.0000000
       0.0000000
       0.0000000
       0.0000000
       0.0000000
       0.0000000
       0.0000000
       0.0000000
       0.0000000
       0.0000000
       0.0000000
       0.0000000
       0.0000000
       0.0000000
       0.0000000
       0.0000000
       0.0000000
       0.0000000
       0.0000000
       0.0000000
       0.0000000
       0.0000000
       0.0000000
       0.0000000
       0.0000000
       0.0000000
       0.0000000
       0.0000000
       0.0000000
       0.0000000
       0.0000000
       0.0000000
       0.0000000
       0.0000000
       0.0000000
       0.0000000
       0.6880000
       1.7035000
       0.1676000
      -1.2802000
       1.5174000
      -2.1164999
       1.7920001
      -0.1552000
      -0.4872000
       0.3693000
      -0.0850000
       1.4389000
       0.0566000
       0.8632000
      -0.2496000
      -0.4172000
      -1.5955000
       0.6126000
       0.4252000
      -0.2035000
       1.0649000
      -0.0260000
      -1.9184000
       1.5941000
       0.5885000
      -4.1792998
       0.9671000
       1.1246001
      -1.2833000
      -1.2108001
      -0.0439000
       0.7091000
      -0.4752000
      -0.6237000
       0.3614000
       0.5844000
       0.0101000
       0.2201000
      -0.0587000
      -1.0274000
       0.9520000
      -1.2658000
       0.6381000
      -0.0505000
       0.7369000
      -1.5750999
       1.6122000
      -0.6864000
       0.0573000
      -0.1813000
      -0.3583000
      -0.3388000
       0.0655000
      -1.1793000
       0.0000000
       0.0000000
       0.0000000
       0.0000000
       0.0000000
       0.0000000
       0.0000000
       0.0000000
       0.0000000
       0.0000000
       0.0000000
       0.0000000
       0.0000000
       0.0000000
       0.0000000
       0.0000000
       0.0000000
       0.0000000
       0.0000000
       0.0000000
       0.0000000
       0.0000000
       0.0000000
       0.0000000
       0.0000000
       0.0000000
       0.0000000
       0.0000000
       0.0000000
       0.0000000
       0.0000000
       0.0000000
       0.0000000
       0.0000000
       0.0000000
       0.0000000
       0.0000000
       0.0000000
       0.0000000
       0.0000000
       0.0000000
       0.0000000
       0.0000000
       0.0000000
       0.0000000
       0.0000000
       0.0000000
       0.0000000
       0.0000000
       0.0000000
       0.0000000
       0.0000000
       0.0000000
       0.0000000
       0.0000000
       0.0000000
       0.0000000
       0.0000000
       0.9291000
       0.9548000
      -0.0387000
      -0.7280000
      -0.9424000
       1.3940001
       0.0090000
       0.5507000
       0.6309000
      -0.2694000
       0.3781000
       0.7584000
      -0.6098000
       0.5858000
       0.8814000
      -1.9505000
       1.1835999
      -1.3882999
      -0.3258000
       1.4340000
       0.1112000
       0.0089000
       1.2142000
      -0.9751000
      -1.0531000
       1.9766999
      -0.6101000
       0.2934000
       1.5158000
       0.7395000
      -0.9940000
       0.0093000
       1.7422000
      -2.0409000
      -0.8518000
       0.8807000
      -0.3376000
       0.0748000
       1.0779999
      -0.8374000
      -1.0331000
       2.2460999
      -1.7092000
      -0.2269000
       1.7668000
       0.1509000
      -1.4943000
       1.5445000
      -1.2062000
      -0.2636000
       1.0341001
      -0.2352000
      -1.1105000
       0.0000000
       0.0000000
       0.0000000
       0.0000000
       0.0000000
       0.0000000
       0.0000000
       0.0000000
       0.0000000
       0.0000000
       0.0000000
       0.0000000
       0.0000000
       0.0000000
       0.0000000
       0.0000000
       0.0000000
       0.0000000
       0.0000000
       0.0000000
       0.0000000
       0.0000000
       0.0000000
       0.0000000
       0.0000000
       0.0000000
       0.0000000
       0.0000000
       0.0000000
       0.0000000
       0.0000000
       0.0000000
       0.0000000
       0.0000000
       0.0000000
       0.0000000
       0.0000000
       0.0000000
       0.0000000
       0.0000000
       0.0000000
       0.0000000
       0.0000000
       0.0000000
       0.0000000
       0.0000000
       0.0000000
       0.0000000
       0.0000000
       0.0000000
       0.0000000
       0.0000000
       0.0000000
       0.0000000
       0.0000000
       0.0000000
       0.0000000
       0.0000000
       0.0000000
       1.1953000
      -0.2254000
      -0.4125000
       0.1815000
       0.1586000
       0.6957000
      -0.7604000
       0.4685000
      -0.2940000
       0.1021000
      -0.3583000
      -0.1147000
       2.2851000
      -0.6682000
      -0.1554000
       1.0239000
      -1.3674001
       1.7969000
       0.0817000
       0.2011000
       0.0892000
       0.8705000
      -0.6622000
      -0.7365000
       0.1422000
      -1.9365000
       0.8747000
       0.4822000
      -0.0853000
      -1.1007000
       1.4407001
       0.6160000
      -2.4412999
       1.4304000
      -1.0743999
      -0.7190000
       1.3460000
      -0.8095000
       0.8527000
      -0.4093000
      -0.2235000
      -1.4892000
       0.8817000
      -0.8073000
      -0.0130000
       0.9706000
      -0.4533000
      -1.6338000
       2.4631000
       0.3597000
      -2.3022001
       1.3516001
       0.0000000
       0.0000000
       0.0000000
       0.0000000
       0.0000000
       0.0000000
       0.0000000
       0.0000000
       0.0000000
       0.0000000
       0.0000000
       0.0000000
       0.0000000
       0.0000000
       0.0000000
       0.0000000
       0.0000000
       0.0000000
       0.0000000
       0.0000000
       0.0000000
       0.0000000
       0.0000000
       0.0000000
       0.0000000
       0.0000000
       0.0000000
       0.0000000
       0.0000000
       0.0000000
       0.0000000
       0.0000000
       0.0000000
       0.0000000
       0.0000000
       0.0000000
       0.0000000
       0.0000000
       0.0000000
       0.0000000
       0.0000000
       0.0000000
       0.0000000
       0.0000000
       0.0000000
       0.0000000
       0.0000000
       0.0000000
       0.0000000
       0.0000000
       0.0000000
       0.0000000
       0.0000000
       0.0000000
       0.0000000
       0.0000000
       0.0000000
       0.0000000
       0.0000000
       0.0000000
       2.2118001
      -1.9507000
       0.3615000
       0.9467000
       0.1531000
      -1.5238000
       1.0775000
       0.1117000
       0.3958000
      -0.4590000
       0.7814000
      -0.8582000
      -0.3049000
       0.8758000
      -1.8657000
       0.7871000
       0.4409000
      -0.0612000
      -0.1031000
      -0.6858000
       0.8466000
       0.5901000
       0.9897000
      -1.9363000
      -1.0568000
       1.3852000
      -0.0703000
       0.0432000
       0.1869000
       1.8160000
      -1.4265000
       0.2376000
       2.2897999
      -2.6654999
       0.4293000
       0.6272000
      -0.4772000
       0.8822000
       0.4301000
       0.5127000
      -0.3488000
       0.9190000
      -1.4340000
       1.3684000
       0.7676000
      -1.1480000
       1.5545000
       0.0296000
      -2.1838000
       0.7858000
       1.7295001
       0.0000000
       0.0000000
       0.0000000
       0.0000000
       0.0000000
       0.0000000
       0.0000000
       0.0000000
       0.0000000
       0.0000000
       0.0000000
       0.0000000
       0.0000000
       0.0000000
       0.0000000
       0.0000000
       0.0000000
       0.0000000
       0.0000000
       0.0000000
       0.0000000
       0.0000000
       0.0000000
       0.0000000
       0.0000000
       0.0000000
       0.0000000
       0.0000000
       0.0000000
       0.0000000
       0.0000000
       0.0000000
       0.0000000
       0.0000000
       0.0000000
       0.0000000
       0.0000000
       0.0000000
       0.0000000
       0.0000000
       0.0000000
       0.0000000
       0.0000000
       0.0000000
       0.0000000
       0.0000000
       0.0000000
       0.0000000
       0.0000000
       0.0000000
       0.0000000
       0.0000000
       0.0000000
       0.0000000
       0.0000000
       0.0000000
       0.0000000
       0.0000000
       0.0000000
       0.0000000
       0.0000000
      -0.5589000
      -0.2710000
       0.1953000
       1.6700000
       0.1755000
      -0.4806000
      -0.8011000
       0.0127000
      -0.0976000
      -0.3294000
      -1.0553000
      -0.6060000
       0.6375000
      -0.0014000
      -0.3574000
      -0.5532000
       0.7143000
      -0.1354000
      -0.9725000
       0.3668000
      -0.9488000
       0.9892000
      -0.5163000
      -0.9128000
       0.5969000
      -0.3809000
       0.2260000
       0.9707000
      -1.1957000
      -1.6535000
       3.0759001
      -0.3461000
      -1.4921000
       1.4640000
      -0.4452000
      -1.1521000
       0.7731000
      -0.4850000
      -1.0975000
       0.6363000
      -0.1201000
      -1.4920000
       1.3963000
      -1.1000000
       0.0288000
       1.3358001
      -1.6797000
      -0.5041000
       2.4230001
       0.5362000
       0.0000000
       0.0000000
       0.0000000
       0.0000000
       0.0000000
       0.0000000
       0.0000000
       0.0000000
       0.0000000
       0.0000000
       0.0000000
       0.0000000
       0.0000000
       0.0000000
       0.0000000
       0.0000000
       0.0000000
       0.0000000
       0.0000000
       0.0000000
       0.0000000
       0.0000000
       0.0000000
       0.0000000
       0.0000000
       0.0000000
       0.0000000
       0.0000000
       0.0000000
       0.0000000
       0.0000000
       0.0000000
       0.0000000
       0.0000000
       0.0000000
       0.0000000
       0.0000000
       0.0000000
       0.0000000
       0.0000000
       0.0000000
       0.0000000
       0.0000000
       0.0000000
       0.0000000
       0.0000000
       0.0000000
       0.0000000
       0.0000000
       0.0000000
       0.0000000
       0.0000000
       0.0000000
       0.0000000
       0.0000000
       0.0000000
       0.0000000
       0.0000000
       0.0000000
       0.0000000
       0.0000000
       0.0000000
      -0.7846000
      -0.0991000
       1.0734000
       0.9237000
       1.0371000
      -2.2203000
       0.2113000
       0.6813000
      -0.9084000
      -0.2305000
       1.2517000
      -0.5544000
       0.5427000
      -0.6101000
       0.7384000
      -0.6047000
       0.4183000
       0.6097000
       0.5390000
      -3.4194000
       1.0328000
      -0.2159000
       0.1582000
      -0.0914000
      -0.6701000
       1.5044000
       1.1671000
      -0.8105000
       0.4592000
       1.1840000
      -1.7476000
       0.9542000
       1.4069000
      -1.9016000
       1.0752000
       1.2428000
      -1.6536000
       0.5450000
       0.9337000
      -1.2502000
      -0.4097000
       0.3518000
      -1.1619999
       0.7894000
       0.9888000
      -0.7039000
      -0.1945000
       0.8786000
      -0.2635000
       0.0000000
       0.0000000
       0.0000000
       0.0000000
       0.0000000
       0.0000000
       0.0000000
       0.0000000
       0.0000000
       0.0000000
       0.0000000
       0.0000000
       0.0000000
       0.0000000
       0.0000000
       0.0000000
       0.0000000
       0.0000000
       0.0000000
       0.0000000
       0.0000000
       0.0000000
       0.0000000
       0.0000000
       0.0000000
       0.0000000
       0.0000000
       0.0000000
       0.0000000
       0.0000000
       0.0000000
       0.0000000
       0.0000000
       0.0000000
       0.0000000
       0.0000000
       0.0000000
       0.0000000
       0.0000000
       0.0000000
       0.0000000
       0.0000000
       0.0000000
       0.0000000
       0.0000000
       0.0000000
       0.0000000
       0.0000000
       0.0000000
       0.0000000
       0.0000000
       0.0000000
       0.0000000
       0.0000000
       0.0000000
       0.0000000
       0.0000000
       0.0000000
       0.0000000
       0.0000000
       0.0000000
       0.0000000
       0.0000000
      -2.0874000
       1.5807000
       1.0023000
       0.0823000
      -0.7054000
       1.1437000
      -0.2232000
      -0.9649000
       1.4739000
      -0.1775000
      -1.3780000
       0.2861000
      -0.3861000
       1.2062000
      -0.4111000
       0.2352000
      -0.3574000
      -0.2905000
       0.1016000
      -0.1901000
      -0.7114000
      -0.0514000
       0.2704000
       0.5323000
      -0.1696000
      -0.5704000
       1.0712000
      -0.9846000
      -2.2381999
       0.0636000
       0.7716000
      -0.3740000
      -0.8743000
       1.6670001
      -0.2744000
      -2.6596999
       2.3566000
      -0.0481000
      -1.8292000
       1.5139000
      -0.0772000
       0.0529000
      -0.8563000
       0.8889000
       0.3835000
      -0.5675000
      -0.3050000
       0.4710000
       0.0000000
       0.0000000
       0.0000000
       0.0000000
       0.0000000
       0.0000000
       0.0000000
       0.0000000
       0.0000000
       0.0000000
       0.0000000
       0.0000000
       0.0000000
       0.0000000
       0.0000000
       0.0000000
       0.0000000
       0.0000000
       0.0000000
       0.0000000
       0.0000000
       0.0000000
       0.0000000
       0.0000000
       0.0000000
       0.0000000
       0.0000000
       0.0000000
       0.0000000
       0.0000000
       0.0000000
       0.0000000
       0.0000000
       0.0000000
       0.0000000
       0.0000000
       0.0000000
       0.0000000
       0.0000000
       0.0000000
       0.0000000
       0.0000000
       0.0000000
       0.0000000
       0.0000000
       0.0000000
       0.0000000
       0.0000000
       0.0000000
       0.0000000
       0.0000000
       0.0000000
       0.0000000
       0.0000000
       0.0000000
       0.0000000
       0.0000000
       0.0000000
       0.0000000
       0.0000000
       0.0000000
       0.0000000
       0.0000000
       0.0000000
      -1.0166000
       2.3111999
       2.2442000
      -1.6203001
       0.4307000
      -0.6132000
       1.0345000
      -0.6857000
      -0.5999000
      -0.2093000
       0.5157000
      -0.2461000
       0.2981000
       0.0508000
       0.8033000
      -0.1158000
       1.0080000
       0.1827000
       0.4004000
      -0.3369000
      -0.9489000
       0.2355000
      -0.1243000
       1.1638000
       0.0485000
       1.1691999
      -0.0463000
       0.0279000
       0.3535000
       0.4927000
       0.4101000
      -1.2802000
       1.4984000
      -0.3487000
      -1.5388000
       1.6628000
      -1.4203000
      -0.2965000
       2.1104000
      -2.0446999
       1.2441000
      -0.0679000
       0.4701000
      -1.1197000
       1.1921999
       0.9709000
       0.1155000
       0.0000000
       0.0000000
       0.0000000
       0.0000000
       0.0000000
       0.0000000
       0.0000000
       0.0000000
       0.0000000
       0.0000000
       0.0000000
       0.0000000
       0.0000000
       0.0000000
       0.0000000
       0.0000000
       0.0000000
       0.0000000
       0.0000000
       0.0000000
       0.0000000
       0.0000000
       0.0000000
       0.0000000
       0.0000000
       0.0000000
       0.0000000
       0.0000000
       0.0000000
       0.0000000
       0.0000000
       0.0000000
       0.0000000
       0.0000000
       0.0000000
       0.0000000
       0.0000000
       0.0000000
       0.0000000
       0.0000000
       0.0000000
       0.0000000
       0.0000000
       0.0000000
       0.0000000
       0.0000000
       0.0000000
       0.0000000
       0.0000000
       0.0000000
       0.0000000
       0.0000000
       0.0000000
       0.0000000
       0.0000000
       0.0000000
       0.0000000
       0.0000000
       0.0000000
       0.0000000
       0.0000000
       0.0000000
       0.0000000
       0.0000000
       0.0000000
       0.0328000
      -0.0314000
       1.2650000
      -0.6715000
      -1.8521000
       2.1703999
      -1.3430001
       0.9248000
      -1.5553000
       0.3116000
      -0.0792000
      -1.1392000
       0.1499000
       1.0512000
      -0.8105000
       1.6295000
       0.7729000
       0.2692000
      -1.7177000
       0.6401000
      -0.3055000
      -0.2099000
      -1.0969000
      -0.8127000
       0.1587000
      -0.7509000
      -0.6987000
      -1.5562000
      -0.0644000
      -0.6176000
      -0.4471000
       0.9952000
      -0.4137000
       0.9101000
       0.1093000
      -1.5881000
       2.0720000
       0.5410000
      -2.3378000
       1.9284000
       0.4043000
      -0.6924000
      -1.3642000
       1.9004000
      -2.0560999
      -0.2443000
       0.0000000
       0.0000000
       0.0000000
       0.0000000
       0.0000000
       0.0000000
       0.0000000
       0.0000000
       0.0000000
       0.0000000
       0.0000000
       0.0000000
       0.0000000
       0.0000000
       0.0000000
       0.0000000
       0.0000000
       0.0000000
       0.0000000
       0.0000000
       0.0000000
       0.0000000
       0.0000000
       0.0000000
       0.0000000
       0.0000000
       0.0000000
       0.0000000
       0.0000000
       0.0000000
       0.0000000
       0.0000000
       0.0000000
       0.0000000
       0.0000000
       0.0000000
       0.0000000
       0.0000000
       0.0000000
       0.0000000
       0.0000000
       0.0000000
       0.0000000
       0.0000000
       0.0000000
       0.0000000
       0.0000000
       0.0000000
       0.0000000
       0.0000000
       0.0000000
       0.0000000
       0.0000000
       0.0000000
       0.0000000
       0.0000000
       0.0000000
       0.0000000
       0.0000000
       0.0000000
       0.0000000
       0.0000000
       0.0000000
       0.0000000
       0.0000000
       0.0000000
       0.6066000
       0.6536000
       0.9687000
      -1.6338000
      -0.2876000
      -0.5914000
       1.1468000
      -0.7403000
      -0.0479000
      -0.7938000
       0.0145000
       0.9916000
      -1.3295000
       0.5931000
       1.0779999
      -0.8513000
       0.9847000
       0.4048000
      -1.0355000
       0.6753000
       0.0273000
      -0.3252000
      -0.5166000
       0.0228000
       0.3690000
       0.8497000
      -0.2684000
       0.1755000
       0.1270000
       1.7295001
      -0.2612000
      -1.1602000
       2.1572001
       0.2498000
      -1.4299001
       0.5617000
       0.6811000
       0.0478000
      -0.0181000
      -0.3856000
       0.9445000
       0.2746000
       0.6326000
      -1.9706000
       1.8702000
       0.0000000
       0.0000000
       0.0000000
       0.0000000
       0.0000000
       0.0000000
       0.0000000
       0.0000000
       0.0000000
       0.0000000
       0.0000000
       0.0000000
       0.0000000
       0.0000000
       0.0000000
       0.0000000
       0.0000000
       0.0000000
       0.0000000
       0.0000000
       0.0000000
       0.0000000
       0.0000000
       0.0000000
       0.0000000
       0.0000000
       0.0000000
       0.0000000
       0.0000000
       0.0000000
       0.0000000
       0.0000000
       0.0000000
       0.0000000
       0.0000000
       0.0000000
       0.0000000
       0.0000000
       0.0000000
       0.0000000
       0.0000000
       0.0000000
       0.0000000
       0.0000000
       0.0000000
       0.0000000
       0.0000000
       0.0000000
       0.0000000
       0.0000000
       0.0000000
       0.0000000
       0.0000000
       0.0000000
       0.0000000
       0.0000000
       0.0000000
       0.0000000
       0.0000000
       0.0000000
       0.0000000
       0.0000000
       0.0000000
       0.0000000
       0.0000000
       0.0000000
       0.0000000
      -0.4566000
       0.4013000
      -0.5857000
       0.1981000
      -0.2506000
       0.2627000
      -1.4461000
       2.2997000
      -1.6208000
      -0.3189000
       1.0628999
       0.3743000
       0.4287000
      -0.6944000
      -0.8037000
       2.3180001
       0.6026000
      -1.5836000
      -0.4296000
      -0.5861000
      -0.5335000
      -0.6350000
       0.4584000
      -2.2830999
       0.8164000
      -0.7149000
       0.3760000
       0.2491000
      -0.0331000
      -0.8164000
      -0.7707000
       1.5489000
      -0.6303000
      -1.3388000
       0.4916000
      -1.4080000
      -0.4039000
       0.7590000
      -1.6816000
      -0.0819000
       0.6054000
      -0.2707000
      -0.6035000
       1.5953000
       0.0000000
       0.0000000
       0.0000000
       0.0000000
       0.0000000
       0.0000000
       0.0000000
       0.0000000
       0.0000000
       0.0000000
       0.0000000
       0.0000000
       0.0000000
       0.0000000
       0.0000000
       0.0000000
       0.0000000
       0.0000000
       0.0000000
       0.0000000
       0.0000000
       0.0000000
       0.0000000
       0.0000000
       0.0000000
       0.0000000
       0.0000000
       0.0000000
       0.0000000
       0.0000000
       0.0000000
       0.0000000
       0.0000000
       0.0000000
       0.0000000
       0.0000000
       0.0000000
       0.0000000
       0.0000000
       0.0000000
       0.0000000
       0.0000000
       0.0000000
       0.0000000
       0.0000000
       0.0000000
       0.0000000
       0.0000000
       0.0000000
       0.0000000
       0.0000000
       0.0000000
       0.0000000
       0.0000000
       0.0000000
       0.0000000
       0.0000000
       0.0000000
       0.0000000
       0.0000000
       0.0000000
       0.0000000
       0.0000000
       0.0000000
       0.0000000
       0.0000000
       0.0000000
       0.0000000
       0.1937000
      -0.6157000
      -0.8958000
       0.8574000
      -0.8454000
       0.1248000
       0.0678000
       0.7910000
       0.4411000
      -1.7513000
       1.7028000
       0.9333000
      -0.2651000
      -0.2342000
       1.5142000
      -1.7796000
       0.6926000
      -1.2056000
       1.3114001
      -0.1321000
      -0.4534000
       0.3002000
      -0.5545000
       1.0888000
      -1.2099000
       1.2121000
      -0.0689000
       0.3780000
      -0.3494000
      -0.3146000
       0.6169000
       0.2618000
      -0.4829000
       0.2111000
      -1.1407000
       0.9218000
       0.1335000
      -1.3637000
       1.7053000
       0.0257000
      -1.0717000
       1.2060000
       0.9627000
       0.0000000
       0.0000000
       0.0000000
       0.0000000
       0.0000000
       0.0000000
       0.0000000
       0.0000000
       0.0000000
       0.0000000
       0.0000000
       0.0000000
       0.0000000
       0.0000000
       0.0000000
       0.0000000
       0.0000000
       0.0000000
       0.0000000
       0.0000000
       0.0000000
       0.0000000
       0.0000000
       0.0000000
       0.0000000
       0.0000000
       0.0000000
       0.0000000
       0.0000000
       0.0000000
       0.0000000
       0.0000000
       0.0000000
       0.0000000
       0.0000000
       0.0000000
       0.0000000
       0.0000000
       0.0000000
       0.0000000
       0.0000000
       0.0000000
       0.0000000
       0.0000000
       0.0000000
       0.0000000
       0.0000000
       0.0000000
       0.0000000
       0.0000000
       0.0000000
       0.0000000
       0.0000000
       0.0000000
       0.0000000
       0.0000000
       0.0000000
       0.0000000
       0.0000000
       0.0000000
       0.0000000
       0.0000000
       0.0000000
       0.0000000
       0.0000000
       0.0000000
       0.0000000
       0.0000000
       0.0000000
      -0.9184000
      -0.5141000
      -0.4039000
       0.0401000
       0.6730000
      -0.4662000
       0.7741000
      -0.2166000
      -0.6769000
       0.5213000
      -1.4802001
       1.3342000
       2.0650001
      -1.8491000
      -0.5460000
       2.2569001
      -2.2581000
       0.7232000
       0.2005000
       0.9411000
      -1.8128000
       0.1801000
       1.7029999
       0.2712000
       0.1589000
      -1.0499001
       2.1094999
      -0.3224000
       0.0787000
      -0.6143000
      -0.2102000
       1.9331000
      -1.2027000
      -1.9591000
       1.6257000
      -0.5872000
      -1.6436000
      -0.1603000
       0.1584000
       0.1394000
       0.2541000
      -0.7376000
       0.0000000
       0.0000000
       0.0000000
       0.0000000
       0.0000000
       0.0000000
       0.0000000
       0.0000000
       0.0000000
       0.0000000
       0.0000000
       0.0000000
       0.0000000
       0.0000000
       0.0000000
       0.0000000
       0.0000000
       0.0000000
       0.0000000
       0.0000000
       0.0000000
       0.0000000
       0.0000000
       0.0000000
       0.0000000
       0.0000000
       0.0000000
       0.0000000
       0.0000000
       0.0000000
       0.0000000
       0.0000000
       0.0000000
       0.0000000
       0.0000000
       0.0000000
       0.0000000
       0.0000000
       0.0000000
       0.0000000
       0.0000000
       0.0000000
       0.0000000
       0.0000000
       0.0000000
       0.0000000
       0.0000000
       0.0000000
       0.0000000
       0.0000000
       0.0000000
       0.0000000
       0.0000000
       0.0000000
       0.0000000
       0.0000000
       0.0000000
       0.0000000
       0.0000000
       0.0000000
       0.0000000
       0.0000000
       0.0000000
       0.0000000
       0.0000000
       0.0000000
       0.0000000
       0.0000000
       0.0000000
       0.0000000
      -0.2357000
      -0.3709000
      -1.6981000
       1.4977000
      -0.5146000
       0.1421000
      -0.5796000
       1.7667000
      -1.1690000
      -1.0181000
       0.6522000
      -0.3163000
       0.3069000
       0.8312000
       1.2176000
      -2.0868001
       0.4338000
      -0.9125000
       1.2486000
      -0.6068000
      -0.3442000
      -0.8011000
       2.3390000
      -0.2776000
      -1.0070000
       1.7839000
      -0.2471000
       0.5007000
      -1.9633000
       0.4427000
       1.0414000
      -1.2724000
       1.3513000
       0.0309000
      -0.8187000
       2.1661999
      -2.3812001
       0.2434000
       0.9400000
      -0.3153000
       0.5328000
       0.0000000
       0.0000000
       0.0000000
       0.0000000
       0.0000000
       0.0000000
       0.0000000
       0.0000000
       0.0000000
       0.0000000
       0.0000000
       0.0000000
       0.0000000
       0.0000000
       0.0000000
       0.0000000
       0.0000000
       0.0000000
       0.0000000
       0.0000000
       0.0000000
       0.0000000
       0.0000000
       0.0000000
       0.0000000
       0.0000000
       0.0000000
       0.0000000
       0.0000000
       0.0000000
       0.0000000
       0.0000000
       0.0000000
       0.0000000
       0.0000000
       0.0000000
       0.0000000
       0.0000000
       0.0000000
       0.0000000
       0.0000000
       0.0000000
       0.0000000
       0.0000000
       0.0000000
       0.0000000
       0.0000000
       0.0000000
       0.0000000
       0.0000000
       0.0000000
       0.0000000
       0.0000000
       0.0000000
       0.0000000
       0.0000000
       0.0000000
       0.0000000
       0.0000000
       0.0000000
       0.0000000
       0.0000000
       0.0000000
       0.0000000
       0.0000000
       0.0000000
       0.0000000
       0.0000000
       0.0000000
       0.0000000
       0.0000000
       0.6408000
       1.2181000
      -0.8655000
      -0.6609000
       1.3645000
      -0.8704000
       1.9721000
      -2.5209000
       1.0075001
       0.1875000
      -0.5589000
      -0.2393000
       0.8806000
       1.6723000
      -1.2285000
      -0.0603000
      -1.4820000
       1.3302000
      -0.7876000
      -0.0700000
      -0.8664000
       0.0198000
      -0.7582000
       2.1747999
       0.0096000
      -1.2050000
       0.6318000
       0.0632000
      -1.0152000
      -0.6169000
       0.0883000
       0.5098000
      -0.1812000
      -0.3121000
       1.5592999
      -1.1273000
       1.1240000
      -0.1881000
      -0.1146000
       0.4211000
       0.0000000
       0.0000000
       0.0000000
       0.0000000
       0.0000000
       0.0000000
       0.0000000
       0.0000000
       0.0000000
       0.0000000
       0.0000000
       0.0000000
       0.0000000
       0.0000000
       0.0000000
       0.0000000
       0.0000000
       0.0000000
       0.0000000
       0.0000000
       0.0000000
       0.0000000
       0.0000000
       0.0000000
       0.0000000
       0.0000000
       0.0000000
       0.0000000
       0.0000000
       0.0000000
       0.0000000
       0.0000000
       0.0000000
       0.0000000
       0.0000000
       0.0000000
       0.0000000
       0.0000000
       0.0000000
       0.0000000
       0.0000000
       0.0000000
       0.0000000
       0.0000000
       0.0000000
       0.0000000
       0.0000000
       0.0000000
       0.0000000
       0.0000000
       0.0000000
       0.0000000
       0.0000000
       0.0000000
       0.0000000
       0.0000000
       0.0000000
       0.0000000
       0.0000000
       0.0000000
       0.0000000
       0.0000000
       0.0000000
       0.0000000
       0.0000000
       0.0000000
       0.0000000
       0.0000000
       0.0000000
       0.0000000
       0.0000000
       0.0000000
      -0.1891000
       0.8691000
      -1.6928000
      -0.4013000
      -0.2792000
       0.3480000
      -0.4606000
       0.3940000
       0.0118000
      -0.1756000
       0.5989000
      -0.4532000
      -0.6587000
       1.4361000
       1.0129000
      -3.3782001
       1.7421000
      -0.8228000
      -0.8274000
       0.0066000
       0.2614000
       0.1935000
       0.5576000
      -0.1665000
       1.5786999
      -0.6069000
       1.1441000
      -1.0035000
      -1.1152000
       0.7867000
      -0.3409000
      -0.6510000
       0.0789000
       0.8093000
      -1.1341000
       0.8062000
      -0.8586000
       0.3996000
       0.6465000
       0.0000000
       0.0000000
       0.0000000
       0.0000000
       0.0000000
       0.0000000
       0.0000000
       0.0000000
       0.0000000
       0.0000000
       0.0000000
       0.0000000
       0.0000000
       0.0000000
       0.0000000
       0.0000000
       0.0000000
       0.0000000
       0.0000000
       0.0000000
       0.0000000
       0.0000000
       0.0000000
       0.0000000
       0.0000000
       0.0000000
       0.0000000
       0.0000000
       0.0000000
       0.0000000
       0.0000000
       0.0000000
       0.0000000
       0.0000000
       0.0000000
       0.0000000
       0.0000000
       0.0000000
       0.0000000
       0.0000000
       0.0000000
       0.0000000
       0.0000000
       0.0000000
       0.0000000
       0.0000000
       0.0000000
       0.0000000
       0.0000000
       0.0000000
       0.0000000
       0.0000000
       0.0000000
       0.0000000
       0.0000000
       0.0000000
       0.0000000
       0.0000000
       0.0000000
       0.0000000
       0.0000000
       0.0000000
       0.0000000
       0.0000000
       0.0000000
       0.0000000
       0.0000000
       0.0000000
       0.0000000
       0.0000000
       0.0000000
       0.0000000
       0.0000000
       1.0088000
       0.5469000
       1.1872000
      -1.0307000
      -1.1311001
       2.0513999
      -0.7360000
      -1.2184000
      -1.3828000
       0.5323000
      -0.8966000
      -1.0373000
       0.9040000
       0.5676000
      -0.2781000
       0.1255000
      -0.3356000
       0.2863000
      -0.2918000
      -1.5951000
       1.5459000
       0.4020000
      -0.5725000
       0.1455000
       1.7873000
      -0.4298000
      -2.4647000
       0.1577000
       0.3552000
      -2.2118001
      -0.3450000
       0.0577000
      -0.7496000
       0.6123000
      -0.4734000
      -0.6180000
       1.5094000
      -0.7776000
       0.0000000
       0.0000000
       0.0000000
       0.0000000
       0.0000000
       0.0000000
       0.0000000
       0.0000000
       0.0000000
       0.0000000
       0.0000000
       0.0000000
       0.0000000
       0.0000000
       0.0000000
       0.0000000
       0.0000000
       0.0000000
       0.0000000
       0.0000000
       0.0000000
       0.0000000
       0.0000000
       0.0000000
       0.0000000
       0.0000000
       0.0000000
       0.0000000
       0.0000000
       0.0000000
       0.0000000
       0.0000000
       0.0000000
       0.0000000
       0.0000000
       0.0000000
       0.0000000
       0.0000000
       0.0000000
       0.0000000
       0.0000000
       0.0000000
       0.0000000
       0.0000000
       0.0000000
       0.0000000
       0.0000000
       0.0000000
       0.0000000
       0.0000000
       0.0000000
       0.0000000
       0.0000000
       0.0000000
       0.0000000
       0.0000000
       0.0000000
       0.0000000
       0.0000000
       0.0000000
       0.0000000
       0.0000000
       0.0000000
       0.0000000
       0.0000000
       0.0000000
       0.0000000
       0.0000000
       0.0000000
       0.0000000
       0.0000000
       0.0000000
       0.0000000
       0.0000000
       0.8277000
       0.6523000
       1.1841000
      -0.9640000
      -0.4696000
      -1.2911000
      -0.1428000
       0.1866000
      -0.6015000
      -0.3595000
       0.3089000
       0.0973000
       0.4888000
      -0.2690000
      -0.5637000
       0.3170000
       0.5409000
      -0.7775000
      -1.8831000
       0.9987000
       0.8392000
      -0.0435000
      -1.3125000
       1.0265000
      -0.5560000
      -0.1991000
       0.6704000
      -0.6777000
       0.9501000
      -0.2227000
       0.8180000
       0.6676000
       0.2078000
       0.7538000
       0.7781000
      -0.1427000
      -1.1236000
       0.0000000
       0.0000000
       0.0000000
       0.0000000
       0.0000000
       0.0000000
       0.0000000
       0.0000000
       0.0000000
       0.0000000
       0.0000000
       0.0000000
       0.0000000
       0.0000000
       0.0000000
       0.0000000
       0.0000000
       0.0000000
       0.0000000
       0.0000000
       0.0000000
       0.0000000
       0.0000000
       0.0000000
       0.0000000
       0.0000000
       0.0000000
       0.0000000
       0.0000000
       0.0000000
       0.0000000
       0.0000000
       0.0000000
       0.0000000
       0.0000000
       0.0000000
       0.0000000
       0.0000000
       0.0000000
       0.0000000
       0.0000000
       0.0000000
       0.0000000
       0.0000000
       0.0000000
       0.0000000
       0.0000000
       0.0000000
       0.0000000
       0.0000000
       0.0000000
       0.0000000
       0.0000000
       0.0000000
       0.0000000
       0.0000000
       0.0000000
       0.0000000
       0.0000000
       0.0000000
       0.0000000
       0.0000000
       0.0000000
       0.0000000
       0.0000000
       0.0000000
       0.0000000
       0.0000000
       0.0000000
       0.0000000
       0.0000000
       0.0000000
       0.0000000
       0.0000000
       0.0000000
       0.0565000
       0.1467000
       0.0936000
       0.4369000
      -0.5354000
      -2.0390000
       1.3068000
       0.2640000
       0.0661000
      -0.5508000
       0.3197000
      -0.2869000
      -1.0956000
      -0.1618000
      -0.8233000
       0.3460000
       0.1205000
      -1.4131000
       0.1119000
      -0.2597000
       0.3509000
      -0.0751000
       0.7776000
      -0.9391000
       1.1284000
      -0.4780000
      -1.3046000
       0.9708000
      -0.8884000
       0.5002000
      -1.2817000
       0.8241000
       0.7667000
      -1.7237000
      -0.4300000
       1.5439000
       0.0000000
       0.0000000
       0.0000000
       0.0000000
       0.0000000
       0.0000000
       0.0000000
       0.0000000
       0.0000000
       0.0000000
       0.0000000
       0.0000000
       0.0000000
       0.0000000
       0.0000000
       0.0000000
       0.0000000
       0.0000000
       0.0000000
       0.0000000
       0.0000000
       0.0000000
       0.0000000
       0.0000000
       0.0000000
       0.0000000
       0.0000000
       0.0000000
       0.0000000
       0.0000000
       0.0000000
       0.0000000
       0.0000000
       0.0000000
       0.0000000
       0.0000000
       0.0000000
       0.0000000
       0.0000000
       0.0000000
       0.0000000
       0.0000000
       0.0000000
       0.0000000
       0.0000000
       0.0000000
       0.0000000
       0.0000000
       0.0000000
       0.0000000
       0.0000000
       0.0000000
       0.0000000
       0.0000000
       0.0000000
       0.0000000
       0.0000000
       0.0000000
       0.0000000
       0.0000000
       0.0000000
       0.0000000
       0.0000000
       0.0000000
       0.0000000
       0.0000000
       0.0000000
       0.0000000
       0.0000000
       0.0000000
       0.0000000
       0.0000000
       0.0000000
       0.0000000
       0.0000000
       0.0000000
      -0.0568000
       0.0343000
       1.1706001
       0.4584000
       1.0775000
      -1.7225000
      -0.6624000
       1.0946000
      -0.1527000
       1.5734000
      -0.2721000
       1.5301000
       0.2547000
      -1.8860000
      -0.3732000
       1.5434000
      -2.3176999
       1.4648000
      -1.2898000
       0.0114000
       0.2598000
      -0.4431000
       0.3943000
      -0.0380000
      -0.8638000
       1.4929000
      -0.1997000
      -1.0117000
       0.6629000
       0.3850000
      -0.7124000
       0.3245000
       0.9887000
      -0.8484000
       1.0161000
       0.0000000
       0.0000000
       0.0000000
       0.0000000
       0.0000000
       0.0000000
       0.0000000
       0.0000000
       0.0000000
       0.0000000
       0.0000000
       0.0000000
       0.0000000
       0.0000000
       0.0000000
       0.0000000
       0.0000000
       0.0000000
       0.0000000
       0.0000000
       0.0000000
       0.0000000
       0.0000000
       0.0000000
       0.0000000
       0.0000000
       0.0000000
       0.0000000
       0.0000000
       0.0000000
       0.0000000
       0.0000000
       0.0000000
       0.0000000
       0.0000000
       0.0000000
       0.0000000
       0.0000000
       0.0000000
       0.0000000
       0.0000000
       0.0000000
       0.0000000
       0.0000000
       0.0000000
       0.0000000
       0.0000000
       0.0000000
       0.0000000
       0.0000000
       0.0000000
       0.0000000
       0.0000000
       0.0000000
       0.0000000
       0.0000000
       0.0000000
       0.0000000
       0.0000000
       0.0000000
       0.0000000
       0.0000000
       0.0000000
       0.0000000
       0.0000000
       0.0000000
       0.0000000
       0.0000000
       0.0000000
       0.0000000
       0.0000000
       0.0000000
       0.0000000
       0.0000000
       0.0000000
       0.0000000
       0.0000000
      -0.5165000
       0.2129000
       0.5267000
       1.3250000
      -0.5871000
      -1.7122000
       1.4963000
      -1.2561001
       1.9083000
      -1.9213001
       1.3218000
      -0.4883000
       0.2362000
       0.0584000
       0.4497000
      -0.7224000
       1.5650001
      -1.3411000
       1.4001000
       0.5677000
      -1.7086999
       0.7380000
       0.1517000
      -0.2077000
       0.1479000
       0.0251000
      -0.0709000
      -0.2522000
       0.7615000
      -0.0006000
      -1.3679000
       1.0732000
       0.2971000
      -0.1239000
       0.0000000
       0.0000000
       0.0000000
       0.0000000
       0.0000000
       0.0000000
       0.0000000
       0.0000000
       0.0000000
       0.0000000
       0.0000000
       0.0000000
       0.0000000
       0.0000000
       0.0000000
       0.0000000
       0.0000000
       0.0000000
       0.0000000
       0.0000000
       0.0000000
       0.0000000
       0.0000000
       0.0000000
       0.0000000
       0.0000000
       0.0000000
       0.0000000
       0.0000000
       0.0000000
       0.0000000
       0.0000000
       0.0000000
       0.0000000
       0.0000000
       0.0000000
       0.0000000
       0.0000000
       0.0000000
       0.0000000
       0.0000000
       0.0000000
       0.0000000
       0.0000000
       0.0000000
       0.0000000
       0.0000000
       0.0000000
       0.0000000
       0.0000000
       0.0000000
       0.0000000
       0.0000000
       0.0000000
       0.0000000
       0.0000000
       0.0000000
       0.0000000
       0.0000000
       0.0000000
       0.0000000
       0.0000000
       0.0000000
       0.0000000
       0.0000000
       0.0000000
       0.0000000
       0.0000000
       0.0000000
       0.0000000
       0.0000000
       0.0000000
       0.0000000
       0.0000000
       0.0000000
       0.0000000
       0.0000000
       0.0000000
      -0.7517000
       0.9326000
      -1.5824000
       0.1950000
      -0.1067000
      -0.1628000
       0.2030000
       0.8570000
       0.2858000
       1.3483000
      -1.4276000
       0.2967000
       1.2846000
      -0.4366000
      -0.5664000
       0.9080000
      -0.8963000
       0.4811000
       0.6693000
       0.0828000
       0.0073000
      -1.0628000
       1.5539000
       0.9936000
      -1.3357000
       0.2622000
       0.8351000
       0.4684000
      -1.3011000
       0.0865000
       0.8339000
      -0.8835000
      -0.1277000
       0.0000000
       0.0000000
       0.0000000
       0.0000000
       0.0000000
       0.0000000
       0.0000000
       0.0000000
       0.0000000
       0.0000000
       0.0000000
       0.0000000
       0.0000000
       0.0000000
       0.0000000
       0.0000000
       0.0000000
       0.0000000
       0.0000000
       0.0000000
       0.0000000
       0.0000000
       0.0000000
       0.0000000
       0.0000000
       0.0000000
       0.0000000
       0.0000000
       0.0000000
       0.0000000
       0.0000000
       0.0000000
       0.0000000
       0.0000000
       0.0000000
       0.0000000
       0.0000000
       0.0000000
       0.0000000
       0.0000000
       0.0000000
       0.0000000
       0.0000000
       0.0000000
       0.0000000
       0.0000000
       0.0000000
       0.0000000
       0.0000000
       0.0000000
       0.0000000
       0.0000000
       0.0000000
       0.0000000
       0.0000000
       0.0000000
       0.0000000
       0.0000000
       0.0000000
       0.0000000
       0.0000000
       0.0000000
       0.0000000
       0.0000000
       0.0000000
       0.0000000
       0.0000000
       0.0000000
       0.0000000
       0.0000000
       0.0000000
       0.0000000
       0.0000000
       0.0000000
       0.0000000
       0.0000000
       0.0000000
       0.0000000
       0.0000000
       0.1106000
      -1.9754000
       0.4442000
       0.3018000
      -1.5092000
       1.4454000
       0.5777000
      -0.0087000
       0.2141000
      -1.2846000
       1.2011000
      -1.5856000
      -0.4924000
       1.1717000
      -0.4703000
      -2.2138000
       3.0366001
      -1.7753000
       1.1618000
      -0.2300000
       0.2452000
       0.4393000
      -0.6698000
       0.9539000
       0.3695000
      -0.1669000
       0.6749000
      -1.0319000
       1.9517000
      -1.8387001
       0.3041000
      -0.7560000
       0.0000000
       0.0000000
       0.0000000
       0.0000000
       0.0000000
       0.0000000
       0.0000000
       0.0000000
       0.0000000
       0.0000000
       0.0000000
       0.0000000
       0.0000000
       0.0000000
       0.0000000
       0.0000000
       0.0000000
       0.0000000
       0.0000000
       0.0000000
       0.0000000
       0.0000000
       0.0000000
       0.0000000
       0.0000000
       0.0000000
       0.0000000
       0.0000000
       0.0000000
       0.0000000
       0.0000000
       0.0000000
       0.0000000
       0.0000000
       0.0000000
       0.0000000
       0.0000000
       0.0000000
       0.0000000
       0.0000000
       0.0000000
       0.0000000
       0.0000000
       0.0000000
       0.0000000
       0.0000000
       0.0000000
       0.0000000
       0.0000000
       0.0000000
       0.0000000
       0.0000000
       0.0000000
       0.0000000
       0.0000000
       0.0000000
       0.0000000
       0.0000000
       0.0000000
       0.0000000
       0.0000000
       0.0000000
       0.0000000
       0.0000000
       0.0000000
       0.0000000
       0.0000000
       0.0000000
       0.0000000
       0.0000000
       0.0000000
       0.0000000
       0.0000000
       0.0000000
       0.0000000
       0.0000000
       0.0000000
       0.0000000
       0.0000000
       0.0000000
      -0.6164000
       1.7921000
      -1.7397000
      -0.9995000
       0.1808000
      -0.3878000
       2.5894001
       0.4438000
      -0.2865000
       0.4456000
      -1.7656000
      -0.7688000
       0.5473000
       0.3868000
      -1.7999001
       1.5966001
      -1.0383000
       2.5588000
      -1.8273000
       0.4125000
      -0.1737000
      -0.7195000
       1.6872000
      -0.6048000
      -0.1255000
       0.0982000
       0.5308000
       0.4805000
      -2.4463000
       0.8562000
      -1.2647001
       0.0000000
       0.0000000
       0.0000000
       0.0000000
       0.0000000
       0.0000000
       0.0000000
       0.0000000
       0.0000000
       0.0000000
       0.0000000
       0.0000000
       0.0000000
       0.0000000
       0.0000000
       0.0000000
       0.0000000
       0.0000000
       0.0000000
       0.0000000
       0.0000000
       0.0000000
       0.0000000
       0.0000000
       0.0000000
       0.0000000
       0.0000000
       0.0000000
       0.0000000
       0.0000000
       0.0000000
       0.0000000
       0.0000000
       0.0000000
       0.0000000
       0.0000000
       0.0000000
       0.0000000
       0.0000000
       0.0000000
       0.0000000
       0.0000000
       0.0000000
       0.0000000
       0.0000000
       0.0000000
       0.0000000
       0.0000000
       0.0000000
       0.0000000
       0.0000000
       0.0000000
       0.0000000
       0.0000000
       0.0000000
       0.0000000
       0.0000000
       0.0000000
       0.0000000
       0.0000000
       0.0000000
       0.0000000
       0.0000000
       0.0000000
       0.0000000
       0.0000000
       0.0000000
       0.0000000
       0.0000000
       0.0000000
       0.0000000
       0.0000000
       0.0000000
       0.0000000
       0.0000000
       0.0000000
       0.0000000
       0.0000000
       0.0000000
       0.0000000
       0.0000000
      -1.2352999
       0.5395000
       0.4329000
      -2.1382999
      -0.4908000
       2.7275000
      -1.6705000
      -0.1536000
      -0.9208000
       0.5223000
      -0.8310000
       0.2772000
       0.5365000
       0.1212000
       1.1402000
      -0.7764000
       1.7807000
      -0.1596000
       0.4639000
      -0.8288000
       0.5268000
      -0.5993000
      -0.5308000
      -0.8603000
       0.4439000
      -0.6803000
      -0.5793000
       0.8264000
       0.3019000
       0.5543000
       0.0000000
       0.0000000
       0.0000000
       0.0000000
       0.0000000
       0.0000000
       0.0000000
       0.0000000
       0.0000000
       0.0000000
       0.0000000
       0.0000000
       0.0000000
       0.0000000
       0.0000000
       0.0000000
       0.0000000
       0.0000000
       0.0000000
       0.0000000
       0.0000000
       0.0000000
       0.0000000
       0.0000000
       0.0000000
       0.0000000
       0.0000000
       0.0000000
       0.0000000
       0.0000000
       0.0000000
       0.0000000
       0.0000000
       0.0000000
       0.0000000
       0.0000000
       0.0000000
       0.0000000
       0.0000000
       0.0000000
       0.0000000
       0.0000000
       0.0000000
       0.0000000
       0.0000000
       0.0000000
       0.0000000
       0.0000000
       0.0000000
       0.0000000
       0.0000000
       0.0000000
       0.0000000
       0.0000000
       0.0000000
       0.0000000
       0.0000000
       0.0000000
       0.0000000
       0.0000000
       0.0000000
       0.0000000
       0.0000000
       0.0000000
       0.0000000
       0.0000000
       0.0000000
       0.0000000
       0.0000000
       0.0000000
       0.0000000
       0.0000000
       0.0000000
       0.0000000
       0.0000000
       0.0000000
       0.0000000
       0.0000000
       0.0000000
       0.0000000
       0.0000000
       0.0000000
      -0.4015000
       0.0674000
       0.4659000
      -2.2697999
       0.5754000
       0.0780000
      -0.4793000
       0.2797000
       0.8045000
       0.2299000
       0.7637000
      -2.0852001
       1.4216000
      -0.0514000
      -1.0466000
       1.6839000
       0.5660000
       1.0704000
      -0.2621000
       1.0402000
      -0.2647000
       2.0924001
      -1.3183000
       1.2852000
      -0.3266000
      -0.7938000
       1.5750000
      -2.0188000
      -0.6002000
       0.0000000
       0.0000000
       0.0000000
       0.0000000
       0.0000000
       0.0000000
       0.0000000
       0.0000000
       0.0000000
       0.0000000
       0.0000000
       0.0000000
       0.0000000
       0.0000000
       0.0000000
       0.0000000
       0.0000000
       0.0000000
       0.0000000
       0.0000000
       0.0000000
       0.0000000
       0.0000000
       0.0000000
       0.0000000
       0.0000000
       0.0000000
       0.0000000
       0.0000000
       0.0000000
       0.0000000
       0.0000000
       0.0000000
       0.0000000
       0.0000000
       0.0000000
       0.0000000
       0.0000000
       0.0000000
       0.0000000
       0.0000000
       0.0000000
       0.0000000
       0.0000000
       0.0000000
       0.0000000
       0.0000000
       0.0000000
       0.0000000
       0.0000000
       0.0000000
       0.0000000
       0.0000000
       0.0000000
       0.0000000
       0.0000000
       0.0000000
       0.0000000
       0.0000000
       0.0000000
       0.0000000
       0.0000000
       0.0000000
       0.0000000
       0.0000000
       0.0000000
       0.0000000
       0.0000000
       0.0000000
       0.0000000
       0.0000000
       0.0000000
       0.0000000
       0.0000000
       0.0000000
       0.0000000
       0.0000000
       0.0000000
       0.0000000
       0.0000000
       0.0000000
       0.0000000
       0.0000000
      -1.4518000
       2.5978000
       0.2828000
       1.1332000
      -0.7079000
       0.0992000
      -0.5722000
      -2.0564001
       1.6824000
       0.4174000
       0.7696000
       2.3807001
      -0.2588000
       0.9125000
      -0.0173000
      -1.5842000
       1.4936000
       0.2677000
      -0.5553000
      -0.2959000
       0.6115000
       0.1603000
      -0.9301000
      -0.6469000
       1.2763000
       0.7385000
      -1.6380000
       2.6204000
       0.0000000
       0.0000000
       0.0000000
       0.0000000
       0.0000000
       0.0000000
       0.0000000
       0.0000000
       0.0000000
       0.0000000
       0.0000000
       0.0000000
       0.0000000
       0.0000000
       0.0000000
       0.0000000
       0.0000000
       0.0000000
       0.0000000
       0.0000000
       0.0000000
       0.0000000
       0.0000000
       0.0000000
       0.0000000
       0.0000000
       0.0000000
       0.0000000
       0.0000000
       0.0000000
       0.0000000
       0.0000000
       0.0000000
       0.0000000
       0.0000000
       0.0000000
       0.0000000
       0.0000000
       0.0000000
       0.0000000
       0.0000000
       0.0000000
       0.0000000
       0.0000000
       0.0000000
       0.0000000
       0.0000000
       0.0000000
       0.0000000
       0.0000000
       0.0000000
       0.0000000
       0.0000000
       0.0000000
       0.0000000
       0.0000000
       0.0000000
       0.0000000
       0.0000000
       0.0000000
       0.0000000
       0.0000000
       0.0000000
       0.0000000
       0.0000000
       0.0000000
       0.0000000
       0.0000000
       0.0000000
       0.0000000
       0.0000000
       0.0000000
       0.0000000
       0.0000000
       0.0000000
       0.0000000
       0.0000000
       0.0000000
       0.0000000
       0.0000000
       0.0000000
       0.0000000
       0.0000000
       0.0000000
       0.0641000
       0.2446000
       0.6407000
      -0.0272000
      -1.3871000
       0.5132000
      -0.0734000
       0.7694000
      -0.1298000
       0.7092000
       0.3937000
      -2.2088001
       2.1931000
      -0.3654000
      -1.7118000
       0.7585000
       0.3015000
      -1.1210999
       0.4961000
       0.9886000
       0.0202000
      -1.2846000
      -0.1604000
       0.5382000
      -0.4511000
       0.3066000
       0.5967000
       0.0000000
       0.0000000
       0.0000000
       0.0000000
       0.0000000
       0.0000000
       0.0000000
       0.0000000
       0.0000000
       0.0000000
       0.0000000
       0.0000000
       0.0000000
       0.0000000
       0.0000000
       0.0000000
       0.0000000
       0.0000000
       0.0000000
       0.0000000
       0.0000000
       0.0000000
       0.0000000
       0.0000000
       0.0000000
       0.0000000
       0.0000000
       0.0000000
       0.0000000
       0.0000000
       0.0000000
       0.0000000
       0.0000000
       0.0000000
       0.0000000
       0.0000000
       0.0000000
       0.0000000
       0.0000000
       0.0000000
       0.0000000
       0.0000000
       0.0000000
       0.0000000
       0.0000000
       0.0000000
       0.0000000
       0.0000000
       0.0000000
       0.0000000
       0.0000000
       0.0000000
       0.0000000
       0.0000000
       0.0000000
       0.0000000
       0.0000000
       0.0000000
       0.0000000
       0.0000000
       0.0000000
       0.0000000
       0.0000000
       0.0000000
       0.0000000
       0.0000000
       0.0000000
       0.0000000
       0.0000000
       0.0000000
       0.0000000
       0.0000000
       0.0000000
       0.0000000
       0.0000000
       0.0000000
       0.0000000
       0.0000000
       0.0000000
       0.0000000
       0.0000000
       0.0000000
       0.0000000
       0.0000000
       0.0000000
      -0.7593000
       0.7868000
      -2.4142001
       0.9834000
       1.3901000
      -1.0421000
       1.1847000
       0.2730000
       0.1335000
      -1.0197999
       0.1435000
       0.9736000
      -1.5648000
      -0.4037000
      -0.3010000
      -0.2249000
       0.6934000
      -0.0140000
      -0.1083000
      -0.1197000
       0.5970000
      -1.1266000
       0.1606000
      -2.5901000
       0.5007000
       0.5141000
       0.0000000
       0.0000000
       0.0000000
       0.0000000
       0.0000000
       0.0000000
       0.0000000
       0.0000000
       0.0000000
       0.0000000
       0.0000000
       0.0000000
       0.0000000
       0.0000000
       0.0000000
       0.0000000
       0.0000000
       0.0000000
       0.0000000
       0.0000000
       0.0000000
       0.0000000
       0.0000000
       0.0000000
       0.0000000
       0.0000000
       0.0000000
       0.0000000
       0.0000000
       0.0000000
       0.0000000
       0.0000000
       0.0000000
       0.0000000
       0.0000000
       0.0000000
       0.0000000
       0.0000000
       0.0000000
       0.0000000
       0.0000000
       0.0000000
       0.0000000
       0.0000000
       0.0000000
       0.0000000
       0.0000000
       0.0000000
       0.0000000
       0.0000000
       0.0000000
       0.0000000
       0.0000000
       0.0000000
       0.0000000
       0.0000000
       0.0000000
       0.0000000
       0.0000000
       0.0000000
       0.0000000
       0.0000000
       0.0000000
       0.0000000
       0.0000000
       0.0000000
       0.0000000
       0.0000000
       0.0000000
       0.0000000
       0.0000000
       0.0000000
       0.0000000
       0.0000000
       0.0000000
       0.0000000
       0.0000000
       0.0000000
       0.0000000
       0.0000000
       0.0000000
       0.0000000
       0.0000000
       0.0000000
       0.0000000
       0.0000000
       0.3518000
       0.6309000
      -1.0700999
       1.4146000
      -0.6906000
      -0.0399000
       0.4776000
       0.8810000
       0.1980000
      -1.7184000
       0.6080000
       0.0150000
      -0.0199000
      -0.9032000
      -0.9819000
       0.6011000
      -1.1047000
       0.7301000
       0.3755000
       0.0509000
       0.2198000
      -0.6159000
      -0.1691000
       0.8233000
      -1.3119000
       0.0000000
       0.0000000
       0.0000000
       0.0000000
       0.0000000
       0.0000000
       0.0000000
       0.0000000
       0.0000000
       0.0000000
       0.0000000
       0.0000000
       0.0000000
       0.0000000
       0.0000000
       0.0000000
       0.0000000
       0.0000000
       0.0000000
       0.0000000
       0.0000000
       0.0000000
       0.0000000
       0.0000000
       0.0000000
       0.0000000
       0.0000000
       0.0000000
       0.0000000
       0.0000000
       0.0000000
       0.0000000
       0.0000000
       0.0000000
       0.0000000
       0.0000000
       0.0000000
       0.0000000
       0.0000000
       0.0000000
       0.0000000
       0.0000000
       0.0000000
       0.0000000
       0.0000000
       0.0000000
       0.0000000
       0.0000000
       0.0000000
       0.0000000
       0.0000000
       0.0000000
       0.0000000
       0.0000000
       0.0000000
       0.0000000
       0.0000000
       0.0000000
       0.0000000
       0.0000000
       0.0000000
       0.0000000
       0.0000000
       0.0000000
       0.0000000
       0.0000000
       0.0000000
       0.0000000
       0.0000000
       0.0000000
       0.0000000
       0.0000000
       0.0000000
       0.0000000
       0.0000000
       0.0000000
       0.0000000
       0.0000000
       0.0000000
       0.0000000
       0.0000000
       0.0000000
       0.0000000
       0.0000000
       0.0000000
       0.0000000
       0.0000000
       1.5989000
      -0.8024000
      -0.9711000
      -0.8668000
       0.0450000
      -0.7566000
      -0.2391000
       2.9556000
      -2.1328001
      -0.0840000
      -0.1612000
      -0.5702000
      -1.1311001
      -2.0632000
       0.5549000
      -0.5795000
      -0.3763000
       1.4279000
      -0.5701000
       1.6059000
      -0.5103000
       0.5280000
       0.3255000
      -1.0885000
       0.0000000
       0.0000000
       0.0000000
       0.0000000
       0.0000000
       0.0000000
       0.0000000
       0.0000000
       0.0000000
       0.0000000
       0.0000000
       0.0000000
       0.0000000
       0.0000000
       0.0000000
       0.0000000
       0.0000000
       0.0000000
       0.0000000
       0.0000000
       0.0000000
       0.0000000
       0.0000000
       0.0000000
       0.0000000
       0.0000000
       0.0000000
       0.0000000
       0.0000000
       0.0000000
       0.0000000
       0.0000000
       0.0000000
       0.0000000
       0.0000000
       0.0000000
       0.0000000
       0.0000000
       0.0000000
       0.0000000
       0.0000000
       0.0000000
       0.0000000
       0.0000000
       0.0000000
       0.0000000
       0.0000000
       0.0000000
       0.0000000
       0.0000000
       0.0000000
       0.0000000
       0.0000000
       0.0000000
       0.0000000
       0.0000000
       0.0000000
       0.0000000
       0.0000000
       0.0000000
       0.0000000
       0.0000000
       0.0000000
       0.0000000
       0.0000000
       0.0000000
       0.0000000
       0.0000000
       0.0000000
       0.0000000
       0.0000000
       0.0000000
       0.0000000
       0.0000000
       0.0000000
       0.0000000
       0.0000000
       0.0000000
       0.0000000
       0.0000000
       0.0000000
       0.0000000
       0.0000000
       0.0000000
       0.0000000
       0.0000000
       0.0000000
       0.0000000
       1.0183001
      -1.1582000
      -0.8448000
       1.4363000
      -0.0773000
      -0.3748000
       1.0987999
      -0.7796000
       0.2048000
      -2.0653999
      -0.6745000
       0.4727000
      -1.5898000
       0.9184000
      -1.4075000
       0.1790000
       0.9437000
      -0.9941000
       1.1213000
       0.2166000
       0.1973000
       0.9309000
      -1.1179000
       0.0000000
       0.0000000
       0.0000000
       0.0000000
       0.0000000
       0.0000000
       0.0000000
       0.0000000
       0.0000000
       0.0000000
       0.0000000
       0.0000000
       0.0000000
       0.0000000
       0.0000000
       0.0000000
       0.0000000
       0.0000000
       0.0000000
       0.0000000
       0.0000000
       0.0000000
       0.0000000
       0.0000000
       0.0000000
       0.0000000
       0.0000000
       0.0000000
       0.0000000
       0.0000000
       0.0000000
       0.0000000
       0.0000000
       0.0000000
       0.0000000
       0.0000000
       0.0000000
       0.0000000
       0.0000000
       0.0000000
       0.0000000
       0.0000000
       0.0000000
       0.0000000
       0.0000000
       0.0000000
       0.0000000
       0.0000000
       0.0000000
       0.0000000
       0.0000000
       0.0000000
       0.0000000
       0.0000000
       0.0000000
       0.0000000
       0.0000000
       0.0000000
       0.0000000
       0.0000000
       0.0000000
       0.0000000
       0.0000000
       0.0000000
       0.0000000
       0.0000000
       0.0000000
       0.0000000
       0.0000000
       0.0000000
       0.0000000
       0.0000000
       0.0000000
       0.0000000
       0.0000000
       0.0000000
       0.0000000
       0.0000000
       0.0000000
       0.0000000
       0.0000000
       0.0000000
       0.0000000
       0.0000000
       0.0000000
       0.0000000
       0.0000000
       0.0000000
       0.0000000
      -0.2741000
      -0.5994000
      -0.2216000
       0.7543000
      -1.0260000
      -0.4555000
       0.0612000
       0.9574000
      -2.0834000
       0.0060000
       0.2326000
      -0.8992000
      -0.1829000
       0.2459000
      -0.7811000
      -1.1923000
       0.9509000
       0.2793000
      -1.1963000
      -1.0211999
       1.6753000
      -1.0797000
       0.0000000
       0.0000000
       0.0000000
       0.0000000
       0.0000000
       0.0000000
       0.0000000
       0.0000000
       0.0000000
       0.0000000
       0.0000000
       0.0000000
       0.0000000
       0.0000000
       0.0000000
       0.0000000
       0.0000000
       0.0000000
       0.0000000
       0.0000000
       0.0000000
       0.0000000
       0.0000000
       0.0000000
       0.0000000
       0.0000000
       0.0000000
       0.0000000
       0.0000000
       0.0000000
       0.0000000
       0.0000000
       0.0000000
       0.0000000
       0.0000000
       0.0000000
       0.0000000
       0.0000000
       0.0000000
       0.0000000
       0.0000000
       0.0000000
       0.0000000
       0.0000000
       0.0000000
       0.0000000
       0.0000000
       0.0000000
       0.0000000
       0.0000000
       0.0000000
       0.0000000
       0.0000000
       0.0000000
       0.0000000
       0.0000000
       0.0000000
       0.0000000
       0.0000000
       0.0000000
       0.0000000
       0.0000000
       0.0000000
       0.0000000
       0.0000000
       0.0000000
       0.0000000
       0.0000000
       0.0000000
       0.0000000
       0.0000000
       0.0000000
       0.0000000
       0.0000000
       0.0000000
       0.0000000
       0.0000000
       0.0000000
       0.0000000
       0.0000000
       0.0000000
       0.0000000
       0.0000000
       0.0000000
       0.0000000
       0.0000000
       0.0000000
       0.0000000
       0.0000000
       0.0000000
       0.2943000
      -0.7538000
       2.2572999
       0.2067000
       1.0750000
      -0.4752000
      -0.7393000
      -0.8760000
       0.2913000
      -0.4300000
       0.9225000
       0.0268000
       0.0687000
       0.3020000
       0.7074000
      -0.5892000
       1.5283000
       0.0574000
      -1.1609000
       0.2886000
      -0.3871000
       0.0000000
       0.0000000
       0.0000000
       0.0000000
       0.0000000
       0.0000000
       0.0000000
       0.0000000
       0.0000000
       0.0000000
       0.0000000
       0.0000000
       0.0000000
       0.0000000
       0.0000000
       0.0000000
       0.0000000
       0.0000000
       0.0000000
       0.0000000
       0.0000000
       0.0000000
       0.0000000
       0.0000000
       0.0000000
       0.0000000
       0.0000000
       0.0000000
       0.0000000
       0.0000000
       0.0000000
       0.0000000
       0.0000000
       0.0000000
       0.0000000
       0.0000000
       0.0000000
       0.0000000
       0.0000000
       0.0000000
       0.0000000
       0.0000000
       0.0000000
       0.0000000
       0.0000000
       0.0000000
       0.0000000
       0.0000000
       0.0000000
       0.0000000
       0.0000000
       0.0000000
       0.0000000
       0.0000000
       0.0000000
       0.0000000
       0.0000000
       0.0000000
       0.0000000
       0.0000000
       0.0000000
       0.0000000
       0.0000000
       0.0000000
       0.0000000
       0.0000000
       0.0000000
       0.0000000
       0.0000000
       0.0000000
       0.0000000
       0.0000000
       0.0000000
       0.0000000
       0.0000000
       0.0000000
       0.0000000
       0.0000000
       0.0000000
       0.0000000
       0.0000000
       0.0000000
       0.0000000
       0.0000000
       0.0000000
       0.0000000
       0.0000000
       0.0000000
       0.0000000
       0.0000000
       0.0000000
      -1.1540999
       1.2706000
      -0.0520000
       0.2399000
       0.2594000
      -0.7040000
       0.4713000
      -1.1104000
       0.7136000
       0.2640000
       0.0307000
       0.8714000
      -1.8381000
       1.0204999
      -0.3075000
       0.4177000
      -1.3697000
       1.8985000
      -0.3484000
      -0.7767000
       0.0000000
       0.0000000
       0.0000000
       0.0000000
       0.0000000
       0.0000000
       0.0000000
       0.0000000
       0.0000000
       0.0000000
       0.0000000
       0.0000000
       0.0000000
       0.0000000
       0.0000000
       0.0000000
       0.0000000
       0.0000000
       0.0000000
       0.0000000
       0.0000000
       0.0000000
       0.0000000
       0.0000000
       0.0000000
       0.0000000
       0.0000000
       0.0000000
       0.0000000
       0.0000000
       0.0000000
       0.0000000
       0.0000000
       0.0000000
       0.0000000
       0.0000000
       0.0000000
       0.0000000
       0.0000000
       0.0000000
       0.0000000
       0.0000000
       0.0000000
       0.0000000
       0.0000000
       0.0000000
       0.0000000
       0.0000000
       0.0000000
       0.0000000
       0.0000000
       0.0000000
       0.0000000
       0.0000000
       0.0000000
       0.0000000
       0.0000000
       0.0000000
       0.0000000
       0.0000000
       0.0000000
       0.0000000
       0.0000000
       0.0000000
       0.0000000
       0.0000000
       0.0000000
       0.0000000
       0.0000000
       0.0000000
       0.0000000
       0.0000000
       0.0000000
       0.0000000
       0.0000000
       0.0000000
       0.0000000
       0.0000000
       0.0000000
       0.0000000
       0.0000000
       0.0000000
       0.0000000
       0.0000000
       0.0000000
       0.0000000
       0.0000000
       0.0000000
       0.0000000
       0.0000000
       0.0000000
       0.0000000
      -0.0690000
      -0.8233000
       2.1294000
       0.7295000
      -1.0122000
       1.6822000
       0.0062000
      -0.4652000
      -0.6272000
       1.5200000
      -1.4035000
      -0.9200000
       0.9836000
      -0.2076000
       0.6873000
      -0.7854000
       0.7395000
       0.3137000
      -0.6081000
       0.0000000
       0.0000000
       0.0000000
       0.0000000
       0.0000000
       0.0000000
       0.0000000
       0.0000000
       0.0000000
       0.0000000
       0.0000000
       0.0000000
       0.0000000
       0.0000000
       0.0000000
       0.0000000
       0.0000000
       0.0000000
       0.0000000
       0.0000000
       0.0000000
       0.0000000
       0.0000000
       0.0000000
       0.0000000
       0.0000000
       0.0000000
       0.0000000
       0.0000000
       0.0000000
       0.0000000
       0.0000000
       0.0000000
       0.0000000
       0.0000000
       0.0000000
       0.0000000
       0.0000000
       0.0000000
       0.0000000
       0.0000000
       0.0000000
       0.0000000
       0.0000000
       0.0000000
       0.0000000
       0.0000000
       0.0000000
       0.0000000
       0.0000000
       0.0000000
       0.0000000
       0.0000000
       0.0000000
       0.0000000
       0.0000000
       0.0000000
       0.0000000
       0.0000000
       0.0000000
       0.0000000
       0.0000000
       0.0000000
       0.0000000
       0.0000000
       0.0000000
       0.0000000
       0.0000000
       0.0000000
       0.0000000
       0.0000000
       0.0000000
       0.0000000
       0.0000000
       0.0000000
       0.0000000
       0.0000000
       0.0000000
       0.0000000
       0.0000000
       0.0000000
       0.0000000
       0.0000000
       0.0000000
       0.0000000
       0.0000000
       0.0000000
       0.0000000
       0.0000000
       0.0000000
       0.0000000
       0.0000000
       0.0000000
       1.2217000
       1.7797000
       1.2391000
      -0.7654000
      -1.0612000
      -0.1790000
       1.7957000
      -0.7587000
       0.6965000
       0.2534000
       0.2574000
      -0.0971000
      -0.1501000
       0.1690000
      -0.9107000
       0.1282000
      -2.2636001
       1.3405000
       0.0000000
       0.0000000
       0.0000000
       0.0000000
       0.0000000
       0.0000000
       0.0000000
       0.0000000
       0.0000000
       0.0000000
       0.0000000
       0.0000000
       0.0000000
       0.0000000
       0.0000000
       0.0000000
       0.0000000
       0.0000000
       0.0000000
       0.0000000
       0.0000000
       0.0000000
       0.0000000
       0.0000000
       0.0000000
       0.0000000
       0.0000000
       0.0000000
       0.0000000
       0.0000000
       0.0000000
       0.0000000
       0.0000000
       0.0000000
       0.0000000
       0.0000000
       0.0000000
       0.0000000
       0.0000000
       0.0000000
       0.0000000
       0.0000000
       0.0000000
       0.0000000
       0.0000000
       0.0000000
       0.0000000
       0.0000000
       0.0000000
       0.0000000
       0.0000000
       0.0000000
       0.0000000
       0.0000000
       0.0000000
       0.0000000
       0.0000000
       0.0000000
       0.0000000
       0.0000000
       0.0000000
       0.0000000
       0.0000000
       0.0000000
       0.0000000
       0.0000000
       0.0000000
       0.0000000
       0.0000000
       0.0000000
       0.0000000
       0.0000000
       0.0000000
       0.0000000
       0.0000000
       0.0000000
       0.0000000
       0.0000000
       0.0000000
       0.0000000
       0.0000000
       0.0000000
       0.0000000
       0.0000000
       0.0000000
       0.0000000
       0.0000000
       0.0000000
       0.0000000
       0.0000000
       0.0000000
       0.0000000
       0.0000000
       0.0000000
      -0.1588000
       1.2764000
      -2.0270000
      -1.3858000
      -1.9342000
       2.1248000
       0.1968000
      -0.6855000
       0.0813000
       0.2500000
      -0.5675000
      -1.5091000
       0.0777000
       0.6340000
       0.4357000
      -0.0671000
       1.4190000
       0.0000000
       0.0000000
       0.0000000
       0.0000000
       0.0000000
       0.0000000
       0.0000000
       0.0000000
       0.0000000
       0.0000000
       0.0000000
       0.0000000
       0.0000000
       0.0000000
       0.0000000
       0.0000000
       0.0000000
       0.0000000
       0.0000000
       0.0000000
       0.0000000
       0.0000000
       0.0000000
       0.0000000
       0.0000000
       0.0000000
       0.0000000
       0.0000000
       0.0000000
       0.0000000
       0.0000000
       0.0000000
       0.0000000
       0.0000000
       0.0000000
       0.0000000
       0.0000000
       0.0000000
       0.0000000
       0.0000000
       0.0000000
       0.0000000
       0.0000000
       0.0000000
       0.0000000
       0.0000000
       0.0000000
       0.0000000
       0.0000000
       0.0000000
       0.0000000
       0.0000000
       0.0000000
       0.0000000
       0.0000000
       0.0000000
       0.0000000
       0.0000000
       0.0000000
       0.0000000
       0.0000000
       0.0000000
       0.0000000
       0.0000000
       0.0000000
       0.0000000
       0.0000000
       0.0000000
       0.0000000
       0.0000000
       0.0000000
       0.0000000
       0.0000000
       0.0000000
       0.0000000
       0.0000000
       0.0000000
       0.0000000
       0.0000000
       0.0000000
       0.0000000
       0.0000000
       0.0000000
       0.0000000
       0.0000000
       0.0000000
       0.0000000
       0.0000000
       0.0000000
       0.0000000
       0.0000000
       0.0000000
       0.0000000
       0.0000000
       0.0000000
       0.3547000
       0.9745000
       1.4286000
      -1.6382000
      -0.5657000
       0.6235000
      -1.7650000
       0.7850000
       0.3355000
       0.9549000
       0.0415000
       1.1876000
      -0.7290000
      -0.6905000
      -1.6477000
      -0.5405000
       0.0000000
       0.0000000
       0.0000000
       0.0000000
       0.0000000
       0.0000000
       0.0000000
       0.0000000
       0.0000000
       0.0000000
       0.0000000
       0.0000000
       0.0000000
       0.0000000
       0.0000000
       0.0000000
       0.0000000
       0.0000000
       0.0000000
       0.0000000
       0.0000000
       0.0000000
       0.0000000
       0.0000000
       0.0000000
       0.0000000
       0.0000000
       0.0000000
       0.0000000
       0.0000000
       0.0000000
       0.0000000
       0.0000000
       0.0000000
       0.0000000
       0.0000000
       0.0000000
       0.0000000
       0.0000000
       0.0000000
       0.0000000
       0.0000000
       0.0000000
       0.0000000
       0.0000000
       0.0000000
       0.0000000
       0.0000000
       0.0000000
       0.0000000
       0.0000000
       0.0000000
       0.0000000
       0.0000000
       0.0000000
       0.0000000
       0.0000000
       0.0000000
       0.0000000
       0.0000000
       0.0000000
       0.0000000
       0.0000000
       0.0000000
       0.0000000
       0.0000000
       0.0000000
       0.0000000
       0.0000000
       0.0000000
       0.0000000
       0.0000000
       0.0000000
       0.0000000
       0.0000000
       0.0000000
       0.0000000
       0.0000000
       0.0000000
       0.0000000
       0.0000000
       0.0000000
       0.0000000
       0.0000000
       0.0000000
       0.0000000
       0.0000000
       0.0000000
       0.0000000
       0.0000000
       0.0000000
       0.0000000
       0.0000000
       0.0000000
       0.0000000
       0.0000000
      -1.7359000
       1.0112000
      -1.2470000
       0.2683000
       1.4179000
       1.5187000
      -2.6027999
       0.2743000
       0.0653000
      -1.0930001
       0.3255000
      -0.7084000
      -0.5046000
      -0.2147000
      -0.4282000
       0.0000000
       0.0000000
       0.0000000
       0.0000000
       0.0000000
       0.0000000
       0.0000000
       0.0000000
       0.0000000
       0.0000000
       0.0000000
       0.0000000
       0.0000000
       0.0000000
       0.0000000
       0.0000000
       0.0000000
       0.0000000
       0.0000000
       0.0000000
       0.0000000
       0.0000000
       0.0000000
       0.0000000
       0.0000000
       0.0000000
       0.0000000
       0.0000000
       0.0000000
       0.0000000
       0.0000000
       0.0000000
       0.0000000
       0.0000000
       0.0000000
       0.0000000
       0.0000000
       0.0000000
       0.0000000
       0.0000000
       0.0000000
       0.0000000
       0.0000000
       0.0000000
       0.0000000
       0.0000000
       0.0000000
       0.0000000
       0.0000000
       0.0000000
       0.0000000
       0.0000000
       0.0000000
       0.0000000
       0.0000000
       0.0000000
       0.0000000
       0.0000000
       0.0000000
       0.0000000
       0.0000000
       0.0000000
       0.0000000
       0.0000000
       0.0000000
       0.0000000
       0.0000000
       0.0000000
       0.0000000
       0.0000000
       0.0000000
       0.0000000
       0.0000000
       0.0000000
       0.0000000
       0.0000000
       0.0000000
       0.0000000
       0.0000000
       0.0000000
       0.0000000
       0.0000000
       0.0000000
       0.0000000
       0.0000000
       0.0000000
       0.0000000
       0.0000000
       0.0000000
       0.0000000
       0.0000000
       0.0000000
       0.0000000
       0.0000000
       0.0000000
       0.0000000
       0.0000000
      -0.8631000
       0.4155000
      -0.0882000
      -0.0823000
       1.6153001
      -1.7665000
       0.7708000
      -0.8353000
      -0.8508000
      -0.3865000
      -0.7956000
       1.7381999
       1.2463000
      -1.1673000
       0.0000000
       0.0000000
       0.0000000
       0.0000000
       0.0000000
       0.0000000
       0.0000000
       0.0000000
       0.0000000
       0.0000000
       0.0000000
       0.0000000
       0.0000000
       0.0000000
       0.0000000
       0.0000000
       0.0000000
       0.0000000
       0.0000000
       0.0000000
       0.0000000
       0.0000000
       0.0000000
       0.0000000
       0.0000000
       0.0000000
       0.0000000
       0.0000000
       0.0000000
       0.0000000
       0.0000000
       0.0000000
       0.0000000
       0.0000000
       0.0000000
       0.0000000
       0.0000000
       0.0000000
       0.0000000
       0.0000000
       0.0000000
       0.0000000
       0.0000000
       0.0000000
       0.0000000
       0.0000000
       0.0000000
       0.0000000
       0.0000000
       0.0000000
       0.0000000
       0.0000000
       0.0000000
       0.0000000
       0.0000000
       0.0000000
       0.0000000
       0.0000000
       0.0000000
       0.0000000
       0.0000000
       0.0000000
       0.0000000
       0.0000000
       0.0000000
       0.0000000
       0.0000000
       0.0000000
       0.0000000
       0.0000000
       0.0000000
       0.0000000
       0.0000000
       0.0000000
       0.0000000
       0.0000000
       0.0000000
       0.0000000
       0.0000000
       0.0000000
       0.0000000
       0.0000000
       0.0000000
       0.0000000
       0.0000000
       0.0000000
       0.0000000
       0.0000000
       0.0000000
       0.0000000
       0.0000000
       0.0000000
       0.0000000
       0.0000000
       0.0000000
       0.0000000
       0.0000000
       0.0000000
       0.2775000
      -0.9300000
       0.1347000
       1.7546999
      -0.3083000
      -0.4907000
       0.4278000
       1.2126000
      -0.0154000
      -2.0204999
       1.1574000
      -0.5063000
      -0.3630000
       0.0000000
       0.0000000
       0.0000000
       0.0000000
       0.0000000
       0.0000000
       0.0000000
       0.0000000
       0.0000000
       0.0000000
       0.0000000
       0.0000000
       0.0000000
       0.0000000
       0.0000000
       0.0000000
       0.0000000
       0.0000000
       0.0000000
       0.0000000
       0.0000000
       0.0000000
       0.0000000
       0.0000000
       0.0000000
       0.0000000
       0.0000000
       0.0000000
       0.0000000
       0.0000000
       0.0000000
       0.0000000
       0.0000000
       0.0000000
       0.0000000
       0.0000000
       0.0000000
       0.0000000
       0.0000000
       0.0000000
       0.0000000
       0.0000000
       0.0000000
       0.0000000
       0.0000000
       0.0000000
       0.0000000
       0.0000000
       0.0000000
       0.0000000
       0.0000000
       0.0000000
       0.0000000
       0.0000000
       0.0000000
       0.0000000
       0.0000000
       0.0000000
       0.0000000
       0.0000000
       0.0000000
       0.0000000
       0.0000000
       0.0000000
       0.0000000
       0.0000000
       0.0000000
       0.0000000
       0.0000000
       0.0000000
       0.0000000
       0.0000000
       0.0000000
       0.0000000
       0.0000000
       0.0000000
       0.0000000
       0.0000000
       0.0000000
       0.0000000
       0.0000000
       0.0000000
       0.0000000
       0.0000000
       0.0000000
       0.0000000
       0.0000000
       0.0000000
       0.0000000
       0.0000000
       0.0000000
       0.0000000
       0.0000000
       0.0000000
       0.0000000
       0.0000000
       0.0000000
       0.0000000
       0.0000000
       0.6694000
       0.5406000
       1.9469000
       1.9730000
      -0.4156000
      -1.3430001
       1.2411000
       0.5916000
      -0.7724000
      -0.6416000
      -0.4744000
       1.6095999
       0.0000000
       0.0000000
       0.0000000
       0.0000000
       0.0000000
       0.0000000
       0.0000000
       0.0000000
       0.0000000
       0.0000000
       0.0000000
       0.0000000
       0.0000000
       0.0000000
       0.0000000
       0.0000000
       0.0000000
       0.0000000
       0.0000000
       0.0000000
       0.0000000
       0.0000000
       0.0000000
       0.0000000
       0.0000000
       0.0000000
       0.0000000
       0.0000000
       0.0000000
       0.0000000
       0.0000000
       0.0000000
       0.0000000
       0.0000000
       0.0000000
       0.0000000
       0.0000000
       0.0000000
       0.0000000
       0.0000000
       0.0000000
       0.0000000
       0.0000000
       0.0000000
       0.0000000
       0.0000000
       0.0000000
       0.0000000
       0.0000000
       0.0000000
       0.0000000
       0.0000000
       0.0000000
       0.0000000
       0.0000000
       0.0000000
       0.0000000
       0.0000000
       0.0000000
       0.0000000
       0.0000000
       0.0000000
       0.0000000
       0.0000000
       0.0000000
       0.0000000
       0.0000000
       0.0000000
       0.0000000
       0.0000000
       0.0000000
       0.0000000
       0.0000000
       0.0000000
       0.0000000
       0.0000000
       0.0000000
       0.0000000
       0.0000000
       0.0000000
       0.0000000
       0.0000000
       0.0000000
       0.0000000
       0.0000000
       0.0000000
       0.0000000
       0.0000000
       0.0000000
       0.0000000
       0.0000000
       0.0000000
       0.0000000
       0.0000000
       0.0000000
       0.0000000
       0.0000000
       0.0000000
       0.0000000
       0.0000000
       1.0280000
       0.3771000
       0.3028000
       1.9869000
      -0.2749000
      -0.3209000
       1.8025000
      -0.3414000
      -0.0143000
      -1.2997000
       1.2412000
       0.0000000
       0.0000000
       0.0000000
       0.0000000
       0.0000000
       0.0000000
       0.0000000
       0.0000000
       0.0000000
       0.0000000
       0.0000000
       0.0000000
       0.0000000
       0.0000000
       0.0000000
       0.0000000
       0.0000000
       0.0000000
       0.0000000
       0.0000000
       0.0000000
       0.0000000
       0.0000000
       0.0000000
       0.0000000
       0.0000000
       0.0000000
       0.0000000
       0.0000000
       0.0000000
       0.0000000
       0.0000000
       0.0000000
       0.0000000
       0.0000000
       0.0000000
       0.0000000
       0.0000000
       0.0000000
       0.0000000
       0.0000000
       0.0000000
       0.0000000
       0.0000000
       0.0000000
       0.0000000
       0.0000000
       0.0000000
       0.0000000
       0.0000000
       0.0000000
       0.0000000
       0.0000000
       0.0000000
       0.0000000
       0.0000000
       0.0000000
       0.0000000
       0.0000000
       0.0000000
       0.0000000
       0.0000000
       0.0000000
       0.0000000
       0.0000000
       0.0000000
       0.0000000
       0.0000000
       0.0000000
       0.0000000
       0.0000000
       0.0000000
       0.0000000
       0.0000000
       0.0000000
       0.0000000
       0.0000000
       0.0000000
       0.0000000
       0.0000000
       0.0000000
       0.0000000
       0.0000000
       0.0000000
       0.0000000
       0.0000000
       0.0000000
       0.0000000
       0.0000000
       0.0000000
       0.0000000
       0.0000000
       0.0000000
       0.0000000
       0.0000000
       0.0000000
       0.0000000
       0.0000000
       0.0000000
       0.0000000
       0.0000000
       2.6436000
       1.5931000
       0.9793000
      -1.4269000
      -1.3626000
      -0.2593000
      -0.9661000
       2.5190001
      -2.5892000
       2.3578000
       0.0000000
       0.0000000
       0.0000000
       0.0000000
       0.0000000
       0.0000000
       0.0000000
       0.0000000
       0.0000000
       0.0000000
       0.0000000
       0.0000000
       0.0000000
       0.0000000
       0.0000000
       0.0000000
       0.0000000
       0.0000000
       0.0000000
       0.0000000
       0.0000000
       0.0000000
       0.0000000
       0.0000000
       0.0000000
       0.0000000
       0.0000000
       0.0000000
       0.0000000
       0.0000000
       0.0000000
       0.0000000
       0.0000000
       0.0000000
       0.0000000
       0.0000000
       0.0000000
       0.0000000
       0.0000000
       0.0000000
       0.0000000
       0.0000000
       0.0000000
       0.0000000
       0.0000000
       0.0000000
       0.0000000
       0.0000000
       0.0000000
       0.0000000
       0.0000000
       0.0000000
       0.0000000
       0.0000000
       0.0000000
       0.0000000
       0.0000000
       0.0000000
       0.0000000
       0.0000000
       0.0000000
       0.0000000
       0.0000000
       0.0000000
       0.0000000
       0.0000000
       0.0000000
       0.0000000
       0.0000000
       0.0000000
       0.0000000
       0.0000000
       0.0000000
       0.0000000
       0.0000000
       0.0000000
       0.0000000
       0.0000000
       0.0000000
       0.0000000
       0.0000000
       0.0000000
       0.0000000
       0.0000000
       0.0000000
       0.0000000
       0.0000000
       0.0000000
       0.0000000
       0.0000000
       0.0000000
       0.0000000
       0.0000000
       0.0000000
       0.0000000
       0.0000000
       0.0000000
       0.0000000
       0.0000000
       0.0000000
       0.0000000
       0.0000000
      -0.4943000
       1.9898000
       0.0287000
      -1.4478000
       1.4684000
      -0.5978000
       0.1742000
      -2.3563001
       0.6119000
       0.0000000
       0.0000000
       0.0000000
       0.0000000
       0.0000000
       0.0000000
       0.0000000
       0.0000000
       0.0000000
       0.0000000
       0.0000000
       0.0000000
       0.0000000
       0.0000000
       0.0000000
       0.0000000
       0.0000000
       0.0000000
       0.0000000
       0.0000000
       0.0000000
       0.0000000
       0.0000000
       0.0000000
       0.0000000
       0.0000000
       0.0000000
       0.0000000
       0.0000000
       0.0000000
       0.0000000
       0.0000000
       0.0000000
       0.0000000
       0.0000000
       0.0000000
       0.0000000
       0.0000000
       0.0000000
       0.0000000
       0.0000000
       0.0000000
       0.0000000
       0.0000000
       0.0000000
       0.0000000
       0.0000000
       0.0000000
       0.0000000
       0.0000000
       0.0000000
       0.0000000
       0.0000000
       0.0000000
       0.0000000
       0.0000000
       0.0000000
       0.0000000
       0.0000000
       0.0000000
       0.0000000
       0.0000000
       0.0000000
       0.0000000
       0.0000000
       0.0000000
       0.0000000
       0.0000000
       0.0000000
       0.0000000
       0.0000000
       0.0000000
       0.0000000
       0.0000000
       0.0000000
       0.0000000
       0.0000000
       0.0000000
       0.0000000
       0.0000000
       0.0000000
       0.0000000
       0.0000000
       0.0000000
       0.0000000
       0.0000000
       0.0000000
       0.0000000
       0.0000000
       0.0000000
       0.0000000
       0.0000000
       0.0000000
       0.0000000
       0.0000000
       0.0000000
       0.0000000
       0.0000000
       0.0000000
       0.0000000
       0.0000000
       0.0000000
       0.0000000
       0.0023000
      -1.6635000
      -0.8010000
       1.2577000
      -1.8915000
       1.1805000
      -0.7146000
       0.1312000
       0.0000000
       0.0000000
       0.0000000
       0.0000000
       0.0000000
       0.0000000
       0.0000000
       0.0000000
       0.0000000
       0.0000000
       0.0000000
       0.0000000
       0.0000000
       0.0000000
       0.0000000
       0.0000000
       0.0000000
       0.0000000
       0.0000000
       0.0000000
       0.0000000
       0.0000000
       0.0000000
       0.0000000
       0.0000000
       0.0000000
       0.0000000
       0.0000000
       0.0000000
       0.0000000
       0.0000000
       0.0000000
       0.0000000
       0.0000000
       0.0000000
       0.0000000
       0.0000000
       0.0000000
       0.0000000
       0.0000000
       0.0000000
       0.0000000
       0.0000000
       0.0000000
       0.0000000
       0.0000000
       0.0000000
       0.0000000
       0.0000000
       0.0000000
       0.0000000
       0.0000000
       0.0000000
       0.0000000
       0.0000000
       0.0000000
       0.0000000
       0.0000000
       0.0000000
       0.0000000
       0.0000000
       0.0000000
       0.0000000
       0.0000000
       0.0000000
       0.0000000
       0.0000000
       0.0000000
       0.0000000
       0.0000000
       0.0000000
       0.0000000
       0.0000000
       0.0000000
       0.0000000
       0.0000000
       0.0000000
       0.0000000
       0.0000000
       0.0000000
       0.0000000
       0.0000000
       0.0000000
       0.0000000
       0.0000000
       0.0000000
       0.0000000
       0.0000000
       0.0000000
       0.0000000
       0.0000000
       0.0000000
       0.0000000
       0.0000000
       0.0000000
       0.0000000
       0.0000000
       0.0000000
       0.0000000
       0.0000000
       0.0000000
       0.0000000
       0.0000000
       0.0000000
       0.3572000
      -0.2290000
       1.7551000
      -2.5969999
       0.9065000
      -1.8868999
       1.3062000
       0.0000000
       0.0000000
       0.0000000
       0.0000000
       0.0000000
       0.0000000
       0.0000000
       0.0000000
       0.0000000
       0.0000000
       0.0000000
       0.0000000
       0.0000000
       0.0000000
       0.0000000
       0.0000000
       0.0000000
       0.0000000
       0.0000000
       0.0000000
       0.0000000
       0.0000000
       0.0000000
       0.0000000
       0.0000000
       0.0000000
       0.0000000
       0.0000000
       0.0000000
       0.0000000
       0.0000000
       0.0000000
       0.0000000
       0.0000000
       0.0000000
       0.0000000
       0.0000000
       0.0000000
       0.0000000
       0.0000000
       0.0000000
       0.0000000
       0.0000000
       0.0000000
       0.0000000
       0.0000000
       0.0000000
       0.0000000
       0.0000000
       0.0000000
       0.0000000
       0.0000000
       0.0000000
       0.0000000
       0.0000000
       0.0000000
       0.0000000
       0.0000000
       0.0000000
       0.0000000
       0.0000000
       0.0000000
       0.0000000
       0.0000000
       0.0000000
       0.0000000
       0.0000000
       0.0000000
       0.0000000
       0.0000000
       0.0000000
       0.0000000
       0.0000000
       0.0000000
       0.0000000
       0.0000000
       0.0000000
       0.0000000
       0.0000000
       0.0000000
       0.0000000
       0.0000000
       0.0000000
       0.0000000
       0.0000000
       0.0000000
       0.0000000
       0.0000000
       0.0000000
       0.0000000
       0.0000000
       0.0000000
       0.0000000
       0.0000000
       0.0000000
       0.0000000
       0.0000000
       0.0000000
       0.0000000
       0.0000000
       0.0000000
       0.0000000
       0.0000000
       0.0000000
       0.0000000
       0.4667000
      -2.1696000
      -1.8945000
       0.7225000
      -1.4394000
      -0.6846000
       0.0000000
       0.0000000
       0.0000000
       0.0000000
       0.0000000
       0.0000000
       0.0000000
       0.0000000
       0.0000000
       0.0000000
       0.0000000
       0.0000000
       0.0000000
       0.0000000
       0.0000000
       0.0000000
       0.0000000
       0.0000000
       0.0000000
       0.0000000
       0.0000000
       0.0000000
       0.0000000
       0.0000000
       0.0000000
       0.0000000
       0.0000000
       0.0000000
       0.0000000
       0.0000000
       0.0000000
       0.0000000
       0.0000000
       0.0000000
       0.0000000
       0.0000000
       0.0000000
       0.0000000
       0.0000000
       0.0000000
       0.0000000
       0.0000000
       0.0000000
       0.0000000
       0.0000000
       0.0000000
       0.0000000
       0.0000000
       0.0000000
       0.0000000
       0.0000000
       0.0000000
       0.0000000
       0.0000000
       0.0000000
       0.0000000
       0.0000000
       0.0000000
       0.0000000
       0.0000000
       0.0000000
       0.0000000
       0.0000000
       0.0000000
       0.0000000
       0.0000000
       0.0000000
       0.0000000
       0.0000000
       0.0000000
       0.0000000
       0.0000000
       0.0000000
       0.0000000
       0.0000000
       0.0000000
       0.0000000
       0.0000000
       0.0000000
       0.0000000
       0.0000000
       0.0000000
       0.0000000
       0.0000000
       0.0000000
       0.0000000
       0.0000000
       0.0000000
       0.0000000
       0.0000000
       0.0000000
       0.0000000
       0.0000000
       0.0000000
       0.0000000
       0.0000000
       0.0000000
       0.0000000
       0.0000000
       0.0000000
       0.0000000
       0.0000000
       0.0000000
       0.0000000
       0.0000000
       0.0000000
      -0.0962000
      -2.5925000
       2.1858001
       1.1610000
      -0.1937000
       0.0000000
       0.0000000
       0.0000000
       0.0000000
       0.0000000
       0.0000000
       0.0000000
       0.0000000
       0.0000000
       0.0000000
       0.0000000
       0.0000000
       0.0000000
       0.0000000
       0.0000000
       0.0000000
       0.0000000
       0.0000000
       0.0000000
       0.0000000
       0.0000000
       0.0000000
       0.0000000
       0.0000000
       0.0000000
       0.0000000
       0.0000000
       0.0000000
       0.0000000
       0.0000000
       0.0000000
       0.0000000
       0.0000000
       0.0000000
       0.0000000
       0.0000000
       0.0000000
       0.0000000
       0.0000000
       0.0000000
       0.0000000
       0.0000000
       0.0000000
       0.0000000
       0.0000000
       0.0000000
       0.0000000
       0.0000000
       0.0000000
       0.0000000
       0.0000000
       0.0000000
       0.0000000
       0.0000000
       0.0000000
       0.0000000
       0.0000000
       0.0000000
       0.0000000
       0.0000000
       0.0000000
       0.0000000
       0.0000000
       0.0000000
       0.0000000
       0.0000000
       0.0000000
       0.0000000
       0.0000000
       0.0000000
       0.0000000
       0.0000000
       0.0000000
       0.0000000
       0.0000000
       0.0000000
       0.0000000
       0.0000000
       0.0000000
       0.0000000
       0.0000000
       0.0000000
       0.0000000
       0.0000000
       0.0000000
       0.0000000
       0.0000000
       0.0000000
       0.0000000
       0.0000000
       0.0000000
       0.0000000
       0.0000000
       0.0000000
       0.0000000
       0.0000000
       0.0000000
       0.0000000
       0.0000000
       0.0000000
       0.0000000
       0.0000000
       0.0000000
       0.0000000
       0.0000000
       0.0000000
       0.0000000
      -0.5312000
       0.4907000
       3.5518000
      -0.1332000
       0.0000000
       0.0000000
       0.0000000
       0.0000000
       0.0000000
       0.0000000
       0.0000000
       0.0000000
       0.0000000
       0.0000000
       0.0000000
       0.0000000
       0.0000000
       0.0000000
       0.0000000
       0.0000000
       0.0000000
       0.0000000
       0.0000000
       0.0000000
       0.0000000
       0.0000000
       0.0000000
       0.0000000
       0.0000000
       0.0000000
       0.0000000
       0.0000000
       0.0000000
       0.0000000
       0.0000000
       0.0000000
       0.0000000
       0.0000000
       0.0000000
       0.0000000
       0.0000000
       0.0000000
       0.0000000
       0.0000000
       0.0000000
       0.0000000
       0.0000000
       0.0000000
       0.0000000
       0.0000000
       0.0000000
       0.0000000
       0.0000000
       0.0000000
       0.0000000
       0.0000000
       0.0000000
       0.0000000
       0.0000000
       0.0000000
       0.0000000
       0.0000000
       0.0000000
       0.0000000
       0.0000000
       0.0000000
       0.0000000
       0.0000000
       0.0000000
       0.0000000
       0.0000000
       0.0000000
       0.0000000
       0.0000000
       0.0000000
       0.0000000
       0.0000000
       0.0000000
       0.0000000
       0.0000000
       0.0000000
       0.0000000
       0.0000000
       0.0000000
       0.0000000
       0.0000000
       0.0000000
       0.0000000
       0.0000000
       0.0000000
       0.0000000
       0.0000000
       0.0000000
       0.0000000
       0.0000000
       0.0000000
       0.0000000
       0.0000000
       0.0000000
       0.0000000
       0.0000000
       0.0000000
       0.0000000
       0.0000000
       0.0000000
       0.0000000
       0.0000000
       0.0000000
       0.0000000
       0.0000000
       0.0000000
       0.0000000
      -0.7304000
       0.0724000
      -1.4895000
       0.0000000
       0.0000000
       0.0000000
       0.0000000
       0.0000000
       0.0000000
       0.0000000
       0.0000000
       0.0000000
       0.0000000
       0.0000000
       0.0000000
       0.0000000
       0.0000000
       0.0000000
       0.0000000
       0.0000000
       0.0000000
       0.0000000
       0.0000000
       0.0000000
       0.0000000
       0.0000000
       0.0000000
       0.0000000
       0.0000000
       0.0000000
       0.0000000
       0.0000000
       0.0000000
       0.0000000
       0.0000000
       0.0000000
       0.0000000
       0.0000000
       0.0000000
       0.0000000
       0.0000000
       0.0000000
       0.0000000
       0.0000000
       0.0000000
       0.0000000
       0.0000000
       0.0000000
       0.0000000
       0.0000000
       0.0000000
       0.0000000
       0.0000000
       0.0000000
       0.0000000
       0.0000000
       0.0000000
       0.0000000
       0.0000000
       0.0000000
       0.0000000
       0.0000000
       0.0000000
       0.0000000
       0.0000000
       0.0000000
       0.0000000
       0.0000000
       0.0000000
       0.0000000
       0.0000000
       0.0000000
       0.0000000
       0.0000000
       0.0000000
       0.0000000
       0.0000000
       0.0000000
       0.0000000
       0.0000000
       0.0000000
       0.0000000
       0.0000000
       0.0000000
       0.0000000
       0.0000000
       0.0000000
       0.0000000
       0.0000000
       0.0000000
       0.0000000
       0.0000000
       0.0000000
       0.0000000
       0.0000000
       0.0000000
       0.0000000
       0.0000000
       0.0000000
       0.0000000
       0.0000000
       0.0000000
       0.0000000
       0.0000000
       0.0000000
       0.0000000
       0.0000000
       0.0000000
       0.0000000
       0.0000000
       0.0000000
       0.0000000
      -0.7367000
      -0.6248000
       0.0000000
       0.0000000
       0.0000000
       0.0000000
       0.0000000
       0.0000000
       0.0000000
       0.0000000
       0.0000000
       0.0000000
       0.0000000
       0.0000000
       0.0000000
       0.0000000
       0.0000000
       0.0000000
       0.0000000
       0.0000000
       0.0000000
       0.0000000
       0.0000000
       0.0000000
       0.0000000
       0.0000000
       0.0000000
       0.0000000
       0.0000000
       0.0000000
       0.0000000
       0.0000000
       0.0000000
       0.0000000
       0.0000000
       0.0000000
       0.0000000
       0.0000000
       0.0000000
       0.0000000
       0.0000000
       0.0000000
       0.0000000
       0.0000000
       0.0000000
       0.0000000
       0.0000000
       0.0000000
       0.0000000
       0.0000000
       0.0000000
       0.0000000
       0.0000000
       0.0000000
       0.0000000
       0.0000000
       0.0000000
       0.0000000
       0.0000000
       0.0000000
       0.0000000
       0.0000000
       0.0000000
       0.0000000
       0.0000000
       0.0000000
       0.0000000
       0.0000000
       0.0000000
       0.0000000
       0.0000000
       0.0000000
       0.0000000
       0.0000000
       0.0000000
       0.0000000
       0.0000000
       0.0000000
       0.0000000
       0.0000000
       0.0000000
       0.0000000
       0.0000000
       0.0000000
       0.0000000
       0.0000000
       0.0000000
       0.0000000
       0.0000000
       0.0000000
       0.0000000
       0.0000000
       0.0000000
       0.0000000
       0.0000000
       0.0000000
       0.0000000
       0.0000000
       0.0000000
       0.0000000
       0.0000000
       0.0000000
       0.0000000
       0.0000000
       0.0000000
       0.0000000
       0.0000000
       0.0000000
       0.0000000
       0.0000000
       0.0000000
       0.0000000
       0.0369000
       0.0000000
       0.0000000
       0.0000000
       0.0000000
       0.0000000
       0.0000000
       0.0000000
       0.0000000
       0.0000000
       0.0000000
       0.0000000
       0.0000000
       0.0000000
       0.0000000
       0.0000000
       0.0000000
       0.0000000
       0.0000000
       0.0000000
       0.0000000
       0.0000000
       0.0000000
       0.0000000
       0.0000000
       0.0000000
       0.0000000
       0.0000000
       0.0000000
       0.0000000
       0.0000000
       0.0000000
       0.0000000
       0.0000000
       0.0000000
       0.0000000
       0.0000000
       0.0000000
       0.0000000
       0.0000000
       0.0000000
       0.0000000
       0.0000000
       0.0000000
       0.0000000
       0.0000000
       0.0000000
       0.0000000
       0.0000000
       0.0000000
       0.0000000
       0.0000000
       0.0000000
       0.0000000
       0.0000000
       0.0000000
       0.0000000
       0.0000000
       0.0000000
       0.0000000
       0.0000000
       0.0000000
       0.0000000
       0.0000000
       0.0000000
       0.0000000
       0.0000000
       0.0000000
       0.0000000
       0.0000000
       0.0000000
       0.0000000
       0.0000000
       0.0000000
       0.0000000
       0.0000000
       0.0000000
       0.0000000
       0.0000000
       0.0000000
       0.0000000
       0.0000000
       0.0000000
       0.0000000
       0.0000000
       0.0000000
       0.0000000
       0.0000000
       0.0000000
       0.0000000
       0.0000000
       0.0000000
       0.0000000
       0.0000000
       0.0000000
       0.0000000
       0.0000000
       0.0000000
       0.0000000
       0.0000000
       0.0000000
       0.0000000
       0.0000000
       0.0000000
       0.0000000
       0.0000000
       0.0000000
       0.0000000
       0.0000000
       0.0000000
       0.0000000
       0.0000000
       0.0000000
      -0.1768000
       0.0840000
       0.1765000
      -1.4324000
       1.7615000
      -0.8277000
      -0.5944000
      -0.3118000
       0.8472000
      -0.2118000
      -0.4659000
       0.2874000
      -0.0377000
       0.4363000
      -1.9248000
       1.1763999
       1.0082000
      -2.6485000
      -0.0222000
       1.1828001
       0.7074000
      -1.3036000
      -0.6732000
       2.0459001
      -0.5839000
      -0.7486000
       1.2194000
      -0.2111000
      -0.2011000
       0.0723000
      -2.0411000
       1.5686001
       0.8820000
      -2.8525000
       0.8040000
       1.2972000
      -0.9952000
      -0.8102000
       0.0973000
       0.4093000
       0.2534000
      -1.0240000
       0.9783000
      -0.6738000
      -0.4737000
       0.7866000
       0.2003000
       0.1549000
       0.1385000
       0.6305000
      -0.4495000
       1.1971999
      -0.4761000
       0.2735000
      -0.1892000
      -0.3127000
       0.9821000
       0.1096000
      -1.0513999
       0.3709000
       0.2490000
      -1.1997000
       0.2240000
       0.6456000
      -1.2298000
      -0.5714000
       0.2881000
      -0.0535000
      -0.2557000
      -0.9993000
       0.6241000
      -0.6965000
       0.3747000
       0.5336000
      -0.9147000
       0.4049000
       1.3026000
       0.0549000
      -0.2730000
       1.3895000
      -0.5935000
       1.3303000
       0.4088000
       0.1359000
       0.8513000
      -0.5459000
       0.0855000
       0.8213000
      -0.7424000
       0.2407000
      -0.3177000
      -0.6118000
      -0.0897000
      -0.8497000
      -0.7991000
       0.1470000
      -1.3922000
      -0.1692000
      -0.7500000
      -0.5822000
      -1.0222000
      -1.0028000
       0.6580000
      -0.8459000
       0.3073000
       1.0056000
      -2.0431001
       1.4071000
       1.8003000
      -1.4496000
       0.0000000
       0.0000000
       0.8899000
      -0.8731000
      -0.8696000
       0.9987000
      -0.0639000
       0.4929000
      -1.9641000
       1.7496001
      -0.7345000
      -0.3427000
      -0.7583000
       1.8415999
      -0.4112000
      -1.5224000
       0.8869000
      -0.1890000
       0.5777000
      -0.8721000
      -1.6669000
       1.7799000
      -0.9463000
      -1.0457000
       0.6229000
      -0.3697000
       0.7129000
      -1.6828001
       0.3696000
       3.0472000
      -1.9155999
      -2.2161000
       2.8856001
      -0.7834000
      -0.2419000
      -1.3041000
      -0.8512000
       2.3101001
       0.2294000
      -2.0952001
      -0.1468000
       0.4160000
       0.1007000
       1.2253000
      -1.3263000
       0.4693000
      -0.8866000
       0.8365000
      -0.1622000
       0.0097000
      -0.3846000
       0.4880000
       0.4068000
      -0.8794000
       1.8704000
      -1.1710000
      -0.6636000
       0.1202000
       1.2861000
      -0.8097000
      -0.5008000
      -1.0101000
       0.4549000
       0.9230000
      -1.5001000
      -0.9753000
       1.3832999
      -0.6113000
      -0.5790000
      -0.1714000
       0.2214000
       0.0811000
      -0.8439000
       0.7723000
      -0.9455000
       0.6788000
       0.1299000
      -0.4531000
       0.5809000
       0.7811000
      -1.0190001
       1.5531000
       2.2720001
      -2.1986001
       1.8152000
       1.6489000
       0.2066000
       0.4916000
      -0.0112000
       1.8217000
       0.3560000
      -1.4337000
       2.7808001
       0.6820000
      -2.3882999
       2.3622000
       0.8966000
      -1.0410000
      -0.6305000
       0.4215000
       1.4766999
      -1.4730999
       0.3253000
      -0.1136000
      -0.7152000
       1.8293999
      -1.2201000
      -0.7534000
       2.5309000
      -2.3957000
      -1.0567000
       0.0000000
       0.0000000
       0.0000000
      -0.2210000
       0.4066000
      -1.2365000
       0.1049000
       0.7753000
      -0.9567000
       0.7904000
      -1.1996000
       0.5705000
      -0.4880000
       0.4685000
      -1.3085001
       1.3684000
      -0.4092000
      -2.0648999
       1.4125000
       0.5698000
      -1.1029000
      -0.0639000
      -0.5804000
       1.4154000
      -2.5487001
       0.1126000
       1.5482000
      -0.6873000
      -0.6788000
       0.2763000
       0.5394000
       1.1135000
      -2.4748001
       0.7428000
       2.3606999
      -1.8788000
      -0.0578000
      -1.1332999
       0.2719000
       1.4431000
      -0.6236000
      -2.3810999
       2.4368999
      -0.1515000
      -1.1612999
       0.6052000
       0.6968000
      -0.6684000
      -1.8978000
       0.6347000
       0.2281000
       0.1601000
      -2.5764999
       1.6565000
       0.6748000
      -1.6420000
       0.1223000
       1.1876000
      -1.4834000
      -0.6053000
       2.6875999
      -2.0790999
      -0.1014000
       1.0151000
      -0.5328000
       0.6163000
      -0.3402000
      -0.7395000
       1.3002000
      -0.7649000
       0.8303000
      -0.7118000
       0.1736000
      -0.0378000
      -0.0990000
       0.1710000
      -1.2884001
       0.2758000
       0.5363000
      -1.0926000
      -1.9615999
       1.3882999
      -1.3002000
      -0.3338000
       0.5472000
      -1.4862000
       0.0699000
       0.4384000
      -0.3840000
       0.0527000
      -1.0386000
       0.9901000
       0.6341000
      -2.7909999
       1.5581000
       1.8386000
      -2.2492001
       2.1424999
       1.0201000
      -1.6506000
       0.0187000
       2.3954999
       0.3922000
      -2.7907000
       2.6819000
      -0.2069000
      -2.5225999
       2.4579000
      -0.7425000
      -2.8798001
       1.9729000
       0.0000000
       0.0000000
       0.0000000
       0.0000000
       0.7504000
      -0.9158000
       0.7036000
      -0.2544000
      -0.7559000
       0.1898000
       0.0768000
       0.4416000
      -0.9484000
      -0.4363000
       1.3082000
       0.3831000
      -2.0990000
       0.5921000
       1.2947000
      -1.6370000
      -0.6538000
       0.8872000
       0.2431000
       0.8414000
      -2.6320000
       0.0693000
       0.4825000
       0.3412000
      -0.4734000
      -0.4213000
       0.1064000
      -0.4483000
       0.0016000
       1.2047000
      -2.7011001
       2.7442000
       0.7794000
      -2.3296001
       0.3898000
       0.0866000
       0.2490000
       0.1121000
      -0.2192000
      -1.9172000
       1.9493001
      -0.6859000
      -0.2179000
       0.0259000
       0.8503000
      -0.9633000
      -0.3631000
       0.2610000
      -0.1698000
       0.4665000
      -2.3013000
       0.9083000
       0.6104000
       0.0411000
      -1.4768000
       1.2423000
      -0.3755000
       0.3560000
       1.5020000
      -1.9084001
      -0.1670000
       1.9387000
      -1.3459001
       1.6615000
      -0.4097000
      -0.3307000
       1.1516000
      -0.5742000
       1.5425000
      -0.7292000
       1.0793000
      -0.4201000
       0.7697000
      -0.2975000
       0.2618000
       0.2060000
       0.6269000
      -0.0882000
      -1.6716000
       0.6039000
       0.3962000
      -0.0459000
      -0.7534000
      -1.0059000
      -0.2045000
       0.8384000
      -1.9660000
       0.6563000
       0.1416000
      -1.4891000
       1.3946000
      -1.9069000
      -0.9255000
       2.7795999
      -0.9259000
      -1.1540999
       1.0211000
       0.7726000
      -1.3542000
       1.8160000
       1.1755000
      -2.7516000
       2.0980999
       1.6129000
      -2.7253001
       0.4167000
       3.1578000
       0.0000000
       0.0000000
       0.0000000
       0.0000000
       0.0000000
      -1.0199000
       1.3047000
       0.2851000
      -0.3311000
      -0.0552000
      -0.4476000
       0.9464000
      -0.8291000
      -0.6104000
       1.1509000
      -0.3415000
       0.4203000
      -0.4679000
       0.1343000
       0.3467000
      -0.3390000
      -0.6218000
       1.0769000
       0.7536000
      -1.5058000
       0.3780000
       0.0962000
      -0.6616000
      -0.5288000
       1.0222000
      -0.4570000
      -1.0154001
       1.1569000
      -1.0791000
      -0.7225000
       2.6168001
      -2.4212000
       1.8636000
      -0.4708000
      -0.0790000
      -0.0219000
       0.1675000
      -0.9305000
       0.5091000
       0.2181000
      -0.8911000
       0.4592000
       0.0471000
       0.5922000
      -1.5598000
       1.4900000
      -1.4654000
       0.8768000
       0.0118000
      -0.5189000
      -0.7210000
       0.9593000
       0.2542000
      -0.9622000
       1.5001000
      -1.2809000
       0.7044000
       0.3563000
      -0.1161000
       1.3121001
      -0.9852000
      -0.2523000
       2.7458000
      -2.2859001
       1.4895999
      -0.3308000
       1.0360000
      -0.5408000
      -0.4706000
       0.8934000
       0.3712000
       1.1188000
      -2.1250999
       0.3911000
      -0.0615000
       0.5773000
      -0.6207000
      -0.6115000
      -0.5206000
       0.1040000
      -0.5715000
       0.3966000
      -1.7926000
       0.7744000
       0.0364000
      -1.4840000
       1.5568000
      -2.2507999
       1.0132999
       2.0848000
      -4.2824001
       1.7947000
       2.1315000
      -1.8441000
       0.9947000
       0.5209000
      -0.0266000
       0.2539000
       0.8231000
      -0.7530000
       1.2896000
       0.3605000
      -1.1986001
       0.0470000
       2.0172000
      -0.0227000
       0.0000000
       0.0000000
       0.0000000
       0.0000000
       0.0000000
       0.0000000
       0.2041000
      -0.2312000
       1.9637001
      -0.3432000
      -1.6325001
       1.4092000
      -0.3768000
       0.0668000
      -0.2498000
      -0.3560000
       1.7866000
      -2.1770999
       0.6324000
       0.2795000
       0.7069000
      -1.1032000
      -0.6092000
       1.5912000
      -0.7099000
      -0.0252000
      -0.4432000
      -0.7105000
       0.5074000
      -0.3823000
      -0.6388000
       0.5313000
       0.6633000
      -2.2776000
       1.5786000
      -0.5290000
       0.1246000
       0.8430000
      -1.5774000
       2.6470001
      -1.9546000
      -0.8882000
       1.4250000
       1.3349000
      -2.1468999
       0.7074000
      -0.6316000
       1.3947999
      -1.5231000
       0.1004000
       0.5338000
      -1.5266000
       1.9763000
       0.1004000
      -0.0785000
      -0.7967000
       1.0228000
      -0.8293000
       1.7564000
      -1.3514000
      -1.0046000
       1.8242000
      -0.4520000
      -0.7879000
       0.2738000
      -1.4592000
       1.7503999
      -0.7819000
      -1.8347000
       0.9501000
      -1.4714000
       1.8875999
      -1.0310000
       0.1370000
      -2.2876000
       1.3429000
       0.5702000
      -0.0751000
      -1.1562999
      -0.4411000
       1.6328000
      -0.9716000
       0.2053000
       1.3276000
      -0.9140000
       0.7199000
       1.2970999
      -0.6770000
       2.3517001
      -2.0281000
       2.6489000
       0.8394000
      -1.7787000
       3.0088999
      -0.7779000
       0.1390000
       2.7862999
      -3.0439000
       2.6630001
       1.7485000
      -2.6636000
       1.2424999
       0.4488000
      -1.4150000
      -0.5929000
       0.5692000
      -0.3331000
      -0.9776000
      -0.1881000
       1.0607001
      -2.1930001
       0.0000000
       0.0000000
       0.0000000
       0.0000000
       0.0000000
       0.0000000
       0.0000000
      -0.7358000
       1.0765001
      -0.7033000
       0.4416000
       0.5804000
      -0.9240000
       0.7593000
      -0.5567000
       0.9627000
      -0.7664000
      -1.4895000
       2.7444999
      -2.6264999
       0.8586000
       0.9615000
      -0.7041000
      -0.1839000
      -0.2971000
       1.6483999
      -1.6095999
       0.2301000
       0.1574000
      -0.4735000
      -0.5984000
      -0.4000000
       0.8152000
      -0.3536000
      -0.9055000
      -1.0690000
       2.5123999
      -2.0441000
       0.4325000
       1.3360000
      -0.5177000
       0.3692000
      -0.5144000
      -1.0244000
       0.8151000
       0.4782000
      -0.9517000
       0.5261000
      -1.7832000
       2.9408000
      -1.9703000
       0.2165000
       0.6650000
      -0.2867000
       0.0361000
      -0.1422000
       0.2373000
      -0.3181000
       0.2798000
      -0.3865000
       1.1036000
      -1.3758000
       0.7881000
       0.6617000
      -1.1641001
      -0.4517000
       0.9962000
      -0.9455000
       1.4704000
      -2.9723001
       0.8429000
       1.0512000
      -1.5199000
       0.3771000
      -0.5374000
       0.4756000
      -0.7048000
       0.3361000
      -0.0883000
       1.8581001
      -2.7741001
       0.0984000
       3.5773001
      -1.4056000
      -1.3663000
       3.4110999
      -0.9421000
       1.3148000
      -0.3378000
      -0.1507000
       4.1265001
      -2.9482999
       1.2438000
       2.6046000
      -1.5484000
       2.3487000
      -0.4064000
      -0.5574000
       2.1280999
      -2.8090000
       1.9790000
       0.6607000
      -2.4676001
       0.9299000
       0.8697000
      -2.0525999
       0.2272000
       0.1291000
      -0.6288000
      -1.3591000
      -1.3992000
       0.0000000
       0.0000000
       0.0000000
       0.0000000
       0.0000000
       0.0000000
       0.0000000
       0.0000000
      -0.3803000
       0.1710000
       0.6770000
      -0.4951000
      -0.5959000
       0.0617000
       0.1642000
       0.6955000
      -1.6450000
       1.5537000
       0.7669000
      -2.6235001
       2.6612999
      -0.5634000
       0.1499000
      -0.1331000
       0.3496000
       0.8533000
      -2.4084001
       2.1491001
      -0.4088000
      -0.2067000
      -0.5444000
      -0.4478000
       0.6367000
      -0.5336000
      -0.6435000
       1.3456000
      -0.1031000
      -1.9926000
       1.9169000
      -0.2350000
       0.0922000
       0.9665000
       0.2061000
      -1.7678000
       0.4513000
      -0.4209000
       1.6662000
      -1.7555000
      -0.2087000
       1.4829000
      -1.1493000
       1.4226000
      -2.1350000
       1.3381000
       0.2603000
      -0.0850000
      -0.6853000
      -0.3856000
      -0.2792000
       1.5825000
      -1.7304000
       0.0334000
       0.2838000
      -1.2151000
       0.9947000
      -0.4883000
      -1.6806000
       1.0991000
      -0.2887000
      -0.9603000
       1.4915000
      -2.3354001
       0.5220000
      -0.4469000
       0.6057000
       0.1377000
      -1.2959000
      -1.2114000
       1.9708000
      -0.0258000
      -2.3137000
       1.4319000
      -0.6537000
       0.0032000
       1.7191000
      -0.7904000
      -0.5871000
       2.4114001
      -2.2909000
       2.0690999
      -0.3188000
      -0.4578000
       2.0204000
      -1.6898000
       0.9442000
       0.8113000
      -0.6781000
       2.0590999
      -1.3701000
       0.1788000
       2.0106001
      -2.9033999
       1.6648999
       1.6705000
      -2.4110000
       0.5370000
       1.6246001
      -1.0434999
       0.8934000
      -0.0799000
       0.0941000
       0.0000000
       0.0000000
       0.0000000
       0.0000000
       0.0000000
       0.0000000
       0.0000000
       0.0000000
       0.0000000
      -0.8151000
       0.5194000
       0.1413000
      -0.1367000
       1.2386000
      -0.0439000
      -0.4409000
      -1.2029001
       1.4664000
      -0.3494000
      -1.7561001
       1.6967000
      -0.7095000
       1.3597000
      -1.6155000
       1.3642000
      -0.5461000
      -0.8776000
       1.2524000
      -1.1276000
       1.6098000
      -1.5362000
      -0.0623000
      -0.0137000
      -0.1160000
       0.0761000
      -0.8100000
      -0.2536000
       1.3597000
      -1.3799000
      -0.0391000
       1.2352000
      -1.7236000
       1.4005001
       1.2018000
      -1.8368000
      -1.0186000
       2.5341001
      -1.4807000
       0.5979000
      -1.4164000
       0.6258000
      -0.2525000
      -1.1561000
       1.9266000
      -1.3130000
       0.6984000
       0.9924000
      -1.4435000
       0.5758000
       0.3577000
      -0.8924000
       1.8922000
      -2.0590999
       1.3391000
       0.5865000
      -1.5165000
       1.4698000
       0.3952000
      -1.8112000
       2.5741000
      -0.6575000
      -0.2618000
      -0.0171000
      -0.5390000
       1.9155999
      -0.5186000
      -0.2176000
       0.0056000
       0.6395000
      -0.9539000
       2.2504001
      -0.1532000
      -1.1150000
       0.5788000
       0.8112000
      -0.4506000
       1.3135000
      -1.3595001
      -0.2463000
       1.7835000
      -1.7932000
       0.3890000
      -0.5733000
       0.6490000
      -0.6312000
      -1.2817000
       0.9075000
      -0.8586000
      -1.1365000
       1.2162000
      -1.4579000
      -0.8566000
       0.1499000
      -1.4960999
       1.1362000
       0.3033000
      -3.0906999
       1.6426001
       2.3763001
      -2.5239000
       0.2030000
       0.0000000
       0.0000000
       0.0000000
       0.0000000
       0.0000000
       0.0000000
       0.0000000
       0.0000000
       0.0000000
       0.0000000
       0.4497000
      -1.7538000
       2.0230000
       0.3055000
       0.4260000
       0.4110000
      -2.0636001
       2.3011000
      -1.3462000
       0.1088000
       1.2773000
      -1.7458000
       2.4424000
      -0.5580000
      -0.9874000
      -0.1216000
       1.8393000
      -1.4316000
       0.3259000
       1.6000000
      -1.5552000
       0.4138000
      -0.9891000
       0.7351000
       0.5886000
      -1.6010000
       1.0676000
      -0.2233000
      -1.7201000
       2.1657000
      -1.1493000
      -0.0961000
       1.3751000
      -1.6287000
       1.0263000
       1.8063000
      -2.8989000
      -0.5541000
       3.4539001
      -2.0822999
      -0.3672000
      -0.5619000
       1.2610000
      -1.1286000
      -0.4306000
       1.9439000
      -1.6174999
      -0.9082000
       1.6531000
      -2.4105000
       1.9341000
      -0.5858000
      -2.0585999
       2.7388999
      -2.3457000
       0.3748000
       1.1957000
      -2.6210001
       0.8581000
       0.7742000
      -2.0948999
       2.0892000
      -1.3613000
      -0.4938000
      -1.1465000
       1.1270000
       0.1789000
      -0.9339000
      -1.0165000
       1.0389000
       0.4180000
      -1.4396000
       0.6200000
       0.2857000
      -0.2214000
      -0.0033000
       0.4728000
      -0.0734000
       1.1467000
      -1.5337000
       1.4816999
       0.7088000
      -0.9372000
       0.8836000
       0.9823000
       0.8450000
      -1.0270000
       0.6850000
       2.3721001
      -1.3832999
       0.2943000
       1.6133000
      -0.0357000
      -0.3136000
       1.4225000
       1.0612000
      -0.7910000
       1.1590000
      -0.4942000
       0.9655000
       1.1438000
       0.0000000
       0.0000000
       0.0000000
       0.0000000
       0.0000000
       0.0000000
       0.0000000
       0.0000000
       0.0000000
       0.0000000
       0.0000000
      -1.4381000
       1.3559000
      -1.6289999
       2.5892000
       0.1328000
      -2.0404999
       1.4496000
      -0.7989000
       1.7569000
      -2.0120001
      -0.5852000
       2.5780001
      -1.6427000
       0.2796000
       0.7858000
      -0.5029000
      -1.5520000
       2.1643000
      -0.5967000
      -0.2355000
       0.4684000
      -0.5759000
       0.0415000
      -0.6129000
       0.7155000
       0.6792000
      -1.3559000
       1.1131999
      -0.5063000
      -1.7508000
       2.4656000
      -0.6634000
      -0.9816000
       1.4378999
       0.0392000
      -0.5931000
      -0.0565000
       0.5471000
       0.4397000
      -0.0854000
      -0.5616000
       1.1959000
      -2.0917001
       0.7556000
       0.7936000
      -1.1299000
       1.8516999
      -1.9079000
      -0.9288000
       3.2788999
      -2.7959001
       2.7082000
      -1.0105000
      -2.4497001
       3.7488000
      -1.6072000
      -2.0579000
       3.1515000
      -1.6658000
      -0.4166000
       1.1940000
       0.2226000
      -0.3270000
      -2.0806999
       2.0342000
       0.5032000
      -0.8946000
      -1.3659000
       1.4592000
      -0.9063000
       0.3658000
      -0.4460000
       0.1053000
       0.4705000
      -0.5422000
       0.1257000
       1.4267000
      -1.2790999
      -0.6650000
       1.9190000
      -1.4744000
       0.4484000
      -0.6006000
       0.0769000
       0.0212000
      -0.3671000
       1.1938000
      -1.8637000
       0.1523000
       1.3071001
      -1.7336000
      -0.1548000
       1.1789000
      -0.4216000
      -1.4136000
       2.1668999
       0.1523000
      -2.3634000
       1.2442000
       0.8811000
       0.0000000
       0.0000000
       0.0000000
       0.0000000
       0.0000000
       0.0000000
       0.0000000
       0.0000000
       0.0000000
       0.0000000
       0.0000000
       0.0000000
       1.0749000
      -1.7943000
       0.5169000
       0.1065000
       0.7014000
      -0.8375000
      -0.7846000
       1.9062001
      -0.0255000
      -0.1764000
      -0.6906000
       1.4777000
       0.4971000
      -1.0086000
      -0.0115000
       0.3401000
      -0.1240000
      -1.2022001
       1.5939000
       0.5828000
      -0.4816000
      -1.4359000
       0.8002000
       1.1346000
      -2.8197000
       0.1447000
       2.4386001
      -1.3724999
      -1.4993000
       1.3886000
       0.0082000
      -0.7000000
      -0.6124000
       1.6549000
       0.5931000
      -1.7645000
       0.9959000
       1.1244000
      -0.8052000
       0.6750000
      -0.2243000
      -1.2759000
       2.3304999
      -2.2700000
       1.1276000
       1.2704999
      -2.1090000
       2.0323000
      -1.6247000
      -1.1894000
       3.4865999
      -3.4570000
       2.5286000
       1.1701000
      -3.4633999
       2.2362001
       0.9741000
      -2.2061000
       1.7077000
      -0.4968000
       0.4925000
       0.0181000
       0.1543000
      -1.1346999
       0.2614000
       0.4157000
       0.1279000
      -0.8141000
      -1.7508000
       1.0720000
      -0.6667000
       0.3062000
      -2.2024000
      -1.2024000
       1.2184000
      -0.7027000
      -3.0283000
       1.2981000
      -1.5348001
      -1.1101000
       0.1625000
      -1.5525000
      -0.4903000
      -1.2814000
      -0.3847000
      -0.9489000
      -1.2149000
       1.1320000
      -2.4775000
      -0.7526000
       2.2289000
      -2.0490000
      -1.7549000
       1.3190000
       0.8506000
      -3.1856000
       1.3131000
       0.1164000
      -0.6691000
       0.0000000
       0.0000000
       0.0000000
       0.0000000
       0.0000000
       0.0000000
       0.0000000
       0.0000000
       0.0000000
       0.0000000
       0.0000000
       0.0000000
       0.0000000
      -1.3667001
       0.1221000
      -0.0047000
       0.5236000
      -0.7005000
       0.9962000
      -1.2309000
       0.1662000
       1.3377000
      -1.7171000
       0.4992000
      -0.5700000
      -0.1449000
       0.2351000
       0.7687000
      -0.8354000
       0.7063000
      -0.2759000
      -0.0764000
       0.7152000
      -1.4050000
       1.6456000
      -0.8224000
      -1.7106000
       2.1901000
      -1.2341000
      -0.4011000
       0.4393000
       0.4748000
      -1.3288000
       0.5290000
       0.3875000
       0.4353000
      -1.4612000
       0.6480000
       0.8269000
      -0.9437000
       0.6866000
       1.2115000
      -1.4326000
       1.0116000
       0.1358000
      -2.3455999
       3.2063000
      -2.6159000
       1.0465000
       0.7450000
      -2.5785000
       2.0088999
      -1.4045000
      -1.6361001
       3.6414001
      -2.8326001
       0.3840000
       1.0511000
      -2.3640001
       0.9332000
       0.3453000
      -1.9154000
       0.7855000
       0.7230000
      -1.1820000
      -1.5341001
       0.6271000
      -1.5443000
       1.3630000
      -1.3457000
      -0.6007000
      -0.4397000
      -0.0758000
       0.6242000
      -1.7121000
       0.2976000
       0.5702000
      -1.2790999
       1.2639000
       1.2024000
      -2.2227001
       2.1017001
      -0.1739000
      -0.3735000
       1.3874000
       0.7206000
       0.0117000
      -0.8932000
       2.6336999
       1.2918000
      -1.9798000
       2.6796999
       1.6461000
      -0.1348000
       0.9624000
       0.2346000
      -0.2695000
       1.8056000
       1.1002001
      -1.6363000
       2.2205000
       0.0000000
       0.0000000
       0.0000000
       0.0000000
       0.0000000
       0.0000000
       0.0000000
       0.0000000
       0.0000000
       0.0000000
       0.0000000
       0.0000000
       0.0000000
       0.0000000
      -0.0285000
      -0.8396000
      -0.3451000
       0.4934000
       0.9129000
       0.0578000
       0.0004000
       0.4545000
      -0.3642000
       0.0875000
      -0.7228000
       0.4451000
       0.0027000
       0.3499000
      -0.4301000
       1.3378000
      -1.9484000
       0.2489000
       0.2627000
       0.5213000
       0.6108000
      -2.0355000
       1.0633000
      -0.2382000
      -1.0935000
       0.9885000
      -1.5799000
       1.2795000
      -1.8924000
       0.8331000
      -1.2185000
       0.9416000
      -0.3329000
       1.1166000
      -1.3376000
       0.8581000
       0.4048000
      -0.8178000
      -0.5387000
       2.4676001
      -2.8350999
       0.8915000
       0.4075000
      -2.2688999
       3.4442000
      -3.6091001
       1.8687000
       0.9481000
      -2.5408001
       2.3275001
      -0.7483000
      -1.6560000
       2.2857001
      -1.9495000
      -0.0110000
       1.5167000
      -1.5925000
      -1.0195000
       0.5676000
       0.3607000
      -1.9927000
       1.3257000
      -1.0942000
      -1.3907000
       1.9212000
      -1.1948000
       0.3130000
      -1.7130001
       1.1090000
      -0.3996000
      -0.9432000
       1.5380000
      -1.2421000
      -1.1447001
       3.0888000
      -1.0674000
       0.5348000
       1.9317000
      -0.9234000
       1.7474000
       0.4775000
       1.1840000
       1.8104000
      -0.0680000
       2.5353999
       1.3618000
       0.8896000
       1.4749000
       0.5715000
       3.8060999
       1.2913001
      -1.1632000
       2.4835999
       2.7642000
      -1.6775000
       2.3273001
       2.1175001
       0.0000000
       0.0000000
       0.0000000
       0.0000000
       0.0000000
       0.0000000
       0.0000000
       0.0000000
       0.0000000
       0.0000000
       0.0000000
       0.0000000
       0.0000000
       0.0000000
       0.0000000
       0.2814000
      -0.4141000
      -0.3861000
       0.7685000
      -0.1460000
       0.9250000
       1.7840000
      -2.4085000
       0.5844000
       0.6084000
      -0.4731000
      -1.5706000
       0.7698000
       0.0704000
      -0.3120000
      -1.1324000
       1.5477000
      -1.0479000
       0.7505000
      -0.2478000
       0.1666000
       1.3475000
      -1.8024000
      -0.6492000
       0.6463000
       0.6944000
       0.1814000
      -2.5755000
       3.2467000
      -1.7467999
      -1.1447999
      -0.0462000
       3.0313001
      -2.3083000
       0.5004000
       1.1179000
      -0.7118000
      -0.6269000
       1.9303000
      -1.8313000
       2.1696000
      -3.7284000
       2.6252000
       0.2280000
      -2.6874001
       2.9568000
      -2.8563001
       1.6552000
       1.3949000
      -2.1164999
       1.0513999
       0.1746000
      -0.6105000
       1.1427000
      -0.9354000
       0.4246000
      -0.3946000
       0.1432000
      -1.1007000
       0.6716000
       1.7643000
      -4.0682998
       0.9969000
       0.5210000
      -0.8589000
      -0.3232000
      -1.4974000
       0.6968000
      -1.9139000
       1.0979000
      -0.4406000
      -3.0397999
       1.8158000
      -0.2195000
      -3.7430000
       1.3250000
      -0.7156000
      -0.0004000
      -1.1777000
      -2.3529999
       1.6131999
      -0.9428000
      -1.9157000
       0.7189000
      -0.6012000
       0.3688000
      -2.2770000
      -0.8123000
       1.8439000
      -1.8142000
      -0.3509000
       1.9240000
      -2.0515001
      -0.4752000
       2.0420001
      -1.7408000
       0.0000000
       0.0000000
       0.0000000
       0.0000000
       0.0000000
       0.0000000
       0.0000000
       0.0000000
       0.0000000
       0.0000000
       0.0000000
       0.0000000
       0.0000000
       0.0000000
       0.0000000
       0.0000000
      -2.9342999
       1.2497000
       0.3277000
      -3.1573000
       1.9349999
       1.4687001
      -1.0487000
       0.8244000
      -1.6302000
       2.2656000
      -0.6524000
       0.2125000
      -0.3994000
      -0.1975000
       1.2815000
      -0.2810000
      -1.3453000
       0.7437000
      -1.2155000
       1.2114000
       0.3041000
      -0.0614000
       0.3620000
      -2.0048001
       0.3192000
       0.7706000
      -0.5742000
       0.4869000
      -0.5770000
       0.5760000
      -1.4502000
       1.1387000
      -1.0366000
       1.2505000
      -1.7084000
       1.3350000
       2.6752000
      -2.7579999
      -0.9313000
       3.8111999
      -2.8492000
       2.4956000
      -3.7272999
       3.5562999
      -0.4365000
      -2.7614000
       2.4356000
      -1.4097000
       1.2219000
       0.3300000
      -1.8098000
       1.1442000
      -0.0623000
      -0.8775000
       0.1001000
       0.4689000
      -0.0822000
      -2.6192000
       2.1456001
      -0.4570000
      -1.3494999
       1.3758000
      -2.6157000
      -0.0959000
      -0.1857000
       0.6329000
      -1.7455000
      -2.8501999
       1.5904000
      -1.6794000
      -2.4425001
      -0.5074000
      -1.7580000
      -0.3369000
      -2.5129001
      -2.2233000
       0.9186000
      -3.5747001
      -1.4498000
      -0.4430000
      -2.3381000
      -0.4855000
      -3.1835999
      -1.4694000
       0.1306000
      -2.6996000
      -0.6408000
      -2.0897999
      -1.3987000
       1.5900000
      -1.9339000
      -2.6789000
       1.7275000
      -1.3277000
      -0.9701000
       0.0000000
       0.0000000
       0.0000000
       0.0000000
       0.0000000
       0.0000000
       0.0000000
       0.0000000
       0.0000000
       0.0000000
       0.0000000
       0.0000000
       0.0000000
       0.0000000
       0.0000000
       0.0000000
       0.0000000
       0.7779000
      -0.7635000
      -0.0942000
       1.5113000
      -1.9121000
       0.5861000
       1.9165000
      -2.3145001
       1.8985000
      -0.1073000
       0.6667000
      -2.2667999
       0.8762000
       1.0286000
      -0.7413000
      -0.9261000
       0.0574000
       0.9541000
      -0.7718000
      -0.5650000
       1.7770000
      -0.5014000
      -0.9131000
       0.6637000
       0.6739000
      -1.2489001
       0.4783000
       0.6173000
      -0.2805000
      -0.3779000
       1.0292000
      -0.5982000
      -0.3378000
      -0.7290000
       1.2950000
      -1.1314000
      -0.8776000
       3.3664000
      -2.7844000
      -0.5330000
       3.1092999
      -3.1675000
       2.4250000
      -2.6979001
       2.7219000
      -1.2562000
      -1.1496000
       2.6170001
      -0.9636000
      -0.4152000
       1.1180000
      -1.1822000
       0.5544000
      -0.7603000
       0.5823000
       0.7317000
      -0.7969000
      -0.8408000
      -0.7248000
       2.1242001
      -0.2279000
      -1.3622000
       0.4000000
       0.1770000
       1.1828001
      -1.6691999
       0.9258000
       0.2262000
      -0.6928000
       1.5000000
      -1.4620000
      -0.2018000
       1.5283999
      -0.9781000
       0.1063000
      -0.4102000
       0.2724000
       1.1306000
      -2.5020001
       1.4160000
       1.0912000
      -1.9542000
       1.1608000
      -1.1322000
       1.3704000
       0.7644000
      -1.2111000
       0.8949000
       1.2158999
      -0.4182000
       1.3081000
      -0.7048000
      -1.4071000
       1.6737000
       0.0000000
       0.0000000
       0.0000000
       0.0000000
       0.0000000
       0.0000000
       0.0000000
       0.0000000
       0.0000000
       0.0000000
       0.0000000
       0.0000000
       0.0000000
       0.0000000
       0.0000000
       0.0000000
       0.0000000
       0.0000000
      -1.5168000
       0.9602000
       0.4683000
      -2.1580999
       0.9617000
       0.4255000
      -1.3866000
       1.3052000
      -0.8906000
       0.4546000
      -0.3168000
       0.8979000
      -1.4816000
       1.1040000
      -0.0293000
      -0.0677000
       0.6346000
      -0.6897000
       1.0373000
      -0.8274000
       0.0128000
       0.2535000
      -0.5510000
       0.6595000
      -0.5282000
       0.5369000
      -0.8622000
      -0.3389000
       0.3684000
      -0.1552000
      -0.5728000
       0.1602000
       1.8512000
      -0.4252000
      -2.8893001
       2.4655001
       1.2970001
      -3.6958001
       3.4205000
      -1.4478000
      -0.1420000
       1.0387000
      -2.3546000
       2.9586999
      -2.6489999
       0.8977000
       0.1323000
      -0.1875000
       0.8150000
      -1.0441000
       0.0772000
       1.3160000
      -1.4680001
       0.6464000
       0.2275000
       0.7362000
      -0.6400000
      -0.2255000
       0.3491000
       0.8642000
      -0.6310000
      -0.6289000
       0.7167000
       0.0926000
      -0.0011000
       0.0066000
      -1.0991000
       1.4827000
      -1.0844001
      -0.7877000
       0.9392000
      -1.4409000
       0.3332000
       0.6510000
      -0.7173000
       0.7149000
      -1.0581000
      -1.0269001
       2.4597001
      -2.4137001
       1.5437000
      -0.2281000
      -1.5180000
       0.6799000
      -0.9692000
       0.8347000
      -1.1516000
      -1.1238000
       0.3771000
       0.7219000
      -1.4578000
       0.3644000
      -0.0542000
       0.0000000
       0.0000000
       0.0000000
       0.0000000
       0.0000000
       0.0000000
       0.0000000
       0.0000000
       0.0000000
       0.0000000
       0.0000000
       0.0000000
       0.0000000
       0.0000000
       0.0000000
       0.0000000
       0.0000000
       0.0000000
       0.0000000
       0.8541000
      -0.0381000
      -1.0546000
       1.9416000
      -1.5836999
       0.3050000
       0.3655000
      -1.1755000
       2.8041000
      -1.6267000
      -1.0050000
      -0.1387000
       0.8264000
      -1.0668000
       0.1564000
      -0.3429000
       0.2708000
       0.4403000
       0.3633000
       1.0832000
      -2.5374000
       1.2161000
       0.0108000
      -1.7000999
       1.2967000
      -1.0387000
       1.0154999
      -0.2253000
      -0.0284000
      -1.2318000
      -0.0984000
       2.0366001
      -1.8842000
      -0.1822000
       2.0534000
      -2.5334001
       0.4028000
       2.9249001
      -3.2894001
       2.0353000
      -0.3015000
       0.5376000
       0.0589000
      -1.5173000
       2.2393999
      -1.3203000
       0.1850000
       0.0006000
      -0.0165000
       0.3646000
      -1.0073000
       0.6097000
       0.5179000
      -1.1648000
       0.5301000
       0.5027000
      -1.1500000
       0.6292000
       1.3443000
      -1.5175000
       0.6867000
      -1.1183000
       1.0344000
       0.5167000
      -1.4225000
       0.6071000
       0.5354000
      -1.6121000
       1.3775001
      -1.4737999
      -0.8087000
       0.4146000
      -0.6070000
      -0.1280000
      -0.0850000
      -1.1657000
       0.4379000
      -1.2488000
      -1.0125000
       2.3592000
      -2.5704000
       0.5536000
      -1.5540000
       0.4517000
      -0.8223000
      -1.0315000
       0.9219000
      -2.9510000
      -1.7201000
       2.4015000
      -1.0798000
      -2.6788001
       0.0000000
       0.0000000
       0.0000000
       0.0000000
       0.0000000
       0.0000000
       0.0000000
       0.0000000
       0.0000000
       0.0000000
       0.0000000
       0.0000000
       0.0000000
       0.0000000
       0.0000000
       0.0000000
       0.0000000
       0.0000000
       0.0000000
       0.0000000
       0.0746000
       1.0477000
      -0.5914000
      -1.3245000
       1.8181000
      -2.9614000
      -1.0029000
       2.3887999
      -1.5249000
       0.5913000
      -0.1060000
      -0.9177000
       0.7277000
       1.3581001
      -2.2558999
      -0.1690000
       1.3053000
       0.7914000
      -1.3737000
       0.5867000
       2.0044999
      -3.0369999
       0.6045000
       1.4109000
      -2.5269001
       1.3322001
       0.1746000
       1.3160000
      -1.9022000
       0.2700000
      -0.3734000
      -0.5662000
       2.6817000
      -1.0752000
      -1.9090000
       2.5603001
      -0.3600000
      -0.3582000
       1.8918000
      -2.2686000
       1.4280000
      -0.3483000
       1.2350000
      -0.6884000
      -1.5465000
       1.7948000
      -0.0456000
       0.9367000
      -1.4863000
       0.2472000
       1.8717999
      -1.6566000
       0.0872000
       1.3988000
      -0.4973000
      -1.2323999
       0.7232000
      -0.7411000
       1.5173000
       0.0132000
      -2.5335000
       2.4586000
      -1.2807000
       0.2412000
       1.0971000
      -1.6443000
       0.8301000
       1.5678999
      -1.2685000
       0.6338000
      -0.7994000
       0.3418000
       0.1091000
       0.6275000
      -0.0539000
       0.4330000
      -0.6075000
       0.7336000
      -1.3505000
       0.6640000
       2.2890000
      -1.8480000
       0.2413000
      -1.5283000
       2.6740999
      -0.6488000
      -1.5160000
       2.4618001
      -0.5910000
      -1.9426000
       3.3905001
       0.0000000
       0.0000000
       0.0000000
       0.0000000
       0.0000000
       0.0000000
       0.0000000
       0.0000000
       0.0000000
       0.0000000
       0.0000000
       0.0000000
       0.0000000
       0.0000000
       0.0000000
       0.0000000
       0.0000000
       0.0000000
       0.0000000
       0.0000000
       0.0000000
       2.5139999
      -1.6351000
      -0.2494000
       0.2356000
      -1.2480000
      -0.1258000
      -2.4865000
       1.3927000
       2.0875001
      -0.6085000
      -1.2379000
       0.3947000
       0.6619000
      -0.8108000
       0.5720000
      -0.1531000
       0.0463000
      -0.5363000
       1.4993000
      -0.1156000
       0.0174000
       1.6618000
      -1.3028001
      -1.7224000
       1.1288000
      -0.8891000
       1.2298000
      -1.0175000
       1.2566000
      -2.0188000
       1.4262000
       0.4904000
      -1.7485000
       1.8306000
       0.1136000
      -2.2993000
       1.8058000
       0.7953000
      -1.2909000
       0.9902000
      -0.6777000
       0.6620000
      -0.3538000
       1.2174000
      -1.6415000
       0.3391000
       1.8853000
      -2.4784999
       1.6499000
      -0.6071000
      -0.2132000
       0.4774000
      -0.8129000
       1.2264000
       0.5276000
      -1.8760999
      -0.0833000
       2.6696999
      -3.0167000
       1.4931999
       0.9392000
      -2.6987000
       2.8871000
      -0.6055000
      -0.2544000
       0.6875000
      -1.1338000
       0.9180000
       0.6348000
      -0.8048000
       0.2364000
      -0.6584000
       0.9731000
      -1.0903000
       0.7942000
      -0.1290000
       0.3172000
      -1.2318000
       1.5947000
      -0.2027000
       1.6174001
      -0.4180000
      -1.1021000
       1.3523999
      -0.0694000
       0.8139000
       0.4719000
      -2.1542001
       1.2968000
       1.5932000
       0.0000000
       0.0000000
       0.0000000
       0.0000000
       0.0000000
       0.0000000
       0.0000000
       0.0000000
       0.0000000
       0.0000000
       0.0000000
       0.0000000
       0.0000000
       0.0000000
       0.0000000
       0.0000000
       0.0000000
       0.0000000
       0.0000000
       0.0000000
       0.0000000
       0.0000000
       0.0955000
       2.4877000
      -3.1993001
       1.3221000
       0.2107000
      -2.1096001
       1.4721000
       0.4508000
       1.5986000
      -2.2600000
       1.9171000
       1.2862999
      -1.4390000
       1.1892000
       0.0998000
      -0.3353000
       0.6576000
       0.4878000
      -2.0207000
       2.1204000
       0.0339000
      -1.0574000
       0.8312000
       0.4118000
      -2.3642001
       1.0676000
       0.9562000
       1.7497000
      -3.9391999
       1.5852000
       0.0950000
      -0.0670000
      -0.0824000
       0.3760000
      -0.1552000
       1.3982000
      -1.4763000
       0.6790000
       1.5262001
      -1.3846000
      -0.9094000
       1.6950001
       1.2532001
      -3.0690999
       1.6322000
      -0.5282000
      -0.2841000
       0.9967000
      -2.1640000
       2.7012000
      -1.5501000
      -1.4346000
       1.9460000
       0.5435000
      -1.2711000
       0.6195000
      -0.4882000
      -0.0276000
       2.5741999
      -2.6142001
      -0.0852000
       1.4625000
      -1.3981000
       1.2151000
      -0.9525000
       0.0557000
      -0.0225000
      -1.2227000
       1.8823000
      -0.6102000
      -0.3909000
       0.2024000
      -0.4593000
       0.8286000
      -1.2124000
       1.0700999
       0.1438000
       0.2343000
      -1.0595000
       1.4414001
      -0.8179000
       0.6104000
      -1.2036999
       0.6984000
       0.8462000
      -0.7719000
      -1.1136000
       2.1879001
      -1.9960999
       0.0000000
       0.0000000
       0.0000000
       0.0000000
       0.0000000
       0.0000000
       0.0000000
       0.0000000
       0.0000000
       0.0000000
       0.0000000
       0.0000000
       0.0000000
       0.0000000
       0.0000000
       0.0000000
       0.0000000
       0.0000000
       0.0000000
       0.0000000
       0.0000000
       0.0000000
       0.0000000
       1.2122000
      -1.1984000
       1.1021000
      -0.6242000
      -0.8355000
       1.1983000
      -1.3593000
       3.2567000
      -1.6061000
       1.0757999
      -0.0650000
       0.0906000
       0.9945000
      -0.9465000
      -0.0417000
       1.1408000
       0.1665000
      -1.8615000
       1.5147001
      -1.0319000
       1.4019001
       0.2931000
      -0.4790000
      -0.4998000
      -0.4779000
      -1.0714999
       2.7174001
      -1.8796000
       1.1271000
      -1.4777000
       1.5059000
      -0.6218000
      -1.1142000
       0.3883000
       2.2114999
      -2.0895000
       0.5420000
       0.9362000
      -1.4223000
       0.2049000
       0.7517000
      -0.1558000
       0.0737000
       0.9581000
      -2.3248999
       1.2585000
      -0.5273000
       0.3374000
       1.0379000
      -2.8664000
       2.3622000
      -0.5825000
      -1.5028000
       1.7793000
       0.8831000
      -2.7205999
       1.5571001
       1.4637001
      -2.2277000
       1.2106000
      -0.0791000
      -0.1254000
       0.0030000
      -0.0864000
       1.3799000
      -2.4958000
       1.2934000
       0.4791000
      -1.6265000
       1.7384000
      -0.9430000
       0.5857000
      -0.2893000
      -0.4456000
       0.7713000
      -0.1393000
      -0.3533000
       0.3069000
      -0.1446000
      -0.0290000
      -0.2556000
       0.8562000
      -0.1920000
      -1.5662000
       0.0815000
       1.9290000
       0.1770000
      -2.6287000
       0.0000000
       0.0000000
       0.0000000
       0.0000000
       0.0000000
       0.0000000
       0.0000000
       0.0000000
       0.0000000
       0.0000000
       0.0000000
       0.0000000
       0.0000000
       0.0000000
       0.0000000
       0.0000000
       0.0000000
       0.0000000
       0.0000000
       0.0000000
       0.0000000
       0.0000000
       0.0000000
       0.0000000
       0.0710000
       0.6370000
       0.0583000
       1.5055000
      -0.3063000
       0.1406000
       1.7599000
      -1.5763000
       1.6137000
      -1.3794000
       0.9697000
      -0.5204000
      -0.0146000
       0.4633000
      -0.3282000
       1.4449000
      -1.3415000
       0.8727000
      -0.6110000
       0.5815000
      -1.0046000
       0.4990000
       0.1594000
      -0.2380000
      -1.1128000
       0.5334000
      -0.1644000
       2.2609000
      -3.3166001
       3.0636001
      -1.1902000
      -0.8824000
       0.2126000
      -0.6457000
      -1.1783000
       4.1739001
      -2.2544000
      -1.0312001
       1.8968000
      -0.8041000
      -0.2574000
       0.4230000
       0.4984000
      -0.9416000
       0.1814000
      -1.4176000
       2.3871000
      -1.8000000
       0.0231000
       2.8059001
      -3.2684000
       0.0740000
       2.3710001
      -0.6344000
      -1.0049000
       1.5006000
      -1.4644001
       0.6388000
       1.1302000
      -1.2443000
       0.5600000
      -0.2213000
       0.2003000
      -0.2353000
      -0.2558000
       1.1733000
      -2.2555001
       0.8076000
       0.7509000
      -1.0538000
       0.9865000
      -0.8088000
       0.4854000
      -0.6705000
       0.3697000
       0.9078000
      -0.7067000
       0.0137000
       0.4274000
      -0.0036000
       1.2000999
      -1.8537000
       0.3442000
       0.6516000
       0.1052000
      -1.8960000
       1.0215000
       0.0000000
       0.0000000
       0.0000000
       0.0000000
       0.0000000
       0.0000000
       0.0000000
       0.0000000
       0.0000000
       0.0000000
       0.0000000
       0.0000000
       0.0000000
       0.0000000
       0.0000000
       0.0000000
       0.0000000
       0.0000000
       0.0000000
       0.0000000
       0.0000000
       0.0000000
       0.0000000
       0.0000000
       0.0000000
      -1.8421000
       0.9637000
       0.7162000
      -0.9385000
      -0.7750000
       1.8202000
      -0.0987000
      -0.6627000
      -1.9453000
       0.3786000
       0.3124000
       0.1295000
      -1.0980000
      -0.1499000
       1.1367000
      -1.1394000
       0.4803000
      -0.9864000
       1.7724000
      -2.5297999
       0.9703000
       1.3365000
      -1.1483001
      -0.3143000
       0.4515000
      -1.3546000
      -0.2659000
      -0.8235000
       4.4103999
      -4.1462002
       1.2975000
       1.5168999
      -2.0527999
      -1.4700000
       2.2818999
      -0.6328000
       2.0552001
      -1.4706000
      -1.1429000
       1.3245000
       0.1856000
       0.9030000
      -0.7970000
       0.4329000
       1.0845000
      -0.1034000
      -2.4398999
       3.1170001
      -0.0310000
      -1.4392000
       1.3678000
      -0.4356000
      -1.3727000
       1.7309999
       0.8642000
      -2.2873001
       0.7812000
       0.2300000
       0.4515000
      -1.0726000
       0.1955000
       0.4376000
      -0.7951000
       0.9107000
       0.1462000
      -0.4545000
       0.5547000
      -0.2427000
       1.0005000
      -0.9690000
       0.0421000
       1.4710000
      -1.8329000
       0.2695000
      -0.1716000
       0.0654000
       1.2860000
      -1.2179000
      -0.2359000
       0.0464000
       0.4226000
       0.3546000
      -1.0803000
       0.3881000
      -0.4575000
       0.8796000
       0.0000000
       0.0000000
       0.0000000
       0.0000000
       0.0000000
       0.0000000
       0.0000000
       0.0000000
       0.0000000
       0.0000000
       0.0000000
       0.0000000
       0.0000000
       0.0000000
       0.0000000
       0.0000000
       0.0000000
       0.0000000
       0.0000000
       0.0000000
       0.0000000
       0.0000000
       0.0000000
       0.0000000
       0.0000000
       0.0000000
      -1.1145999
      -1.1417000
       3.5241001
      -0.7712000
      -0.6135000
       1.5652000
       0.9796000
      -1.4450001
      -0.9132000
       1.9100000
      -0.4010000
      -1.7993000
       0.2217000
       1.1224000
      -2.0811000
       0.2261000
       0.2175000
       0.9075000
      -1.9112999
       1.5569000
      -0.8094000
      -0.8769000
       0.8106000
       0.3101000
      -0.2549000
      -0.9979000
      -0.4271000
       2.4827001
      -2.5341001
       3.5257001
      -2.5859001
       0.8093000
       0.2589000
      -0.9296000
      -0.8565000
       1.7805001
       0.4896000
       0.5101000
      -1.8054000
       1.0289000
       0.7825000
      -1.9170001
       2.4472001
       0.1989000
      -2.2625000
       0.7276000
       1.1619000
      -1.5860000
       0.8042000
       0.1897000
      -0.7787000
      -0.0894000
       1.0965000
      -0.8414000
       0.1728000
       0.5881000
      -1.0030000
       0.0384000
       0.4226000
       1.4576000
      -2.1203001
       0.5361000
       0.3099000
      -0.6241000
       0.6800000
      -0.8674000
       0.9350000
      -0.1837000
      -0.6847000
       1.2912000
      -0.4968000
      -0.1256000
       1.6167001
      -1.8684000
       0.3623000
       0.7326000
      -0.9921000
       0.2937000
      -0.0851000
       0.6487000
      -1.7189000
       0.6346000
       1.1066000
      -0.4242000
      -0.0708000
       0.0000000
       0.0000000
       0.0000000
       0.0000000
       0.0000000
       0.0000000
       0.0000000
       0.0000000
       0.0000000
       0.0000000
       0.0000000
       0.0000000
       0.0000000
       0.0000000
       0.0000000
       0.0000000
       0.0000000
       0.0000000
       0.0000000
       0.0000000
       0.0000000
       0.0000000
       0.0000000
       0.0000000
       0.0000000
       0.0000000
       0.0000000
      -1.9484000
       1.2415000
      -0.1979000
      -0.3543000
       0.8103000
       0.1001000
       2.3297000
      -1.8519000
      -0.0204000
       0.3862000
       2.1155000
      -1.3368000
      -0.8748000
       0.1335000
       1.6742001
      -2.2384000
      -0.0694000
       0.2369000
       0.8863000
      -1.7330000
       1.0415000
       0.5646000
      -0.2469000
      -0.6059000
       0.5191000
       0.8353000
      -1.6246001
      -0.5328000
       3.5093000
      -3.9151001
       1.8535000
      -0.2450000
       1.3961999
      -2.2072999
      -0.5476000
       2.0100000
       0.5075000
      -0.9098000
       0.6043000
      -0.9291000
       0.2573000
       1.0387000
      -1.4565001
       1.0883000
       1.3079000
      -2.5325000
       0.0633000
       1.4080000
       0.3739000
      -1.2824000
      -0.1800000
       1.1999000
      -0.8675000
       0.5215000
      -0.4481000
       0.1322000
       0.0245000
      -0.0576000
       0.2934000
      -0.7966000
       1.6269000
      -2.2000999
       1.0433000
      -0.7511000
      -0.2283000
       1.6888000
      -0.8746000
       0.1099000
       0.0165000
       0.4385000
       0.9171000
      -0.1739000
      -0.3924000
       1.9793000
      -1.8188000
      -0.2072000
       0.6139000
       0.7276000
      -1.2122000
      -0.8733000
       2.0132999
      -1.8079000
      -0.2053000
       0.1927000
       0.0000000
       0.0000000
       0.0000000
       0.0000000
       0.0000000
       0.0000000
       0.0000000
       0.0000000
       0.0000000
       0.0000000
       0.0000000
       0.0000000
       0.0000000
       0.0000000
       0.0000000
       0.0000000
       0.0000000
       0.0000000
       0.0000000
       0.0000000
       0.0000000
       0.0000000
       0.0000000
       0.0000000
       0.0000000
       0.0000000
       0.0000000
       0.0000000
      -0.6525000
      -1.6397001
       1.8980000
      -1.5661000
       1.0009000
       1.3071001
      -0.4642000
       0.8234000
      -1.7352999
       1.4703000
       0.3447000
       1.2438000
      -1.4330000
       1.2914000
      -1.2068000
       0.7351000
       0.7174000
      -0.9900000
      -1.1181000
       1.6980000
      -0.7458000
      -0.2198000
      -0.9534000
       0.7118000
       0.3872000
      -1.1669000
       1.2790000
      -0.0129000
      -1.6242000
       2.6478000
      -1.8928000
       1.0377001
      -0.6351000
       0.9335000
      -2.2433000
       0.9432000
       2.2405000
      -2.0079999
       0.2466000
       0.6860000
      -0.0550000
      -0.4708000
       0.5816000
       0.8013000
      -0.6184000
       0.0467000
      -0.3463000
       0.5315000
      -0.7551000
       0.0790000
      -0.0251000
       0.3953000
      -0.0115000
      -1.0836000
       1.7762001
      -0.4317000
      -0.5640000
      -0.1444000
       1.7885000
       0.1095000
      -1.5965000
       2.1733999
      -1.7000000
       0.7449000
      -0.8090000
       0.5852000
       0.5473000
      -1.0017000
      -0.5793000
       0.8760000
      -0.1554000
      -0.0352000
      -0.0319000
      -0.8672000
       1.9615000
      -0.7608000
      -1.5849000
      -0.0956000
       3.6712999
      -2.1921000
      -2.8471999
       3.0548999
       0.7211000
       0.0000000
       0.0000000
       0.0000000
       0.0000000
       0.0000000
       0.0000000
       0.0000000
       0.0000000
       0.0000000
       0.0000000
       0.0000000
       0.0000000
       0.0000000
       0.0000000
       0.0000000
       0.0000000
       0.0000000
       0.0000000
       0.0000000
       0.0000000
       0.0000000
       0.0000000
       0.0000000
       0.0000000
       0.0000000
       0.0000000
       0.0000000
       0.0000000
       0.0000000
      -0.0023000
       0.9093000
      -2.4683001
       1.4274000
       0.1555000
       0.5749000
      -0.1330000
       0.4431000
       1.0500000
      -3.3647001
       1.5951999
      -0.2429000
       1.2757000
      -1.7428000
       1.3494999
      -0.2999000
      -0.8744000
       0.6210000
       1.0299000
      -1.8406000
       0.8740000
      -0.0266000
       1.5326999
      -2.2040999
       0.0711000
       2.3745999
      -0.8305000
      -0.3763000
      -0.0739000
      -0.7234000
       1.0409000
      -0.2080000
       0.5281000
      -1.7803000
       2.2391000
      -1.4480000
      -0.3291000
       1.8440000
      -2.4888999
       1.9328001
      -0.0634000
      -1.1798000
       0.6122000
       0.6575000
       0.4578000
      -1.6109999
       0.4166000
       0.4357000
       0.3070000
      -1.1166000
       0.6504000
      -0.2431000
      -0.2407000
       1.0536000
      -1.0939000
       0.2171000
      -0.5097000
       1.6212000
      -1.6220000
       0.2790000
       1.2418000
      -0.8322000
       0.0868000
      -1.0652000
       1.6077000
      -0.2756000
       0.7174000
      -0.8591000
       0.5255000
      -0.3623000
       1.5772001
      -1.7417001
      -0.0388000
       2.3773999
      -1.0976000
      -0.9729000
       0.7626000
       0.7452000
      -3.0352001
       2.2477000
       0.3144000
      -2.2119999
       0.0000000
       0.0000000
       0.0000000
       0.0000000
       0.0000000
       0.0000000
       0.0000000
       0.0000000
       0.0000000
       0.0000000
       0.0000000
       0.0000000
       0.0000000
       0.0000000
       0.0000000
       0.0000000
       0.0000000
       0.0000000
       0.0000000
       0.0000000
       0.0000000
       0.0000000
       0.0000000
       0.0000000
       0.0000000
       0.0000000
       0.0000000
       0.0000000
       0.0000000
       0.0000000
       1.1454000
      -1.2549000
      -0.4821000
      -0.6002000
       0.4699000
       0.7195000
      -1.5010000
       1.1674000
      -1.5944000
       0.2114000
      -2.9026999
       1.1174001
       0.7437000
      -0.3514000
      -0.2267000
       1.7036000
      -1.3569000
       0.5913000
       0.3105000
       0.3085000
      -0.1060000
       0.0989000
      -1.6434000
       1.8361000
      -0.7544000
       0.0520000
       0.8437000
      -0.8180000
      -0.1800000
      -0.1413000
       1.7582000
      -0.1976000
      -1.3945000
       0.7198000
      -0.6724000
       1.7191000
      -1.4499000
      -0.4020000
       2.7249000
      -3.3239999
       2.1521001
      -0.0460000
      -0.8729000
       0.3722000
      -0.7973000
       2.2616000
      -0.9020000
      -1.3926001
       0.9140000
       0.4997000
      -1.2230000
       0.4712000
       0.5993000
      -0.4458000
       0.2663000
       0.2060000
       0.4399000
      -1.3552999
       1.9868000
      -1.4394000
      -0.3859000
       0.9179000
       0.2170000
      -1.7183000
      -0.6570000
       1.6630000
       0.1224000
      -0.1294000
      -0.6413000
       2.4410999
      -1.5453000
       1.8376000
      -0.5140000
       0.4635000
       1.5717000
      -0.3935000
      -2.0492001
       0.6657000
       2.7880001
      -2.2751999
      -1.4425000
       0.0000000
       0.0000000
       0.0000000
       0.0000000
       0.0000000
       0.0000000
       0.0000000
       0.0000000
       0.0000000
       0.0000000
       0.0000000
       0.0000000
       0.0000000
       0.0000000
       0.0000000
       0.0000000
       0.0000000
       0.0000000
       0.0000000
       0.0000000
       0.0000000
       0.0000000
       0.0000000
       0.0000000
       0.0000000
       0.0000000
       0.0000000
       0.0000000
       0.0000000
       0.0000000
       0.0000000
       0.9197000
       0.8360000
      -1.4926000
       0.7577000
       0.7368000
       0.3141000
       1.0814000
      -0.4617000
       0.5664000
      -2.2455001
      -0.0430000
       0.0569000
       0.5616000
      -0.9164000
      -0.2666000
      -1.3987000
       0.9701000
      -1.0129000
       0.5571000
       0.3285000
       0.4412000
      -0.3960000
       1.1275001
      -1.1213000
       0.7451000
      -0.4289000
       1.5729001
      -0.3605000
      -2.0016000
       1.4693000
       0.3404000
       0.6298000
      -1.9638000
       0.7331000
       1.3734000
      -1.7343000
       0.5980000
       0.1288000
      -0.8520000
       1.8836000
      -2.7732999
       2.5427999
      -0.7571000
      -1.5526000
       1.4910001
      -0.5424000
       1.0913000
      -0.9263000
      -0.5552000
       1.7630000
      -0.2412000
      -1.7522000
       0.1931000
       0.9931000
      -0.2016000
      -0.8450000
       0.3458000
       0.8283000
      -2.1219001
       1.2548000
       0.2490000
       0.5719000
      -0.8924000
      -0.4841000
      -0.0017000
       1.3356000
      -1.1916000
       0.0185000
       1.7266999
      -0.9892000
       0.3839000
      -1.8420000
       2.8183000
      -1.2125000
      -1.2207000
       0.3337000
       1.0084000
      -1.0360000
      -1.3181000
       1.4161000
       0.0000000
       0.0000000
       0.0000000
       0.0000000
       0.0000000
       0.0000000
       0.0000000
       0.0000000
       0.0000000
       0.0000000
       0.0000000
       0.0000000
       0.0000000
       0.0000000
       0.0000000
       0.0000000
       0.0000000
       0.0000000
       0.0000000
       0.0000000
       0.0000000
       0.0000000
       0.0000000
       0.0000000
       0.0000000
       0.0000000
       0.0000000
       0.0000000
       0.0000000
       0.0000000
       0.0000000
       0.0000000
       1.3867000
      -1.7319000
       0.7096000
      -0.3255000
       0.3738000
      -1.0685000
       0.9777000
       0.1108000
      -0.9144000
      -0.0100000
      -0.5486000
       0.8939000
       0.6799000
      -0.3678000
       0.0935000
      -0.0183000
      -1.6022000
       0.1449000
      -0.4212000
       1.6969000
      -0.6104000
       0.5254000
       0.2339000
      -1.4568000
       0.6145000
       1.8523000
      -2.5934999
       0.5678000
       0.7418000
      -0.2172000
       1.1680000
      -0.9403000
       1.5383000
      -2.1496000
       0.4653000
       1.4891000
      -1.4457000
      -0.0026000
       1.7719001
      -1.5950000
       0.9640000
      -1.2453001
       2.8645999
      -1.5746000
      -1.4607000
       2.1254001
      -0.4455000
      -0.0791000
      -1.2273999
       0.7837000
       0.7795000
      -2.1530001
       0.2347000
       0.4259000
      -0.7487000
       0.8934000
      -0.4708000
       0.0716000
       0.4813000
      -1.4439000
       1.4006000
       0.2212000
      -0.4625000
      -0.0602000
       0.6630000
      -1.1285000
       0.5600000
       0.0924000
       0.8157000
      -0.1244000
      -0.5419000
       1.2517000
      -1.4797000
       1.4482000
      -0.8987000
      -0.0049000
      -0.3420000
      -0.4216000
       0.6900000
       0.0000000
       0.0000000
       0.0000000
       0.0000000
       0.0000000
       0.0000000
       0.0000000
       0.0000000
       0.0000000
       0.0000000
       0.0000000
       0.0000000
       0.0000000
       0.0000000
       0.0000000
       0.0000000
       0.0000000
       0.0000000
       0.0000000
       0.0000000
       0.0000000
       0.0000000
       0.0000000
       0.0000000
       0.0000000
       0.0000000
       0.0000000
       0.0000000
       0.0000000
       0.0000000
       0.0000000
       0.0000000
       0.0000000
      -0.2429000
       0.2957000
       0.1291000
       0.1577000
       0.4538000
       0.3411000
      -0.5595000
      -0.9174000
       1.1960000
      -1.5470999
       0.8744000
       1.0855000
      -1.4220001
       2.7851000
      -0.9135000
      -0.6364000
       0.2238000
      -1.6552000
       1.3556000
      -0.4448000
       1.0296000
      -1.5324000
       0.7789000
       1.8977000
      -2.3650999
       0.1634000
       2.7825999
      -3.7263999
       0.6205000
       2.7179000
      -1.8592000
       0.6001000
      -0.3903000
       1.1417000
      -1.4700000
       0.4424000
       0.6057000
       0.5075000
      -0.1181000
      -0.0330000
      -0.6808000
       1.7495000
      -1.6510000
       1.1118000
      -0.7697000
      -0.1722000
      -0.3670000
      -1.7395999
       1.7754000
      -0.7407000
      -1.2447000
       1.1998000
      -1.4360000
       0.4108000
       1.4960999
      -1.4876000
       0.8082000
       0.7415000
      -0.4400000
       0.0138000
       0.3539000
       0.0842000
      -0.0895000
      -0.3001000
      -0.4931000
       0.6762000
      -0.1142000
      -0.4995000
      -0.0078000
       1.1001000
      -1.6834000
       0.1419000
       0.9692000
      -0.9345000
       1.2968000
      -1.4054000
      -0.5877000
       1.3077000
       0.0000000
       0.0000000
       0.0000000
       0.0000000
       0.0000000
       0.0000000
       0.0000000
       0.0000000
       0.0000000
       0.0000000
       0.0000000
       0.0000000
       0.0000000
       0.0000000
       0.0000000
       0.0000000
       0.0000000
       0.0000000
       0.0000000
       0.0000000
       0.0000000
       0.0000000
       0.0000000
       0.0000000
       0.0000000
       0.0000000
       0.0000000
       0.0000000
       0.0000000
       0.0000000
       0.0000000
       0.0000000
       0.0000000
       0.0000000
       0.9695000
      -2.3146999
       1.2286000
      -0.6958000
       0.8134000
      -1.8456000
       0.8093000
      -0.8930000
      -1.1911000
       1.2952000
       0.1190000
      -0.6667000
       0.6278000
      -0.4387000
       1.4414999
      -0.2367000
       0.0918000
      -0.4085000
      -1.2516000
       1.1397001
       0.1549000
       0.8737000
      -0.9578000
      -0.0515000
       2.1946001
      -1.6674000
      -0.5034000
       2.0991001
      -1.7447000
       0.5047000
       1.4011000
      -1.6899000
       0.9131000
      -0.6657000
      -0.5473000
      -0.5815000
       2.0265999
      -0.9820000
      -0.4239000
       0.8018000
      -0.7486000
      -0.4390000
       1.5627000
      -1.1351000
       0.9051000
      -1.4648000
       0.0989000
       1.0283000
      -2.4449999
       2.2404001
      -0.1875000
      -1.4135000
       2.2028999
      -1.4826000
      -0.6306000
       3.7323999
      -1.6148000
      -0.4668000
       1.0910000
       0.3590000
      -0.5657000
       0.1287000
      -0.6715000
      -0.0927000
       0.8252000
      -0.8700000
      -1.2003000
       1.6841000
      -0.0567000
      -1.4591000
       1.5138000
      -1.1991000
       0.5907000
       0.8796000
      -1.9138000
       0.8613000
       1.3421000
       0.0000000
       0.0000000
       0.0000000
       0.0000000
       0.0000000
       0.0000000
       0.0000000
       0.0000000
       0.0000000
       0.0000000
       0.0000000
       0.0000000
       0.0000000
       0.0000000
       0.0000000
       0.0000000
       0.0000000
       0.0000000
       0.0000000
       0.0000000
       0.0000000
       0.0000000
       0.0000000
       0.0000000
       0.0000000
       0.0000000
       0.0000000
       0.0000000
       0.0000000
       0.0000000
       0.0000000
       0.0000000
       0.0000000
       0.0000000
       0.0000000
      -0.8305000
      -1.4360000
      -0.0694000
       0.5370000
      -0.1661000
       0.1757000
      -1.1908000
      -0.9154000
       0.8808000
      -1.1819000
       1.2013000
      -0.1574000
      -1.4615999
       1.4388000
       0.3816000
      -0.1432000
       0.4087000
       0.7848000
      -0.6527000
      -0.9415000
       0.5446000
      -0.4774000
       0.5349000
       0.2979000
       0.0069000
       0.3673000
      -0.3186000
      -1.1106000
       0.6118000
      -0.0154000
      -0.0992000
       0.5688000
      -0.4868000
       0.1460000
      -1.4121000
       0.9659000
      -0.0231000
       1.0056000
      -1.6651000
       0.1412000
       2.6814001
      -1.8000000
      -0.9491000
       1.4421999
      -0.2114000
      -0.0517000
      -1.5793999
      -0.2330000
       2.3092999
      -2.2486999
       1.3256000
       0.0682000
      -1.7739000
       2.0334001
      -0.1020000
      -0.7112000
       2.5838001
      -1.5144000
      -0.5771000
       1.5886000
       0.4707000
      -1.0079000
       0.2908000
      -0.1326000
      -0.3020000
       0.1083000
       0.8861000
      -2.1036999
       2.0232999
       0.4084000
      -2.0397999
       1.9276000
      -1.3196000
      -0.3872000
       1.8605000
      -0.2290000
       0.0000000
       0.0000000
       0.0000000
       0.0000000
       0.0000000
       0.0000000
       0.0000000
       0.0000000
       0.0000000
       0.0000000
       0.0000000
       0.0000000
       0.0000000
       0.0000000
       0.0000000
       0.0000000
       0.0000000
       0.0000000
       0.0000000
       0.0000000
       0.0000000
       0.0000000
       0.0000000
       0.0000000
       0.0000000
       0.0000000
       0.0000000
       0.0000000
       0.0000000
       0.0000000
       0.0000000
       0.0000000
       0.0000000
       0.0000000
       0.0000000
       0.0000000
      -1.0246000
       1.3115000
      -2.7151000
       1.5405999
       0.1576000
       0.0606000
      -1.0227000
       0.9543000
      -1.1734999
       2.6705999
      -1.3832000
       0.4252000
       0.3933000
      -0.8181000
       1.1465000
       0.9063000
      -1.1623000
       0.2154000
      -0.0046000
      -1.3196000
       0.3731000
       0.3211000
      -0.0729000
      -0.8017000
       2.0253000
      -0.3423000
      -2.6006000
       1.4092000
       1.1018000
      -2.3717999
       0.1870000
       2.0193999
      -1.0017999
      -1.4423000
       0.6757000
       0.4892000
       0.9546000
      -1.9737000
       0.8449000
       1.1698000
      -1.1150000
       0.3183000
      -0.1061000
       0.9218000
       0.1102000
      -1.5216000
       0.5150000
      -0.0071000
      -2.0213001
       2.7742000
      -0.9062000
       0.4068000
      -0.1401000
      -1.9112000
       0.8760000
       1.2070000
      -0.7488000
      -0.1507000
      -0.1509000
       0.3725000
      -1.2021000
       0.2858000
       0.2043000
      -0.5490000
       0.8187000
      -0.0373000
      -1.6170000
       1.8447000
      -1.4667000
       0.6910000
       0.0914000
      -2.8059001
       2.8360000
       0.5063000
      -2.7579999
       0.0000000
       0.0000000
       0.0000000
       0.0000000
       0.0000000
       0.0000000
       0.0000000
       0.0000000
       0.0000000
       0.0000000
       0.0000000
       0.0000000
       0.0000000
       0.0000000
       0.0000000
       0.0000000
       0.0000000
       0.0000000
       0.0000000
       0.0000000
       0.0000000
       0.0000000
       0.0000000
       0.0000000
       0.0000000
       0.0000000
       0.0000000
       0.0000000
       0.0000000
       0.0000000
       0.0000000
       0.0000000
       0.0000000
       0.0000000
       0.0000000
       0.0000000
       0.0000000
      -1.3647000
      -0.5207000
      -0.8264000
      -0.7581000
       0.0801000
       0.4559000
       0.3006000
      -1.9172000
       2.4732001
      -0.8884000
      -0.2232000
      -0.5750000
       1.0286000
      -0.6600000
       0.3533000
       0.0214000
       1.0168999
      -1.2986000
      -1.1101000
       1.0943000
      -0.6129000
      -0.2644000
      -1.2830000
       2.0013001
       0.2067000
      -0.7186000
       0.6338000
      -0.6150000
      -0.5197000
      -0.1899000
      -0.0496000
       0.8039000
       0.3369000
      -1.3012000
      -0.4297000
       1.7873000
      -1.1384000
       0.0234000
       0.5748000
      -0.3575000
       0.5846000
      -0.4341000
       0.1699000
      -0.3144000
       0.8857000
      -0.0255000
      -1.2795000
       0.1639000
       0.2319000
      -1.5682000
       3.2693000
      -1.0661000
      -0.7031000
       1.2228000
       0.0206000
      -1.2444000
       1.0349000
       1.5389000
      -1.8551000
      -1.0914000
       2.2068999
      -0.7287000
      -1.2289000
       0.7222000
      -1.1717000
       1.3709000
       0.6772000
      -3.1498001
       2.8582001
      -0.0861000
      -1.1454000
       1.2462000
      -1.1722000
       0.8194000
       0.0000000
       0.0000000
       0.0000000
       0.0000000
       0.0000000
       0.0000000
       0.0000000
       0.0000000
       0.0000000
       0.0000000
       0.0000000
       0.0000000
       0.0000000
       0.0000000
       0.0000000
       0.0000000
       0.0000000
       0.0000000
       0.0000000
       0.0000000
       0.0000000
       0.0000000
       0.0000000
       0.0000000
       0.0000000
       0.0000000
       0.0000000
       0.0000000
       0.0000000
       0.0000000
       0.0000000
       0.0000000
       0.0000000
       0.0000000
       0.0000000
       0.0000000
       0.0000000
       0.0000000
      -0.3338000
       1.8853000
      -1.9838001
       1.3023000
      -0.0790000
       1.4966000
      -0.5803000
      -0.3259000
       0.2538000
       0.5097000
      -0.8584000
      -1.1180000
       1.1855000
       1.4216000
      -2.6071999
       1.3383000
       0.7369000
      -0.0796000
      -0.6782000
      -0.8277000
       0.8232000
      -1.3936000
       0.8747000
      -0.7239000
       1.2954000
       0.3819000
      -1.3810000
       0.3339000
       1.5773000
      -2.1808000
      -0.3537000
       2.5445001
      -0.6036000
      -1.2397000
       0.3248000
       0.6767000
       0.4059000
      -1.9898000
       1.3556000
       2.4593999
      -3.5964000
       0.7740000
       1.5618000
      -0.8067000
      -0.0922000
       1.3914000
       0.5754000
      -1.7180001
      -1.1392000
       1.2378000
      -1.2418000
       1.9044000
      -0.9557000
      -1.0446000
       0.1235000
       1.4049000
      -0.5398000
      -0.9584000
       1.8256000
      -0.1709000
      -0.9189000
       1.5602000
      -0.0775000
      -0.9804000
       2.2772000
      -1.1148000
      -0.3918000
       1.5242000
      -1.7967000
       2.0717001
       0.2106000
      -2.6549001
       1.3631001
       0.0000000
       0.0000000
       0.0000000
       0.0000000
       0.0000000
       0.0000000
       0.0000000
       0.0000000
       0.0000000
       0.0000000
       0.0000000
       0.0000000
       0.0000000
       0.0000000
       0.0000000
       0.0000000
       0.0000000
       0.0000000
       0.0000000
       0.0000000
       0.0000000
       0.0000000
       0.0000000
       0.0000000
       0.0000000
       0.0000000
       0.0000000
       0.0000000
       0.0000000
       0.0000000
       0.0000000
       0.0000000
       0.0000000
       0.0000000
       0.0000000
       0.0000000
       0.0000000
       0.0000000
       0.0000000
      -0.6564000
      -0.1193000
       1.5477000
      -2.2390001
       1.5689000
       0.1200000
      -0.5410000
      -1.1665000
       1.4042000
      -0.6266000
      -1.4119999
      -0.5865000
      -1.0152000
      -0.1386000
       0.4525000
      -0.6338000
      -0.3509000
      -0.2249000
       0.3959000
       0.3662000
       0.2737000
       0.4409000
      -2.1980000
       3.0673001
      -1.4152000
      -0.9527000
       1.9274000
      -1.1842999
      -1.6306000
       1.2108001
       0.1714000
      -1.0532000
       1.4946001
       0.5762000
      -1.5713000
      -0.0301000
       0.3649000
       1.4519000
      -0.2879000
      -1.5020000
       2.2054000
      -1.5338000
      -0.9939000
      -0.2502000
      -0.0804000
       1.3070000
      -0.6609000
      -1.1931000
       0.2282000
       0.1208000
       0.5458000
      -1.1034000
       1.0454000
       0.5213000
       1.5002000
      -0.8019000
       1.3485000
       0.2381000
      -0.7885000
       1.3941000
      -0.3620000
      -1.6180000
       0.9184000
       0.1868000
      -2.4180000
       1.4082000
      -0.9321000
      -0.8889000
       0.2876000
      -0.8867000
      -0.3066000
       0.8851000
       0.0000000
       0.0000000
       0.0000000
       0.0000000
       0.0000000
       0.0000000
       0.0000000
       0.0000000
       0.0000000
       0.0000000
       0.0000000
       0.0000000
       0.0000000
       0.0000000
       0.0000000
       0.0000000
       0.0000000
       0.0000000
       0.0000000
       0.0000000
       0.0000000
       0.0000000
       0.0000000
       0.0000000
       0.0000000
       0.0000000
       0.0000000
       0.0000000
       0.0000000
       0.0000000
       0.0000000
       0.0000000
       0.0000000
       0.0000000
       0.0000000
       0.0000000
       0.0000000
       0.0000000
       0.0000000
       0.0000000
       0.7806000
       0.6491000
       1.7970001
      -1.4516000
       0.9236000
      -0.0279000
      -0.3750000
      -0.5479000
       0.7563000
      -0.2220000
       0.5330000
      -2.2507999
      -0.4042000
       2.2983999
      -1.6756001
      -1.5196000
       0.1000000
       0.3159000
       0.1342000
       0.0428000
      -0.0466000
      -0.9881000
       2.0341001
      -2.4373000
       2.1845000
       0.4741000
      -0.8827000
      -0.8931000
       1.2535000
      -0.7778000
      -0.2340000
       1.0017999
      -0.2631000
       0.6931000
      -0.4884000
      -1.4389000
       1.4353000
       0.0149000
      -0.4797000
       1.9716001
      -2.2967000
       0.6511000
       0.4886000
      -0.4473000
      -0.4711000
      -0.2183000
       1.3059000
      -0.4610000
      -0.5243000
       0.1459000
       0.8486000
      -0.6767000
      -0.4515000
       1.3386000
      -1.7194999
       1.9207000
      -0.1982000
      -1.1619000
       0.7332000
       0.2510000
      -0.5266000
       0.0711000
      -0.9768000
       0.5077000
       1.3676000
      -2.6696999
       0.9075000
      -0.2661000
       0.2240000
      -0.3702000
       0.2624000
       0.0000000
       0.0000000
       0.0000000
       0.0000000
       0.0000000
       0.0000000
       0.0000000
       0.0000000
       0.0000000
       0.0000000
       0.0000000
       0.0000000
       0.0000000
       0.0000000
       0.0000000
       0.0000000
       0.0000000
       0.0000000
       0.0000000
       0.0000000
       0.0000000
       0.0000000
       0.0000000
       0.0000000
       0.0000000
       0.0000000
       0.0000000
       0.0000000
       0.0000000
       0.0000000
       0.0000000
       0.0000000
       0.0000000
       0.0000000
       0.0000000
       0.0000000
       0.0000000
       0.0000000
       0.0000000
       0.0000000
       0.0000000
       0.1952000
       1.9043000
       1.0647000
      -1.3237000
       0.0900000
       0.2424000
      -0.2333000
      -0.1485000
      -0.5907000
       1.9655000
      -1.1988000
       0.9072000
       0.3754000
      -2.5267000
       2.3731000
      -0.5743000
      -2.4565001
       1.1517000
       1.0915999
      -1.6362000
      -1.1630000
       3.2593000
      -1.0195000
       1.1128000
      -1.5108000
       1.2129000
       0.1643000
       0.4976000
      -1.9669000
       0.5432000
       1.5171000
      -1.7138000
       1.2093000
       0.7251000
      -1.4732000
      -0.9197000
      -0.2527000
       2.0237000
       0.0737000
      -2.2151000
       1.3629000
       0.0787000
      -0.7065000
      -0.3388000
       0.8363000
      -0.5696000
       0.0183000
       0.1858000
      -0.8927000
       1.8101000
      -1.0321000
       0.1217000
       0.0016000
      -0.2416000
       1.2488000
      -0.7795000
       0.8275000
       0.2004000
      -2.1603999
       0.9203000
       1.2542000
      -2.6222000
       1.1021000
       0.9717000
      -1.8487000
       0.9401000
      -0.5049000
       1.3484000
      -1.0109000
       1.2126000
       0.0000000
       0.0000000
       0.0000000
       0.0000000
       0.0000000
       0.0000000
       0.0000000
       0.0000000
       0.0000000
       0.0000000
       0.0000000
       0.0000000
       0.0000000
       0.0000000
       0.0000000
       0.0000000
       0.0000000
       0.0000000
       0.0000000
       0.0000000
       0.0000000
       0.0000000
       0.0000000
       0.0000000
       0.0000000
       0.0000000
       0.0000000
       0.0000000
       0.0000000
       0.0000000
       0.0000000
       0.0000000
       0.0000000
       0.0000000
       0.0000000
       0.0000000
       0.0000000
       0.0000000
       0.0000000
       0.0000000
       0.0000000
       0.0000000
       0.0262000
       0.8183000
      -0.1249000
      -0.2326000
       0.0438000
      -0.0888000
       0.4944000
      -0.1170000
       0.7895000
      -2.5334001
       2.8559000
      -0.1668000
      -1.3440000
       2.2938001
      -0.8701000
      -0.9857000
       0.5109000
       0.2807000
      -0.1105000
      -0.5797000
      -0.5210000
      -1.4700000
       1.8882999
      -1.4148000
       0.0658000
      -0.2836000
       2.5659001
      -2.7005999
       1.5159000
      -0.3180000
      -0.3456000
       2.1609001
      -2.0012000
       0.8559000
       1.0254000
      -2.1861000
      -0.1398000
       1.8408999
      -0.3314000
      -0.2492000
      -0.0172000
      -0.5066000
      -0.2605000
       0.8232000
      -0.5755000
      -0.3642000
      -0.4464000
       0.2134000
       0.7687000
      -1.8589000
       2.0636001
      -0.8160000
      -0.1452000
       0.0621000
       0.4970000
       1.5112000
      -0.4958000
      -0.5142000
       1.7568001
      -0.9072000
      -0.0781000
       1.9960001
      -2.7399001
       0.6321000
       2.0107000
      -2.1410999
      -0.7272000
      -0.9014000
       3.2182000
       0.0000000
       0.0000000
       0.0000000
       0.0000000
       0.0000000
       0.0000000
       0.0000000
       0.0000000
       0.0000000
       0.0000000
       0.0000000
       0.0000000
       0.0000000
       0.0000000
       0.0000000
       0.0000000
       0.0000000
       0.0000000
       0.0000000
       0.0000000
       0.0000000
       0.0000000
       0.0000000
       0.0000000
       0.0000000
       0.0000000
       0.0000000
       0.0000000
       0.0000000
       0.0000000
       0.0000000
       0.0000000
       0.0000000
       0.0000000
       0.0000000
       0.0000000
       0.0000000
       0.0000000
       0.0000000
       0.0000000
       0.0000000
       0.0000000
       0.0000000
       1.1687000
       0.2617000
      -0.7266000
       2.6046000
      -1.1991000
       0.1975000
       2.2700000
      -0.4282000
      -1.3622000
       2.0431001
      -1.3864000
       0.4752000
       0.2276000
      -2.0618999
       0.9029000
       0.8988000
      -1.3966000
       0.6900000
       1.9663000
      -0.6388000
      -1.5961000
       2.2495000
       0.7218000
      -0.9097000
      -0.2330000
       1.5477999
      -1.8247000
       2.3183999
      -3.2265000
       1.3137000
       1.5453000
      -3.1105001
       2.5553999
      -0.5786000
      -0.3170000
       0.1697000
      -1.3116000
       0.4288000
       2.1031001
      -1.9495000
      -1.5010000
       2.2572999
      -1.0426000
      -0.8472000
       1.4304000
      -0.6278000
      -0.9174000
       0.5751000
       0.6449000
       0.4816000
      -1.8278000
       1.4848000
      -1.0829000
       0.4003000
       0.1007000
      -0.1703000
       0.4538000
       1.2496001
      -2.2506001
       1.0579000
       0.6301000
      -2.2614999
       1.5878000
       0.4783000
      -0.1805000
      -0.7305000
      -0.7237000
       1.8006001
       0.0000000
       0.0000000
       0.0000000
       0.0000000
       0.0000000
       0.0000000
       0.0000000
       0.0000000
       0.0000000
       0.0000000
       0.0000000
       0.0000000
       0.0000000
       0.0000000
       0.0000000
       0.0000000
       0.0000000
       0.0000000
       0.0000000
       0.0000000
       0.0000000
       0.0000000
       0.0000000
       0.0000000
       0.0000000
       0.0000000
       0.0000000
       0.0000000
       0.0000000
       0.0000000
       0.0000000
       0.0000000
       0.0000000
       0.0000000
       0.0000000
       0.0000000
       0.0000000
       0.0000000
       0.0000000
       0.0000000
       0.0000000
       0.0000000
       0.0000000
       0.0000000
       0.3824000
       0.3883000
      -1.0625000
       0.3603000
      -0.3897000
      -0.2754000
       1.4703000
       0.1942000
       0.0668000
      -2.0668001
       1.5061001
      -1.1384000
      -1.1148000
       1.2907000
      -0.7238000
      -2.2609000
       1.3183000
       0.6020000
      -1.6327000
       0.1906000
      -0.2976000
      -0.8925000
       1.4002000
       0.3910000
      -2.1585000
       0.3726000
       1.6868000
      -2.3968999
       2.7591000
      -2.1812000
       0.6187000
       1.9054000
      -2.7887001
       1.9819000
      -0.9406000
      -0.4036000
       0.4274000
       0.7251000
      -1.0272000
       1.2086000
       0.5642000
      -1.8289000
       0.6517000
       1.1924000
      -0.1629000
      -0.0780000
       0.1197000
      -0.6997000
       1.4288000
      -0.2388000
      -0.9356000
      -0.1631000
       1.7919000
      -2.5832000
       0.1661000
       1.1698000
      -0.1775000
      -2.0847001
       3.1322000
      -1.1566000
      -1.4697000
       2.1946001
      -1.5960000
      -0.1106000
       0.5784000
       0.3424000
       0.1310000
       0.0000000
       0.0000000
       0.0000000
       0.0000000
       0.0000000
       0.0000000
       0.0000000
       0.0000000
       0.0000000
       0.0000000
       0.0000000
       0.0000000
       0.0000000
       0.0000000
       0.0000000
       0.0000000
       0.0000000
       0.0000000
       0.0000000
       0.0000000
       0.0000000
       0.0000000
       0.0000000
       0.0000000
       0.0000000
       0.0000000
       0.0000000
       0.0000000
       0.0000000
       0.0000000
       0.0000000
       0.0000000
       0.0000000
       0.0000000
       0.0000000
       0.0000000
       0.0000000
       0.0000000
       0.0000000
       0.0000000
       0.0000000
       0.0000000
       0.0000000
       0.0000000
       0.0000000
       0.7486000
      -1.7620000
       0.8404000
       1.9996001
      -0.2836000
       0.4317000
       0.8628000
       1.6196001
      -2.4481001
      -0.0092000
       0.1482000
      -0.7707000
      -0.8031000
       0.8209000
      -1.8140000
       1.0678000
      -1.5886000
       0.3680000
       1.6142000
      -1.8449000
      -0.0407000
       1.5134000
       0.3422000
       0.5045000
       0.6106000
      -0.0904000
      -0.3022000
      -0.2060000
      -1.0014000
       2.0767000
      -1.6971999
      -1.3607000
       3.1278999
      -2.0971999
       0.8276000
      -0.2944000
       1.1861000
      -0.6663000
       0.6680000
      -0.2155000
      -0.2313000
       0.0537000
      -0.0789000
       0.3195000
       0.1427000
       0.3501000
      -0.4158000
       0.4877000
      -1.6099000
       0.7040000
       0.8915000
      -1.1785001
      -0.7147000
       1.8965000
      -1.5563000
       0.0386000
       0.7626000
       1.7964000
      -2.7657001
       2.1770999
       1.1496000
      -3.2806001
       1.4190000
       1.1308000
      -1.2781000
      -0.5828000
       0.0000000
       0.0000000
       0.0000000
       0.0000000
       0.0000000
       0.0000000
       0.0000000
       0.0000000
       0.0000000
       0.0000000
       0.0000000
       0.0000000
       0.0000000
       0.0000000
       0.0000000
       0.0000000
       0.0000000
       0.0000000
       0.0000000
       0.0000000
       0.0000000
       0.0000000
       0.0000000
       0.0000000
       0.0000000
       0.0000000
       0.0000000
       0.0000000
       0.0000000
       0.0000000
       0.0000000
       0.0000000
       0.0000000
       0.0000000
       0.0000000
       0.0000000
       0.0000000
       0.0000000
       0.0000000
       0.0000000
       0.0000000
       0.0000000
       0.0000000
       0.0000000
       0.0000000
       0.0000000
      -0.7745000
       0.8522000
       0.5096000
      -0.6543000
       0.2385000
      -0.4907000
       1.3408999
      -0.4216000
       0.5507000
      -0.5695000
      -1.1246001
       0.2727000
       0.3347000
      -0.1239000
       0.6737000
      -1.0380000
       1.3697000
      -2.1499000
      -0.9133000
       0.3815000
      -0.2732000
      -0.6746000
       0.1292000
       0.5280000
       0.6552000
      -1.0168000
      -0.5561000
       0.6839000
       0.4199000
      -1.6648999
       0.8865000
       0.7262000
      -1.6799999
       1.6447999
      -1.8220000
       0.2278000
       0.4429000
      -0.4804000
      -1.3774000
       1.5937999
      -0.0457000
      -0.8501000
      -1.3432000
       1.6770999
      -0.5162000
      -0.7075000
       1.2573000
      -1.0943000
       0.9618000
       0.3014000
      -0.3240000
      -0.3328000
       1.1145999
      -0.4925000
       0.2335000
      -0.5089000
       1.1315000
      -1.0755000
       1.9313999
      -1.2939000
      -0.9765000
       0.9743000
      -0.8070000
       0.4170000
       0.0481000
       0.0000000
       0.0000000
       0.0000000
       0.0000000
       0.0000000
       0.0000000
       0.0000000
       0.0000000
       0.0000000
       0.0000000
       0.0000000
       0.0000000
       0.0000000
       0.0000000
       0.0000000
       0.0000000
       0.0000000
       0.0000000
       0.0000000
       0.0000000
       0.0000000
       0.0000000
       0.0000000
       0.0000000
       0.0000000
       0.0000000
       0.0000000
       0.0000000
       0.0000000
       0.0000000
       0.0000000
       0.0000000
       0.0000000
       0.0000000
       0.0000000
       0.0000000
       0.0000000
       0.0000000
       0.0000000
       0.0000000
       0.0000000
       0.0000000
       0.0000000
       0.0000000
       0.0000000
       0.0000000
       0.0000000
      -0.4704000
      -0.3032000
       1.7684000
      -0.5564000
      -0.0936000
       0.6117000
       0.6955000
       1.3585000
      -1.9723001
      -0.2920000
       0.0522000
      -0.3492000
       1.5727000
      -0.6330000
      -0.6607000
       0.5102000
      -0.6506000
      -0.5613000
      -0.7885000
       0.7272000
      -1.6274000
       0.9663000
      -0.3865000
      -0.0333000
       0.4024000
       1.1422000
      -1.8390000
       0.0652000
       0.8553000
      -0.3914000
      -1.4500999
       0.5759000
       1.8494999
      -2.4277000
       2.2349999
      -2.3266001
       0.8411000
       0.8864000
      -0.8071000
      -0.3181000
       0.7617000
      -0.6108000
      -0.2436000
      -0.6247000
       1.3559999
      -0.9142000
      -1.0367000
       2.9446001
      -1.8322001
      -0.1386000
       0.8006000
       0.6594000
      -1.5645000
       0.4798000
       0.7015000
      -1.0001000
      -0.1288000
       1.9862000
      -0.2124000
      -0.6681000
      -0.2316000
      -0.7806000
       0.6776000
       0.6807000
       0.0000000
       0.0000000
       0.0000000
       0.0000000
       0.0000000
       0.0000000
       0.0000000
       0.0000000
       0.0000000
       0.0000000
       0.0000000
       0.0000000
       0.0000000
       0.0000000
       0.0000000
       0.0000000
       0.0000000
       0.0000000
       0.0000000
       0.0000000
       0.0000000
       0.0000000
       0.0000000
       0.0000000
       0.0000000
       0.0000000
       0.0000000
       0.0000000
       0.0000000
       0.0000000
       0.0000000
       0.0000000
       0.0000000
       0.0000000
       0.0000000
       0.0000000
       0.0000000
       0.0000000
       0.0000000
       0.0000000
       0.0000000
       0.0000000
       0.0000000
       0.0000000
       0.0000000
       0.0000000
       0.0000000
       0.0000000
      -0.4339000
      -0.3217000
       1.3658000
      -1.6361001
       0.8607000
       0.7966000
       0.7377000
      -1.0316000
       0.4152000
      -0.0161000
      -1.3235000
       1.0932000
       0.6596000
      -0.9581000
      -0.4955000
       0.4593000
       1.4140000
      -1.8159000
       1.0552000
      -1.0326999
       1.1626000
      -0.9927000
       0.0207000
       0.7430000
       0.4026000
      -1.9934000
       0.6569000
       0.4545000
      -0.0026000
      -1.4521000
      -0.0361000
       1.0967000
       0.3663000
       0.1246000
      -1.3166000
       1.6296000
      -2.3471999
       0.3555000
       0.7743000
      -1.4806000
       1.3671000
       0.1026000
      -1.3339000
       0.9393000
      -1.1801000
       1.4321001
      -1.1659000
      -1.1611000
       2.7887001
      -1.7343000
      -0.6856000
       0.6208000
       0.9729000
      -1.9217000
       0.8038000
       0.2143000
      -0.3414000
      -0.3614000
       0.9259000
      -0.1852000
      -1.2174000
       0.5886000
      -0.6351000
       0.0000000
       0.0000000
       0.0000000
       0.0000000
       0.0000000
       0.0000000
       0.0000000
       0.0000000
       0.0000000
       0.0000000
       0.0000000
       0.0000000
       0.0000000
       0.0000000
       0.0000000
       0.0000000
       0.0000000
       0.0000000
       0.0000000
       0.0000000
       0.0000000
       0.0000000
       0.0000000
       0.0000000
       0.0000000
       0.0000000
       0.0000000
       0.0000000
       0.0000000
       0.0000000
       0.0000000
       0.0000000
       0.0000000
       0.0000000
       0.0000000
       0.0000000
       0.0000000
       0.0000000
       0.0000000
       0.0000000
       0.0000000
       0.0000000
       0.0000000
       0.0000000
       0.0000000
       0.0000000
       0.0000000
       0.0000000
       0.0000000
      -1.4581000
       0.1944000
      -0.3444000
       0.0258000
      -0.5554000
       0.6470000
       0.8338000
      -0.7095000
      -0.1368000
      -0.8306000
       0.5099000
       0.5409000
      -0.2322000
       0.0596000
      -0.2963000
      -0.0968000
      -0.4820000
       1.0062000
      -2.3287001
       2.4568000
      -0.9485000
       0.0559000
      -0.2204000
      -0.0165000
       0.7099000
       0.7497000
      -1.1875000
       0.2874000
       0.7680000
       0.4829000
      -2.4245000
       1.2993000
       1.9555000
      -2.1057000
       0.8334000
      -0.0624000
      -0.2603000
      -1.3049001
       2.5084000
      -0.2957000
      -2.4525001
       3.0322001
      -0.1110000
      -2.2808001
       1.0779001
       0.1778000
      -0.5002000
       0.1899000
       0.2729000
      -0.2819000
      -0.2746000
       1.6423000
      -1.7207000
       0.2906000
       0.5987000
       1.1116000
      -1.2685000
      -0.4350000
       0.5862000
      -0.2296000
       0.3998000
      -1.4744000
       0.0000000
       0.0000000
       0.0000000
       0.0000000
       0.0000000
       0.0000000
       0.0000000
       0.0000000
       0.0000000
       0.0000000
       0.0000000
       0.0000000
       0.0000000
       0.0000000
       0.0000000
       0.0000000
       0.0000000
       0.0000000
       0.0000000
       0.0000000
       0.0000000
       0.0000000
       0.0000000
       0.0000000
       0.0000000
       0.0000000
       0.0000000
       0.0000000
       0.0000000
       0.0000000
       0.0000000
       0.0000000
       0.0000000
       0.0000000
       0.0000000
       0.0000000
       0.0000000
       0.0000000
       0.0000000
       0.0000000
       0.0000000
       0.0000000
       0.0000000
       0.0000000
       0.0000000
       0.0000000
       0.0000000
       0.0000000
       0.0000000
       0.0000000
       0.9911000
       0.7645000
      -0.8822000
      -1.0116000
       2.4216001
       1.0625000
      -0.2815000
      -0.8367000
       1.1818000
      -0.3208000
      -0.3762000
       0.9970000
      -0.4608000
      -1.2021000
       0.2595000
       0.4538000
       0.6738000
      -1.4489000
       2.6055000
      -1.9187000
       1.3566000
      -0.9763000
      -0.4192000
       1.3071001
      -1.5635999
      -1.3584000
       1.5226001
       0.3947000
      -0.5316000
      -0.9073000
       1.5154999
      -1.0698000
       0.6025000
       0.9831000
      -1.6471000
       0.5814000
       0.6796000
       0.2926000
      -1.8385000
       1.4618000
       0.9576000
      -2.2209001
       2.2437000
      -0.0307000
      -1.7879000
       0.4159000
       0.3723000
      -1.0788000
      -0.3764000
       1.5450000
      -1.6927000
      -0.9928000
       1.7209001
      -1.1111000
       0.0459000
      -0.0850000
       2.1329000
      -1.6237000
      -1.3123000
       2.5172000
      -0.2012000
       0.0000000
       0.0000000
       0.0000000
       0.0000000
       0.0000000
       0.0000000
       0.0000000
       0.0000000
       0.0000000
       0.0000000
       0.0000000
       0.0000000
       0.0000000
       0.0000000
       0.0000000
       0.0000000
       0.0000000
       0.0000000
       0.0000000
       0.0000000
       0.0000000
       0.0000000
       0.0000000
       0.0000000
       0.0000000
       0.0000000
       0.0000000
       0.0000000
       0.0000000
       0.0000000
       0.0000000
       0.0000000
       0.0000000
       0.0000000
       0.0000000
       0.0000000
       0.0000000
       0.0000000
       0.0000000
       0.0000000
       0.0000000
       0.0000000
       0.0000000
       0.0000000
       0.0000000
       0.0000000
       0.0000000
       0.0000000
       0.0000000
       0.0000000
       0.0000000
       0.6316000
      -1.4760000
      -1.4681000
       0.4596000
      -0.7642000
       1.5756000
      -0.7751000
       0.4496000
       1.2339000
      -1.9990000
       1.2807000
       0.6526000
      -1.5934000
       1.9481000
       0.1625000
      -0.5552000
       0.4689000
       1.6572000
      -2.3648000
       2.4335001
      -0.3440000
      -1.1102999
       0.0756000
       0.7853000
       0.2261000
      -1.1322000
       0.9271000
       0.7612000
      -0.4477000
       0.6859000
      -0.1296000
       0.9081000
      -1.1299000
       0.0192000
       0.0351000
       0.2578000
       0.7009000
      -1.4273000
       1.7638000
      -1.3336000
      -0.7344000
       1.9812000
      -0.4956000
       0.1107000
      -1.5358000
       0.8493000
      -0.2317000
       0.0328000
       0.1151000
      -0.9130000
       1.3297000
      -0.8366000
      -0.6853000
       0.4449000
      -0.3581000
       1.9681000
      -1.8528000
       0.9545000
       1.5052000
      -1.1111000
       0.0000000
       0.0000000
       0.0000000
       0.0000000
       0.0000000
       0.0000000
       0.0000000
       0.0000000
       0.0000000
       0.0000000
       0.0000000
       0.0000000
       0.0000000
       0.0000000
       0.0000000
       0.0000000
       0.0000000
       0.0000000
       0.0000000
       0.0000000
       0.0000000
       0.0000000
       0.0000000
       0.0000000
       0.0000000
       0.0000000
       0.0000000
       0.0000000
       0.0000000
       0.0000000
       0.0000000
       0.0000000
       0.0000000
       0.0000000
       0.0000000
       0.0000000
       0.0000000
       0.0000000
       0.0000000
       0.0000000
       0.0000000
       0.0000000
       0.0000000
       0.0000000
       0.0000000
       0.0000000
       0.0000000
       0.0000000
       0.0000000
       0.0000000
       0.0000000
       0.0000000
       1.3712000
       0.2300000
       0.0957000
      -1.5764000
       2.0696001
       0.4661000
      -1.0125999
       0.0009000
       0.4208000
       0.9060000
      -1.0983000
      -1.3547000
       2.1111000
      -1.6263000
      -0.4812000
       1.6883000
      -1.8868001
      -1.4263999
       2.7478001
      -2.5869999
       0.1582000
      -0.9494000
      -0.8585000
      -0.4490000
      -1.1154000
       0.3741000
      -0.5269000
       0.8575000
      -0.0578000
      -1.7401000
       2.0687001
      -0.3168000
      -0.2442000
      -0.5411000
       0.0987000
      -0.5654000
       1.0125000
      -0.2769000
      -2.9302001
       1.2209001
       0.1060000
      -1.1562999
       1.5186000
      -0.3666000
       0.6832000
      -2.2591000
       2.0553000
       0.3300000
      -1.2790000
       2.3559000
      -0.8254000
      -0.0825000
       0.0674000
       0.5418000
      -1.0490000
      -0.8491000
       1.9148000
      -1.2100000
      -0.3315000
       0.0000000
       0.0000000
       0.0000000
       0.0000000
       0.0000000
       0.0000000
       0.0000000
       0.0000000
       0.0000000
       0.0000000
       0.0000000
       0.0000000
       0.0000000
       0.0000000
       0.0000000
       0.0000000
       0.0000000
       0.0000000
       0.0000000
       0.0000000
       0.0000000
       0.0000000
       0.0000000
       0.0000000
       0.0000000
       0.0000000
       0.0000000
       0.0000000
       0.0000000
       0.0000000
       0.0000000
       0.0000000
       0.0000000
       0.0000000
       0.0000000
       0.0000000
       0.0000000
       0.0000000
       0.0000000
       0.0000000
       0.0000000
       0.0000000
       0.0000000
       0.0000000
       0.0000000
       0.0000000
       0.0000000
       0.0000000
       0.0000000
       0.0000000
       0.0000000
       0.0000000
       0.0000000
       0.6777000
      -0.8551000
      -1.2465000
       0.9473000
      -2.0000999
       1.0354000
      -0.1579000
      -1.3981000
       1.0582000
      -1.3796000
       0.9655000
      -0.8739000
      -2.8629999
       2.6345000
      -0.4339000
      -1.3085001
       0.5152000
       0.2013000
      -1.7957000
       2.8745999
      -1.5658000
       0.9839000
       0.2402000
      -0.5732000
       0.2849000
      -0.0490000
       2.3027000
      -0.9903000
       0.2236000
       0.6195000
      -0.9249000
       1.6738000
      -2.0555999
       1.2108999
       0.2038000
       0.0899000
       0.0029000
      -0.1570000
       0.7112000
      -2.0630000
      -0.4923000
       1.5734000
      -0.5226000
      -0.2963000
      -0.7024000
       1.3325000
      -1.8707000
       0.3756000
       1.0023000
      -1.0405000
       0.3501000
      -0.2454000
       0.8960000
      -0.3900000
       0.8079000
      -0.1540000
      -1.8256000
       2.0450001
       0.0000000
       0.0000000
       0.0000000
       0.0000000
       0.0000000
       0.0000000
       0.0000000
       0.0000000
       0.0000000
       0.0000000
       0.0000000
       0.0000000
       0.0000000
       0.0000000
       0.0000000
       0.0000000
       0.0000000
       0.0000000
       0.0000000
       0.0000000
       0.0000000
       0.0000000
       0.0000000
       0.0000000
       0.0000000
       0.0000000
       0.0000000
       0.0000000
       0.0000000
       0.0000000
       0.0000000
       0.0000000
       0.0000000
       0.0000000
       0.0000000
       0.0000000
       0.0000000
       0.0000000
       0.0000000
       0.0000000
       0.0000000
       0.0000000
       0.0000000
       0.0000000
       0.0000000
       0.0000000
       0.0000000
       0.0000000
       0.0000000
       0.0000000
       0.0000000
       0.0000000
       0.0000000
       0.0000000
      -1.0281000
       1.2402000
       0.4838000
      -2.4412999
       2.2018001
      -0.2749000
      -0.6175000
      -1.5007000
      -1.1698000
       2.3938999
      -2.6498001
      -1.0641000
       1.5773000
      -0.5528000
      -0.3647000
       1.0791000
      -1.6940000
      -1.1630000
       2.8353000
      -3.4370999
       0.2653000
       0.1195000
      -0.6999000
      -1.3349000
      -0.5431000
       0.1385000
       0.1608000
       0.3398000
      -0.5447000
       0.1412000
      -1.2194999
      -1.4737000
       2.7176001
      -1.9944000
       0.8366000
       1.1095001
      -0.4388000
       0.1785000
      -0.8787000
       0.1453000
       0.3527000
      -0.9323000
       0.8803000
      -0.0153000
       0.3203000
      -1.4181000
       0.6988000
      -0.9100000
      -0.0548000
       1.0434999
      -0.8366000
      -1.1799999
       0.7223000
       1.9482000
      -2.2253001
      -0.9363000
       1.7715000
       0.0000000
       0.0000000
       0.0000000
       0.0000000
       0.0000000
       0.0000000
       0.0000000
       0.0000000
       0.0000000
       0.0000000
       0.0000000
       0.0000000
       0.0000000
       0.0000000
       0.0000000
       0.0000000
       0.0000000
       0.0000000
       0.0000000
       0.0000000
       0.0000000
       0.0000000
       0.0000000
       0.0000000
       0.0000000
       0.0000000
       0.0000000
       0.0000000
       0.0000000
       0.0000000
       0.0000000
       0.0000000
       0.0000000
       0.0000000
       0.0000000
       0.0000000
       0.0000000
       0.0000000
       0.0000000
       0.0000000
       0.0000000
       0.0000000
       0.0000000
       0.0000000
       0.0000000
       0.0000000
       0.0000000
       0.0000000
       0.0000000
       0.0000000
       0.0000000
       0.0000000
       0.0000000
       0.0000000
       0.0000000
      -1.2728000
       1.2235000
      -0.2368000
       1.2151999
      -1.4519000
       0.4554000
      -0.1457000
      -1.3552001
      -0.7628000
       0.4799000
       0.9811000
      -0.9122000
      -1.5253000
       2.3232000
       0.1633000
      -1.1227000
       1.3242000
       0.4957000
      -2.7885001
       1.1454999
       0.2806000
      -0.4361000
       0.6512000
       0.3370000
      -1.9482000
       0.3665000
       1.6885000
       0.6808000
       0.2382000
       0.3032000
       1.0111001
      -0.8624000
      -1.4981000
       2.5280001
      -0.3346000
      -0.8123000
       1.0675000
       0.3860000
       0.0319000
      -0.4841000
      -0.8939000
       0.7651000
      -0.1487000
      -0.9254000
       0.1717000
       1.4755000
      -2.1147001
      -0.1488000
       1.8436000
      -0.1140000
      -0.9253000
       1.5290999
       0.4587000
      -0.2765000
       1.0422000
       0.6097000
       0.0000000
       0.0000000
       0.0000000
       0.0000000
       0.0000000
       0.0000000
       0.0000000
       0.0000000
       0.0000000
       0.0000000
       0.0000000
       0.0000000
       0.0000000
       0.0000000
       0.0000000
       0.0000000
       0.0000000
       0.0000000
       0.0000000
       0.0000000
       0.0000000
       0.0000000
       0.0000000
       0.0000000
       0.0000000
       0.0000000
       0.0000000
       0.0000000
       0.0000000
       0.0000000
       0.0000000
       0.0000000
       0.0000000
       0.0000000
       0.0000000
       0.0000000
       0.0000000
       0.0000000
       0.0000000
       0.0000000
       0.0000000
       0.0000000
       0.0000000
       0.0000000
       0.0000000
       0.0000000
       0.0000000
       0.0000000
       0.0000000
       0.0000000
       0.0000000
       0.0000000
       0.0000000
       0.0000000
       0.0000000
       0.0000000
      -0.5712000
      -0.2922000
       1.3408999
      -0.7728000
       1.0713000
      -0.6242000
      -0.2783000
      -0.7328000
      -0.8608000
       0.1707000
       0.8242000
      -0.6607000
       1.1243000
      -0.3375000
       1.1009001
       0.2553000
       0.4458000
      -0.8523000
       0.9170000
      -2.3299000
       0.0314000
       2.8738000
      -2.6965001
      -0.1117000
       0.5263000
      -0.8421000
      -0.4511000
      -0.2318000
       1.5664999
       0.4111000
      -1.1632000
      -0.3493000
       0.9525000
      -0.6631000
      -0.0722000
       0.8733000
      -0.0900000
       0.2652000
      -0.6195000
      -0.8078000
       1.7064000
      -1.0987000
      -0.4451000
       0.6079000
       1.0510000
      -0.7202000
      -0.0549000
      -0.3931000
      -0.1229000
       1.1201000
       0.2720000
      -1.0440000
       0.5549000
       0.9442000
      -0.7957000
       0.0000000
       0.0000000
       0.0000000
       0.0000000
       0.0000000
       0.0000000
       0.0000000
       0.0000000
       0.0000000
       0.0000000
       0.0000000
       0.0000000
       0.0000000
       0.0000000
       0.0000000
       0.0000000
       0.0000000
       0.0000000
       0.0000000
       0.0000000
       0.0000000
       0.0000000
       0.0000000
       0.0000000
       0.0000000
       0.0000000
       0.0000000
       0.0000000
       0.0000000
       0.0000000
       0.0000000
       0.0000000
       0.0000000
       0.0000000
       0.0000000
       0.0000000
       0.0000000
       0.0000000
       0.0000000
       0.0000000
       0.0000000
       0.0000000
       0.0000000
       0.0000000
       0.0000000
       0.0000000
       0.0000000
       0.0000000
       0.0000000
       0.0000000
       0.0000000
       0.0000000
       0.0000000
       0.0000000
       0.0000000
       0.0000000
       0.0000000
       0.6867000
      -0.9262000
       0.8073000
       1.2312000
      -0.6006000
      -0.1871000
       0.8146000
      -0.9312000
       0.8511000
      -1.5736001
       0.2096000
       1.4146000
      -2.3943999
       1.4419000
      -0.6064000
      -0.8029000
       0.4799000
       1.2903000
      -2.7377000
      -0.4710000
       1.3600000
      -0.7195000
       2.6812000
      -0.9823000
       0.6802000
       0.6304000
      -0.2361000
      -0.0982000
       0.9658000
       0.8757000
      -0.9310000
      -0.2563000
       0.2464000
       0.3897000
      -0.3221000
      -1.5078000
       1.6562001
      -0.0151000
      -1.7211000
       0.9369000
       0.1154000
       0.0492000
      -0.9031000
       0.9205000
      -0.0806000
      -0.2456000
       0.5038000
      -0.3710000
      -0.3438000
       1.1884000
      -0.2117000
      -1.2161000
       1.0355999
      -0.9075000
       0.0000000
       0.0000000
       0.0000000
       0.0000000
       0.0000000
       0.0000000
       0.0000000
       0.0000000
       0.0000000
       0.0000000
       0.0000000
       0.0000000
       0.0000000
       0.0000000
       0.0000000
       0.0000000
       0.0000000
       0.0000000
       0.0000000
       0.0000000
       0.0000000
       0.0000000
       0.0000000
       0.0000000
       0.0000000
       0.0000000
       0.0000000
       0.0000000
       0.0000000
       0.0000000
       0.0000000
       0.0000000
       0.0000000
       0.0000000
       0.0000000
       0.0000000
       0.0000000
       0.0000000
       0.0000000
       0.0000000
       0.0000000
       0.0000000
       0.0000000
       0.0000000
       0.0000000
       0.0000000
       0.0000000
       0.0000000
       0.0000000
       0.0000000
       0.0000000
       0.0000000
       0.0000000
       0.0000000
       0.0000000
       0.0000000
       0.0000000
       0.0000000
      -0.0663000
      -0.4003000
      -0.7972000
       0.7278000
      -0.1381000
       0.1296000
      -1.2381001
       1.1602000
       0.1829000
      -1.9292001
      -0.0832000
       0.3845000
       0.4152000
      -0.0413000
       0.5566000
       0.2695000
      -0.3285000
      -0.5330000
      -0.1121000
      -0.8774000
      -0.1283000
       2.0337999
      -2.7151999
       1.5473000
       0.9902000
       0.3507000
      -1.8154000
       0.2458000
       1.0993000
      -0.4308000
       0.1383000
       0.6007000
       0.6699000
      -0.3894000
      -0.8529000
       1.3332000
       0.3452000
      -0.3124000
      -0.1234000
      -2.4159999
       1.8028001
       1.4479001
      -2.0639000
      -0.3772000
       1.7785000
      -0.7558000
      -1.3462000
       1.0460000
       1.3262000
      -2.1728001
       0.3461000
       1.5193000
      -2.2116001
       0.0000000
       0.0000000
       0.0000000
       0.0000000
       0.0000000
       0.0000000
       0.0000000
       0.0000000
       0.0000000
       0.0000000
       0.0000000
       0.0000000
       0.0000000
       0.0000000
       0.0000000
       0.0000000
       0.0000000
       0.0000000
       0.0000000
       0.0000000
       0.0000000
       0.0000000
       0.0000000
       0.0000000
       0.0000000
       0.0000000
       0.0000000
       0.0000000
       0.0000000
       0.0000000
       0.0000000
       0.0000000
       0.0000000
       0.0000000
       0.0000000
       0.0000000
       0.0000000
       0.0000000
       0.0000000
       0.0000000
       0.0000000
       0.0000000
       0.0000000
       0.0000000
       0.0000000
       0.0000000
       0.0000000
       0.0000000
       0.0000000
       0.0000000
       0.0000000
       0.0000000
       0.0000000
       0.0000000
       0.0000000
       0.0000000
       0.0000000
       0.0000000
       0.0000000
       1.7075000
      -0.8470000
       1.6901000
      -1.1447001
       1.4085000
      -0.5193000
      -1.1210001
       1.7492000
       0.4841000
      -1.2139000
       0.1463000
       0.8555000
       0.2311000
      -1.5540000
       0.9966000
       0.5944000
      -1.7061000
       1.8031000
      -1.8881000
      -0.4276000
       1.3099999
      -2.5255001
       1.4603000
      -0.3199000
       0.0984000
      -1.0880001
       1.1639000
      -0.7052000
      -1.0372000
       1.5355000
       0.3731000
      -1.3629000
       1.0264000
       0.4859000
      -0.6635000
       0.1989000
       1.1971999
       0.1378000
      -1.3996000
       1.4839000
      -1.0482000
      -0.2649000
       1.0791000
      -0.5453000
      -1.1293000
       0.1662000
       1.0025001
      -1.8314000
      -0.3361000
       1.8530999
      -1.3482000
      -2.1851001
       0.0000000
       0.0000000
       0.0000000
       0.0000000
       0.0000000
       0.0000000
       0.0000000
       0.0000000
       0.0000000
       0.0000000
       0.0000000
       0.0000000
       0.0000000
       0.0000000
       0.0000000
       0.0000000
       0.0000000
       0.0000000
       0.0000000
       0.0000000
       0.0000000
       0.0000000
       0.0000000
       0.0000000
       0.0000000
       0.0000000
       0.0000000
       0.0000000
       0.0000000
       0.0000000
       0.0000000
       0.0000000
       0.0000000
       0.0000000
       0.0000000
       0.0000000
       0.0000000
       0.0000000
       0.0000000
       0.0000000
       0.0000000
       0.0000000
       0.0000000
       0.0000000
       0.0000000
       0.0000000
       0.0000000
       0.0000000
       0.0000000
       0.0000000
       0.0000000
       0.0000000
       0.0000000
       0.0000000
       0.0000000
       0.0000000
       0.0000000
       0.0000000
       0.0000000
       0.0000000
      -0.2417000
       0.6375000
      -1.6778001
      -0.0641000
      -0.5383000
       0.7221000
       0.3986000
      -0.5055000
       1.6999000
      -1.1962000
      -0.3357000
      -0.6039000
      -0.1266000
       1.3928000
      -1.4651000
       1.1821001
       0.0011000
      -2.3785999
       2.3220000
      -0.5579000
      -0.9810000
       1.2328000
      -1.7970001
       0.4486000
       0.1908000
      -0.2072000
      -0.7543000
       0.9076000
      -0.1228000
      -0.1552000
      -0.2630000
       1.5125999
      -0.5144000
      -1.2759000
      -0.1606000
       0.4863000
      -0.6349000
      -0.2363000
       1.2600000
      -1.0486000
      -0.1931000
       1.6749001
       0.0725000
      -1.1784000
       0.8815000
       1.4408000
      -2.8399999
       1.4818000
       2.5184000
      -2.6596999
      -0.7999000
       0.0000000
       0.0000000
       0.0000000
       0.0000000
       0.0000000
       0.0000000
       0.0000000
       0.0000000
       0.0000000
       0.0000000
       0.0000000
       0.0000000
       0.0000000
       0.0000000
       0.0000000
       0.0000000
       0.0000000
       0.0000000
       0.0000000
       0.0000000
       0.0000000
       0.0000000
       0.0000000
       0.0000000
       0.0000000
       0.0000000
       0.0000000
       0.0000000
       0.0000000
       0.0000000
       0.0000000
       0.0000000
       0.0000000
       0.0000000
       0.0000000
       0.0000000
       0.0000000
       0.0000000
       0.0000000
       0.0000000
       0.0000000
       0.0000000
       0.0000000
       0.0000000
       0.0000000
       0.0000000
       0.0000000
       0.0000000
       0.0000000
       0.0000000
       0.0000000
       0.0000000
       0.0000000
       0.0000000
       0.0000000
       0.0000000
       0.0000000
       0.0000000
       0.0000000
       0.0000000
       0.0000000
       1.0335000
      -0.5865000
       0.9916000
      -1.7413000
       1.4304000
      -0.9065000
      -0.5713000
      -0.0399000
      -1.2406000
       3.2265999
      -2.4940000
       0.5761000
       2.1635001
      -1.5101000
       0.6921000
       1.0858001
      -0.4096000
      -0.6348000
       1.8034000
      -0.0997000
       0.3054000
      -2.3613000
       0.6500000
       0.5587000
      -1.4719000
      -1.4308000
       2.1499000
       0.7180000
      -1.8060000
       0.3736000
       1.5714000
      -0.6732000
      -1.0430000
       0.2156000
       1.0364000
      -1.4755000
       0.6396000
       0.2951000
      -1.3696001
       1.8189000
      -0.4531000
      -1.5839000
       2.4612999
      -0.3444000
      -1.3271000
       0.1541000
       1.7726001
      -1.1222000
      -0.4580000
       1.0754000
       0.0000000
       0.0000000
       0.0000000
       0.0000000
       0.0000000
       0.0000000
       0.0000000
       0.0000000
       0.0000000
       0.0000000
       0.0000000
       0.0000000
       0.0000000
       0.0000000
       0.0000000
       0.0000000
       0.0000000
       0.0000000
       0.0000000
       0.0000000
       0.0000000
       0.0000000
       0.0000000
       0.0000000
       0.0000000
       0.0000000
       0.0000000
       0.0000000
       0.0000000
       0.0000000
       0.0000000
       0.0000000
       0.0000000
       0.0000000
       0.0000000
       0.0000000
       0.0000000
       0.0000000
       0.0000000
       0.0000000
       0.0000000
       0.0000000
       0.0000000
       0.0000000
       0.0000000
       0.0000000
       0.0000000
       0.0000000
       0.0000000
       0.0000000
       0.0000000
       0.0000000
       0.0000000
       0.0000000
       0.0000000
       0.0000000
       0.0000000
       0.0000000
       0.0000000
       0.0000000
       0.0000000
       0.0000000
       0.1886000
       1.0966001
      -1.8190000
       1.6349000
      -1.5329000
       0.3497000
       0.7143000
      -1.0301000
       0.0143000
       0.1187000
       3.5371001
      -4.6293001
       0.3794000
       1.9859999
      -1.4372000
      -0.6885000
       1.1956000
      -0.3486000
      -1.1556000
       0.7196000
      -0.3378000
       0.0455000
      -1.2528000
       0.0928000
      -0.6551000
       0.0174000
       0.1622000
       0.6626000
       0.9637000
      -1.8983999
       0.4682000
       1.4779000
      -0.6968000
      -0.5126000
       0.2648000
       2.0895000
      -1.6691999
      -0.7658000
       2.0950000
      -1.3286000
       0.0030000
       1.4904000
      -1.1367000
       1.4254000
      -1.3767000
       0.0039000
       0.3240000
       0.1492000
      -1.3085999
       0.0000000
       0.0000000
       0.0000000
       0.0000000
       0.0000000
       0.0000000
       0.0000000
       0.0000000
       0.0000000
       0.0000000
       0.0000000
       0.0000000
       0.0000000
       0.0000000
       0.0000000
       0.0000000
       0.0000000
       0.0000000
       0.0000000
       0.0000000
       0.0000000
       0.0000000
       0.0000000
       0.0000000
       0.0000000
       0.0000000
       0.0000000
       0.0000000
       0.0000000
       0.0000000
       0.0000000
       0.0000000
       0.0000000
       0.0000000
       0.0000000
       0.0000000
       0.0000000
       0.0000000
       0.0000000
       0.0000000
       0.0000000
       0.0000000
       0.0000000
       0.0000000
       0.0000000
       0.0000000
       0.0000000
       0.0000000
       0.0000000
       0.0000000
       0.0000000
       0.0000000
       0.0000000
       0.0000000
       0.0000000
       0.0000000
       0.0000000
       0.0000000
       0.0000000
       0.0000000
       0.0000000
       0.0000000
       0.0000000
      -0.7113000
       0.0428000
       0.1272000
      -0.5865000
       1.1917000
      -0.7929000
       0.6106000
      -1.3597000
       0.1374000
       2.2442000
      -2.9154999
       1.8177000
      -0.8470000
       0.2237000
       0.8468000
      -0.1878000
      -1.7344000
       1.1102000
       1.4823999
      -0.8002000
      -0.6629000
       0.7631000
       0.1831000
      -0.0542000
      -0.0414000
       1.1540000
       0.8560000
      -0.2110000
       0.0940000
      -0.3997000
      -1.0562000
       0.8722000
      -0.8787000
      -0.4353000
       1.6250000
      -0.7908000
       0.0003000
      -0.1645000
      -0.5727000
      -0.2569000
       0.0404000
      -0.3117000
       1.0158000
      -0.4734000
       0.8355000
      -0.7978000
       0.2317000
       0.0392000
       0.0000000
       0.0000000
       0.0000000
       0.0000000
       0.0000000
       0.0000000
       0.0000000
       0.0000000
       0.0000000
       0.0000000
       0.0000000
       0.0000000
       0.0000000
       0.0000000
       0.0000000
       0.0000000
       0.0000000
       0.0000000
       0.0000000
       0.0000000
       0.0000000
       0.0000000
       0.0000000
       0.0000000
       0.0000000
       0.0000000
       0.0000000
       0.0000000
       0.0000000
       0.0000000
       0.0000000
       0.0000000
       0.0000000
       0.0000000
       0.0000000
       0.0000000
       0.0000000
       0.0000000
       0.0000000
       0.0000000
       0.0000000
       0.0000000
       0.0000000
       0.0000000
       0.0000000
       0.0000000
       0.0000000
       0.0000000
       0.0000000
       0.0000000
       0.0000000
       0.0000000
       0.0000000
       0.0000000
       0.0000000
       0.0000000
       0.0000000
       0.0000000
       0.0000000
       0.0000000
       0.0000000
       0.0000000
       0.0000000
       0.0000000
      -0.3362000
       0.4657000
      -2.0646000
       2.2816999
      -1.3412000
       1.8230000
      -0.0357000
       0.6640000
      -0.4595000
      -0.0779000
       2.3745999
      -2.2226000
      -1.7840000
       1.5777000
      -0.8508000
      -1.6542000
       0.9046000
       1.1471000
      -0.9758000
      -0.3350000
       0.1125000
       0.0233000
      -0.5724000
      -0.6793000
       0.0557000
       1.0625000
       0.6432000
       1.0592999
      -0.1216000
      -0.3806000
      -0.1989000
      -0.1107000
       0.2840000
       0.1789000
       0.1217000
       0.3012000
      -0.2614000
      -0.1416000
      -0.2872000
      -1.1121000
       0.4569000
       0.8887000
      -1.0005000
       1.7681000
      -1.0258000
       0.3527000
      -0.2502000
       0.0000000
       0.0000000
       0.0000000
       0.0000000
       0.0000000
       0.0000000
       0.0000000
       0.0000000
       0.0000000
       0.0000000
       0.0000000
       0.0000000
       0.0000000
       0.0000000
       0.0000000
       0.0000000
       0.0000000
       0.0000000
       0.0000000
       0.0000000
       0.0000000
       0.0000000
       0.0000000
       0.0000000
       0.0000000
       0.0000000
       0.0000000
       0.0000000
       0.0000000
       0.0000000
       0.0000000
       0.0000000
       0.0000000
       0.0000000
       0.0000000
       0.0000000
       0.0000000
       0.0000000
       0.0000000
       0.0000000
       0.0000000
       0.0000000
       0.0000000
       0.0000000
       0.0000000
       0.0000000
       0.0000000
       0.0000000
       0.0000000
       0.0000000
       0.0000000
       0.0000000
       0.0000000
       0.0000000
       0.0000000
       0.0000000
       0.0000000
       0.0000000
       0.0000000
       0.0000000
       0.0000000
       0.0000000
       0.0000000
       0.0000000
       0.0000000
      -0.3259000
      -1.8669000
       2.4844999
       0.1990000
       0.9898000
      -0.9865000
       0.4656000
       0.1822000
       0.8327000
      -1.0690000
      -1.3171000
       0.3000000
      -1.3236001
      -1.4410000
       1.5281000
      -0.6162000
      -1.6325001
       0.8212000
       1.5648000
      -0.7144000
      -0.0252000
       1.5454000
      -0.2826000
      -1.3273000
       0.8444000
       1.2230000
       0.4079000
      -1.6473000
       0.4416000
       0.3647000
      -1.8243001
       0.0977000
       1.4060000
      -0.8338000
       0.3321000
       1.2127000
      -0.2008000
      -0.2508000
       0.0044000
       0.0072000
      -0.2097000
       0.3720000
       0.8151000
      -1.3006001
       0.8772000
      -0.9757000
       0.0000000
       0.0000000
       0.0000000
       0.0000000
       0.0000000
       0.0000000
       0.0000000
       0.0000000
       0.0000000
       0.0000000
       0.0000000
       0.0000000
       0.0000000
       0.0000000
       0.0000000
       0.0000000
       0.0000000
       0.0000000
       0.0000000
       0.0000000
       0.0000000
       0.0000000
       0.0000000
       0.0000000
       0.0000000
       0.0000000
       0.0000000
       0.0000000
       0.0000000
       0.0000000
       0.0000000
       0.0000000
       0.0000000
       0.0000000
       0.0000000
       0.0000000
       0.0000000
       0.0000000
       0.0000000
       0.0000000
       0.0000000
       0.0000000
       0.0000000
       0.0000000
       0.0000000
       0.0000000
       0.0000000
       0.0000000
       0.0000000
       0.0000000
       0.0000000
       0.0000000
       0.0000000
       0.0000000
       0.0000000
       0.0000000
       0.0000000
       0.0000000
       0.0000000
       0.0000000
       0.0000000
       0.0000000
       0.0000000
       0.0000000
       0.0000000
       0.0000000
      -0.6088000
       0.1380000
       1.2136000
       0.9060000
      -0.7685000
      -1.2214000
      -1.1599000
       1.2566000
      -1.8221000
       0.9394000
      -0.6751000
      -0.0619000
      -1.0050000
       0.3182000
      -1.6346999
      -0.2758000
       1.1887000
      -0.7233000
       0.0781000
       0.1905000
       0.0522000
      -0.3659000
       0.1064000
      -1.1852000
       1.0071000
       0.1133000
      -0.1752000
       0.8501000
       0.4391000
      -0.0035000
       0.0513000
       0.4935000
      -1.0549001
       0.9636000
       0.3033000
      -0.5550000
       0.8985000
      -1.0937001
      -0.1742000
       0.2063000
       0.4957000
       0.6367000
      -0.1037000
       0.0439000
       0.2726000
       0.0000000
       0.0000000
       0.0000000
       0.0000000
       0.0000000
       0.0000000
       0.0000000
       0.0000000
       0.0000000
       0.0000000
       0.0000000
       0.0000000
       0.0000000
       0.0000000
       0.0000000
       0.0000000
       0.0000000
       0.0000000
       0.0000000
       0.0000000
       0.0000000
       0.0000000
       0.0000000
       0.0000000
       0.0000000
       0.0000000
       0.0000000
       0.0000000
       0.0000000
       0.0000000
       0.0000000
       0.0000000
       0.0000000
       0.0000000
       0.0000000
       0.0000000
       0.0000000
       0.0000000
       0.0000000
       0.0000000
       0.0000000
       0.0000000
       0.0000000
       0.0000000
       0.0000000
       0.0000000
       0.0000000
       0.0000000
       0.0000000
       0.0000000
       0.0000000
       0.0000000
       0.0000000
       0.0000000
       0.0000000
       0.0000000
       0.0000000
       0.0000000
       0.0000000
       0.0000000
       0.0000000
       0.0000000
       0.0000000
       0.0000000
       0.0000000
       0.0000000
       0.0000000
       0.8363000
      -2.1486001
       0.8805000
       1.0312999
      -0.6947000
      -2.1561000
      -0.2783000
       1.5791000
       0.7884000
      -3.0316999
       0.3825000
      -0.3179000
      -1.5262001
      -1.4496000
       1.7083000
      -0.1912000
      -0.6425000
      -0.3980000
      -0.0220000
      -1.2573000
       1.1781000
      -0.9494000
      -0.7190000
      -0.1755000
      -1.9675000
       0.1588000
       1.2485000
      -1.4639000
      -1.1271000
       2.6327000
      -1.7457000
      -1.3436000
       2.3144000
       0.0230000
      -0.9515000
       1.0137000
       0.4709000
      -1.1833000
      -1.0125999
       0.2008000
      -0.1806000
      -0.0248000
      -0.3047000
      -0.2104000
       0.0000000
       0.0000000
       0.0000000
       0.0000000
       0.0000000
       0.0000000
       0.0000000
       0.0000000
       0.0000000
       0.0000000
       0.0000000
       0.0000000
       0.0000000
       0.0000000
       0.0000000
       0.0000000
       0.0000000
       0.0000000
       0.0000000
       0.0000000
       0.0000000
       0.0000000
       0.0000000
       0.0000000
       0.0000000
       0.0000000
       0.0000000
       0.0000000
       0.0000000
       0.0000000
       0.0000000
       0.0000000
       0.0000000
       0.0000000
       0.0000000
       0.0000000
       0.0000000
       0.0000000
       0.0000000
       0.0000000
       0.0000000
       0.0000000
       0.0000000
       0.0000000
       0.0000000
       0.0000000
       0.0000000
       0.0000000
       0.0000000
       0.0000000
       0.0000000
       0.0000000
       0.0000000
       0.0000000
       0.0000000
       0.0000000
       0.0000000
       0.0000000
       0.0000000
       0.0000000
       0.0000000
       0.0000000
       0.0000000
       0.0000000
       0.0000000
       0.0000000
       0.0000000
       0.0000000
      -0.7574000
       2.0160999
       1.2121000
      -1.0093000
       0.3297000
      -2.0137999
       0.0781000
      -0.6800000
      -0.1814000
       0.0789000
      -0.7805000
       1.1185000
      -0.3427000
       0.3065000
      -1.5166000
       1.8958000
       0.1581000
      -1.4778000
       0.2728000
       1.8523000
      -1.4340000
       0.0758000
      -0.0208000
       0.4780000
      -0.3523000
       0.3050000
       0.1197000
      -0.1832000
       3.2741001
      -2.1407001
       1.4577000
       0.4774000
      -0.8781000
       1.8153000
      -0.6967000
       0.0827000
       1.0588000
      -0.5290000
      -0.5661000
      -0.3638000
       1.0355999
      -0.8619000
       0.4793000
       0.0000000
       0.0000000
       0.0000000
       0.0000000
       0.0000000
       0.0000000
       0.0000000
       0.0000000
       0.0000000
       0.0000000
       0.0000000
       0.0000000
       0.0000000
       0.0000000
       0.0000000
       0.0000000
       0.0000000
       0.0000000
       0.0000000
       0.0000000
       0.0000000
       0.0000000
       0.0000000
       0.0000000
       0.0000000
       0.0000000
       0.0000000
       0.0000000
       0.0000000
       0.0000000
       0.0000000
       0.0000000
       0.0000000
       0.0000000
       0.0000000
       0.0000000
       0.0000000
       0.0000000
       0.0000000
       0.0000000
       0.0000000
       0.0000000
       0.0000000
       0.0000000
       0.0000000
       0.0000000
       0.0000000
       0.0000000
       0.0000000
       0.0000000
       0.0000000
       0.0000000
       0.0000000
       0.0000000
       0.0000000
       0.0000000
       0.0000000
       0.0000000
       0.0000000
       0.0000000
       0.0000000
       0.0000000
       0.0000000
       0.0000000
       0.0000000
       0.0000000
       0.0000000
       0.0000000
       0.0000000
      -0.1157000
       1.8961000
      -2.4426999
       1.0174000
      -1.4517000
       0.5384000
      -0.6894000
       0.3369000
       1.5128000
      -2.7297001
       1.0324000
       1.0692000
      -1.2459000
      -0.7265000
       1.6776000
      -0.8302000
       0.4946000
       0.1488000
      -0.8970000
       0.7383000
      -0.0568000
      -1.0089999
       0.4502000
      -0.5561000
      -0.2703000
      -1.2187001
       0.0425000
       1.6702000
      -2.9258001
       2.8422999
      -1.7293000
      -0.5901000
       1.9471999
      -1.0443000
       0.7888000
       0.2278000
      -1.1246001
       0.4905000
      -0.5472000
      -1.3443000
       0.5689000
       0.4748000
       0.0000000
       0.0000000
       0.0000000
       0.0000000
       0.0000000
       0.0000000
       0.0000000
       0.0000000
       0.0000000
       0.0000000
       0.0000000
       0.0000000
       0.0000000
       0.0000000
       0.0000000
       0.0000000
       0.0000000
       0.0000000
       0.0000000
       0.0000000
       0.0000000
       0.0000000
       0.0000000
       0.0000000
       0.0000000
       0.0000000
       0.0000000
       0.0000000
       0.0000000
       0.0000000
       0.0000000
       0.0000000
       0.0000000
       0.0000000
       0.0000000
       0.0000000
       0.0000000
       0.0000000
       0.0000000
       0.0000000
       0.0000000
       0.0000000
       0.0000000
       0.0000000
       0.0000000
       0.0000000
       0.0000000
       0.0000000
       0.0000000
       0.0000000
       0.0000000
       0.0000000
       0.0000000
       0.0000000
       0.0000000
       0.0000000
       0.0000000
       0.0000000
       0.0000000
       0.0000000
       0.0000000
       0.0000000
       0.0000000
       0.0000000
       0.0000000
       0.0000000
       0.0000000
       0.0000000
       0.0000000
       0.0000000
       0.6523000
       0.7815000
       1.2740999
      -2.8959999
      -1.5851001
       2.5486000
      -0.2622000
       0.4873000
      -0.8916000
       0.8636000
      -1.9991000
       0.4878000
       1.6902000
      -0.0019000
      -1.0214000
       1.2529000
      -0.8765000
      -0.4300000
       1.1411999
      -0.1830000
      -0.1246000
      -0.9489000
       0.0824000
       0.6415000
      -0.8903000
       1.9532000
      -1.7802000
      -0.3499000
       3.2595000
      -1.6223000
       1.0264000
       0.2311000
       0.8023000
       0.9223000
       0.0010000
       0.1782000
       1.2490000
      -0.9873000
      -1.2890000
       1.6959000
      -0.1605000
       0.0000000
       0.0000000
       0.0000000
       0.0000000
       0.0000000
       0.0000000
       0.0000000
       0.0000000
       0.0000000
       0.0000000
       0.0000000
       0.0000000
       0.0000000
       0.0000000
       0.0000000
       0.0000000
       0.0000000
       0.0000000
       0.0000000
       0.0000000
       0.0000000
       0.0000000
       0.0000000
       0.0000000
       0.0000000
       0.0000000
       0.0000000
       0.0000000
       0.0000000
       0.0000000
       0.0000000
       0.0000000
       0.0000000
       0.0000000
       0.0000000
       0.0000000
       0.0000000
       0.0000000
       0.0000000
       0.0000000
       0.0000000
       0.0000000
       0.0000000
       0.0000000
       0.0000000
       0.0000000
       0.0000000
       0.0000000
       0.0000000
       0.0000000
       0.0000000
       0.0000000
       0.0000000
       0.0000000
       0.0000000
       0.0000000
       0.0000000
       0.0000000
       0.0000000
       0.0000000
       0.0000000
       0.0000000
       0.0000000
       0.0000000
       0.0000000
       0.0000000
       0.0000000
       0.0000000
       0.0000000
       0.0000000
       0.0000000
       0.3241000
       1.7794000
      -3.3106999
      -0.3051000
       0.2330000
       0.9444000
       0.9825000
      -1.0232000
       2.2079000
      -1.9349000
       0.4840000
       0.0070000
       0.9142000
      -0.1411000
      -0.4206000
      -0.4436000
       1.2680000
      -0.8262000
       0.4406000
      -0.5849000
      -0.6346000
      -0.1090000
      -0.3652000
       0.4360000
       1.0503000
      -1.1693000
       1.4757000
      -0.7859000
       0.2626000
       0.2852000
      -0.1429000
       0.0179000
      -1.4229000
       0.4423000
       0.9117000
      -0.2790000
      -1.9331000
      -0.0104000
       0.8232000
      -0.6243000
       0.0000000
       0.0000000
       0.0000000
       0.0000000
       0.0000000
       0.0000000
       0.0000000
       0.0000000
       0.0000000
       0.0000000
       0.0000000
       0.0000000
       0.0000000
       0.0000000
       0.0000000
       0.0000000
       0.0000000
       0.0000000
       0.0000000
       0.0000000
       0.0000000
       0.0000000
       0.0000000
       0.0000000
       0.0000000
       0.0000000
       0.0000000
       0.0000000
       0.0000000
       0.0000000
       0.0000000
       0.0000000
       0.0000000
       0.0000000
       0.0000000
       0.0000000
       0.0000000
       0.0000000
       0.0000000
       0.0000000
       0.0000000
       0.0000000
       0.0000000
       0.0000000
       0.0000000
       0.0000000
       0.0000000
       0.0000000
       0.0000000
       0.0000000
       0.0000000
       0.0000000
       0.0000000
       0.0000000
       0.0000000
       0.0000000
       0.0000000
       0.0000000
       0.0000000
       0.0000000
       0.0000000
       0.0000000
       0.0000000
       0.0000000
       0.0000000
       0.0000000
       0.0000000
       0.0000000
       0.0000000
       0.0000000
       0.0000000
       0.0000000
       0.3385000
      -0.8542000
      -1.0860000
      -0.2649000
      -0.1615000
       1.8187000
      -0.2683000
       2.0517001
      -1.8821000
       0.2741000
      -2.1217000
      -0.3415000
      -0.1145000
       1.6854000
      -0.2348000
      -0.3091000
       0.0609000
       0.7766000
      -1.5699000
       0.4686000
      -0.5070000
      -1.2241000
      -0.1076000
       0.7526000
       0.2978000
       0.2014000
       0.2591000
      -0.2494000
      -0.0074000
       0.7946000
      -0.4176000
       0.2447000
      -0.7235000
       2.2346001
      -0.1528000
      -0.2699000
       0.6643000
      -0.5740000
      -0.4454000
       0.0000000
       0.0000000
       0.0000000
       0.0000000
       0.0000000
       0.0000000
       0.0000000
       0.0000000
       0.0000000
       0.0000000
       0.0000000
       0.0000000
       0.0000000
       0.0000000
       0.0000000
       0.0000000
       0.0000000
       0.0000000
       0.0000000
       0.0000000
       0.0000000
       0.0000000
       0.0000000
       0.0000000
       0.0000000
       0.0000000
       0.0000000
       0.0000000
       0.0000000
       0.0000000
       0.0000000
       0.0000000
       0.0000000
       0.0000000
       0.0000000
       0.0000000
       0.0000000
       0.0000000
       0.0000000
       0.0000000
       0.0000000
       0.0000000
       0.0000000
       0.0000000
       0.0000000
       0.0000000
       0.0000000
       0.0000000
       0.0000000
       0.0000000
       0.0000000
       0.0000000
       0.0000000
       0.0000000
       0.0000000
       0.0000000
       0.0000000
       0.0000000
       0.0000000
       0.0000000
       0.0000000
       0.0000000
       0.0000000
       0.0000000
       0.0000000
       0.0000000
       0.0000000
       0.0000000
       0.0000000
       0.0000000
       0.0000000
       0.0000000
       0.0000000
      -0.4671000
       0.0070000
      -0.4215000
      -1.1178000
       1.0591000
      -0.5086000
       0.2004000
      -1.5671000
       2.9338000
      -0.5175000
      -0.2763000
      -0.8200000
       0.9972000
      -0.5714000
       0.1559000
       0.9304000
      -0.1976000
       0.2610000
       1.6359000
      -2.4342000
       0.2960000
      -0.2482000
      -0.6593000
       1.0878000
       0.0384000
       1.0385000
       0.1504000
       0.3118000
      -0.3845000
      -0.6366000
       2.0337999
      -2.1273999
       0.6867000
      -0.4769000
       0.3605000
       0.5006000
      -0.4670000
      -0.2260000
       0.0000000
       0.0000000
       0.0000000
       0.0000000
       0.0000000
       0.0000000
       0.0000000
       0.0000000
       0.0000000
       0.0000000
       0.0000000
       0.0000000
       0.0000000
       0.0000000
       0.0000000
       0.0000000
       0.0000000
       0.0000000
       0.0000000
       0.0000000
       0.0000000
       0.0000000
       0.0000000
       0.0000000
       0.0000000
       0.0000000
       0.0000000
       0.0000000
       0.0000000
       0.0000000
       0.0000000
       0.0000000
       0.0000000
       0.0000000
       0.0000000
       0.0000000
       0.0000000
       0.0000000
       0.0000000
       0.0000000
       0.0000000
       0.0000000
       0.0000000
       0.0000000
       0.0000000
       0.0000000
       0.0000000
       0.0000000
       0.0000000
       0.0000000
       0.0000000
       0.0000000
       0.0000000
       0.0000000
       0.0000000
       0.0000000
       0.0000000
       0.0000000
       0.0000000
       0.0000000
       0.0000000
       0.0000000
       0.0000000
       0.0000000
       0.0000000
       0.0000000
       0.0000000
       0.0000000
       0.0000000
       0.0000000
       0.0000000
       0.0000000
       0.0000000
       0.0000000
       0.0322000
      -0.7474000
      -0.9948000
       0.6353000
      -0.7605000
       1.2905000
      -0.1969000
       0.7355000
      -0.6005000
      -0.4309000
      -1.4421999
       0.5288000
      -1.0422000
       1.1020000
       0.4161000
       0.6097000
      -0.1421000
       1.7107000
      -1.1916000
       0.3030000
      -0.1226000
      -0.4313000
       1.1308000
      -0.2781000
       0.6615000
      -0.1174000
      -0.8021000
      -0.3604000
      -0.4653000
       0.5471000
      -1.4873000
       1.2891999
      -1.2085000
       1.4793000
       0.8391000
       0.6025000
       0.4387000
       0.0000000
       0.0000000
       0.0000000
       0.0000000
       0.0000000
       0.0000000
       0.0000000
       0.0000000
       0.0000000
       0.0000000
       0.0000000
       0.0000000
       0.0000000
       0.0000000
       0.0000000
       0.0000000
       0.0000000
       0.0000000
       0.0000000
       0.0000000
       0.0000000
       0.0000000
       0.0000000
       0.0000000
       0.0000000
       0.0000000
       0.0000000
       0.0000000
       0.0000000
       0.0000000
       0.0000000
       0.0000000
       0.0000000
       0.0000000
       0.0000000
       0.0000000
       0.0000000
       0.0000000
       0.0000000
       0.0000000
       0.0000000
       0.0000000
       0.0000000
       0.0000000
       0.0000000
       0.0000000
       0.0000000
       0.0000000
       0.0000000
       0.0000000
       0.0000000
       0.0000000
       0.0000000
       0.0000000
       0.0000000
       0.0000000
       0.0000000
       0.0000000
       0.0000000
       0.0000000
       0.0000000
       0.0000000
       0.0000000
       0.0000000
       0.0000000
       0.0000000
       0.0000000
       0.0000000
       0.0000000
       0.0000000
       0.0000000
       0.0000000
       0.0000000
       0.0000000
       0.0000000
      -0.2173000
      -0.9956000
       0.8600000
       0.1195000
      -0.4672000
      -0.0995000
      -1.3645999
      -0.2931000
       0.9721000
      -0.0269000
      -1.3272001
       0.9895000
       0.1863000
       0.0991000
      -0.3230000
       0.8050000
      -0.3551000
       0.3528000
       0.5759000
      -0.6927000
      -1.1865000
       0.7732000
      -0.1999000
       0.4761000
       0.3323000
      -0.0093000
      -1.2707000
       0.6037000
      -1.0886000
       0.0122000
       0.7035000
      -0.7759000
      -0.1384000
      -0.5870000
       1.2566000
      -2.0222001
       0.0000000
       0.0000000
       0.0000000
       0.0000000
       0.0000000
       0.0000000
       0.0000000
       0.0000000
       0.0000000
       0.0000000
       0.0000000
       0.0000000
       0.0000000
       0.0000000
       0.0000000
       0.0000000
       0.0000000
       0.0000000
       0.0000000
       0.0000000
       0.0000000
       0.0000000
       0.0000000
       0.0000000
       0.0000000
       0.0000000
       0.0000000
       0.0000000
       0.0000000
       0.0000000
       0.0000000
       0.0000000
       0.0000000
       0.0000000
       0.0000000
       0.0000000
       0.0000000
       0.0000000
       0.0000000
       0.0000000
       0.0000000
       0.0000000
       0.0000000
       0.0000000
       0.0000000
       0.0000000
       0.0000000
       0.0000000
       0.0000000
       0.0000000
       0.0000000
       0.0000000
       0.0000000
       0.0000000
       0.0000000
       0.0000000
       0.0000000
       0.0000000
       0.0000000
       0.0000000
       0.0000000
       0.0000000
       0.0000000
       0.0000000
       0.0000000
       0.0000000
       0.0000000
       0.0000000
       0.0000000
       0.0000000
       0.0000000
       0.0000000
       0.0000000
       0.0000000
       0.0000000
       0.0000000
       1.2785000
      -0.0763000
      -0.8801000
       0.8421000
       0.3099000
      -1.7429000
       1.3631001
      -0.9630000
       0.9552000
      -1.2147000
       1.1748000
      -0.9325000
       0.8141000
      -0.1486000
       1.7491000
      -1.3306000
       1.6887000
      -0.4876000
      -0.2908000
       0.7015000
      -0.2937000
      -0.4830000
       0.1424000
       0.5238000
      -1.0543000
       1.2849000
       0.4238000
      -2.9774001
       2.6972001
      -0.2218000
      -1.8214999
       1.6597000
       1.3945000
      -0.4237000
       0.0930000
       0.0000000
       0.0000000
       0.0000000
       0.0000000
       0.0000000
       0.0000000
       0.0000000
       0.0000000
       0.0000000
       0.0000000
       0.0000000
       0.0000000
       0.0000000
       0.0000000
       0.0000000
       0.0000000
       0.0000000
       0.0000000
       0.0000000
       0.0000000
       0.0000000
       0.0000000
       0.0000000
       0.0000000
       0.0000000
       0.0000000
       0.0000000
       0.0000000
       0.0000000
       0.0000000
       0.0000000
       0.0000000
       0.0000000
       0.0000000
       0.0000000
       0.0000000
       0.0000000
       0.0000000
       0.0000000
       0.0000000
       0.0000000
       0.0000000
       0.0000000
       0.0000000
       0.0000000
       0.0000000
       0.0000000
       0.0000000
       0.0000000
       0.0000000
       0.0000000
       0.0000000
       0.0000000
       0.0000000
       0.0000000
       0.0000000
       0.0000000
       0.0000000
       0.0000000
       0.0000000
       0.0000000
       0.0000000
       0.0000000
       0.0000000
       0.0000000
       0.0000000
       0.0000000
       0.0000000
       0.0000000
       0.0000000
       0.0000000
       0.0000000
       0.0000000
       0.0000000
       0.0000000
       0.0000000
       0.0000000
       0.8041000
       0.8013000
      -0.4282000
      -0.5104000
      -0.6047000
       0.4118000
       0.7040000
       1.7058001
      -0.9481000
      -0.3757000
       0.2274000
       0.4734000
      -1.5220000
       0.5647000
       0.1365000
      -0.6146000
       0.1703000
       0.1700000
       1.0181000
      -0.4511000
       0.4254000
       1.3267000
      -0.3801000
      -1.5021000
       1.9576000
      -1.5609000
      -2.4231999
       0.1445000
      -1.0965000
       0.5837000
       0.3573000
      -0.7988000
      -0.3210000
       1.5940000
       0.0000000
       0.0000000
       0.0000000
       0.0000000
       0.0000000
       0.0000000
       0.0000000
       0.0000000
       0.0000000
       0.0000000
       0.0000000
       0.0000000
       0.0000000
       0.0000000
       0.0000000
       0.0000000
       0.0000000
       0.0000000
       0.0000000
       0.0000000
       0.0000000
       0.0000000
       0.0000000
       0.0000000
       0.0000000
       0.0000000
       0.0000000
       0.0000000
       0.0000000
       0.0000000
       0.0000000
       0.0000000
       0.0000000
       0.0000000
       0.0000000
       0.0000000
       0.0000000
       0.0000000
       0.0000000
       0.0000000
       0.0000000
       0.0000000
       0.0000000
       0.0000000
       0.0000000
       0.0000000
       0.0000000
       0.0000000
       0.0000000
       0.0000000
       0.0000000
       0.0000000
       0.0000000
       0.0000000
       0.0000000
       0.0000000
       0.0000000
       0.0000000
       0.0000000
       0.0000000
       0.0000000
       0.0000000
       0.0000000
       0.0000000
       0.0000000
       0.0000000
       0.0000000
       0.0000000
       0.0000000
       0.0000000
       0.0000000
       0.0000000
       0.0000000
       0.0000000
       0.0000000
       0.0000000
       0.0000000
       0.0000000
       1.1533999
      -0.2375000
       0.5261000
       0.4803000
       0.1522000
       0.7231000
       0.4284000
      -0.0418000
      -0.3467000
       0.7287000
      -0.4897000
       1.2410001
       0.3981000
      -1.2681000
       0.1920000
       1.1155000
      -1.3619000
       0.8054000
      -0.2311000
      -0.4373000
       1.0967000
      -2.0490999
       0.8935000
       0.4276000
      -2.1709001
       2.9733000
      -0.3631000
      -2.1315000
       3.1849000
       0.1752000
       0.1585000
       0.2923000
       1.7874000
       0.0000000
       0.0000000
       0.0000000
       0.0000000
       0.0000000
       0.0000000
       0.0000000
       0.0000000
       0.0000000
       0.0000000
       0.0000000
       0.0000000
       0.0000000
       0.0000000
       0.0000000
       0.0000000
       0.0000000
       0.0000000
       0.0000000
       0.0000000
       0.0000000
       0.0000000
       0.0000000
       0.0000000
       0.0000000
       0.0000000
       0.0000000
       0.0000000
       0.0000000
       0.0000000
       0.0000000
       0.0000000
       0.0000000
       0.0000000
       0.0000000
       0.0000000
       0.0000000
       0.0000000
       0.0000000
       0.0000000
       0.0000000
       0.0000000
       0.0000000
       0.0000000
       0.0000000
       0.0000000
       0.0000000
       0.0000000
       0.0000000
       0.0000000
       0.0000000
       0.0000000
       0.0000000
       0.0000000
       0.0000000
       0.0000000
       0.0000000
       0.0000000
       0.0000000
       0.0000000
       0.0000000
       0.0000000
       0.0000000
       0.0000000
       0.0000000
       0.0000000
       0.0000000
       0.0000000
       0.0000000
       0.0000000
       0.0000000
       0.0000000
       0.0000000
       0.0000000
       0.0000000
       0.0000000
       0.0000000
       0.0000000
       0.0000000
       0.7604000
      -0.0476000
       0.2549000
       0.3919000
      -0.3635000
      -0.2710000
       0.4367000
       0.4560000
       0.1670000
      -1.1574000
       1.5171000
      -0.9353000
      -0.1720000
       0.0492000
       0.6057000
       0.4224000
       0.1769000
      -1.0312001
      -0.1773000
       1.1669000
      -1.1722000
       0.1697000
      -1.5061001
      -0.1633000
       2.4014001
      -3.5220001
       0.9733000
       0.8767000
      -2.4488001
       1.6794000
       0.1462000
      -0.2895000
       0.0000000
       0.0000000
       0.0000000
       0.0000000
       0.0000000
       0.0000000
       0.0000000
       0.0000000
       0.0000000
       0.0000000
       0.0000000
       0.0000000
       0.0000000
       0.0000000
       0.0000000
       0.0000000
       0.0000000
       0.0000000
       0.0000000
       0.0000000
       0.0000000
       0.0000000
       0.0000000
       0.0000000
       0.0000000
       0.0000000
       0.0000000
       0.0000000
       0.0000000
       0.0000000
       0.0000000
       0.0000000
       0.0000000
       0.0000000
       0.0000000
       0.0000000
       0.0000000
       0.0000000
       0.0000000
       0.0000000
       0.0000000
       0.0000000
       0.0000000
       0.0000000
       0.0000000
       0.0000000
       0.0000000
       0.0000000
       0.0000000
       0.0000000
       0.0000000
       0.0000000
       0.0000000
       0.0000000
       0.0000000
       0.0000000
       0.0000000
       0.0000000
       0.0000000
       0.0000000
       0.0000000
       0.0000000
       0.0000000
       0.0000000
       0.0000000
       0.0000000
       0.0000000
       0.0000000
       0.0000000
       0.0000000
       0.0000000
       0.0000000
       0.0000000
       0.0000000
       0.0000000
       0.0000000
       0.0000000
       0.0000000
       0.0000000
       0.0000000
      -0.8402000
       0.0993000
       0.1450000
       0.7856000
      -0.7076000
      -0.1446000
      -0.0441000
       1.0742000
      -1.2007000
       0.5934000
      -0.8262000
       1.8980000
      -2.3989000
      -0.7520000
       0.4211000
       0.4276000
      -1.5577000
       1.6117001
      -1.1097000
      -1.3670000
       1.6987000
      -1.1221000
      -0.4587000
       0.0499000
      -0.7937000
       1.4094000
      -0.7899000
       0.4646000
       0.4228000
       1.4622000
      -0.9573000
       0.0000000
       0.0000000
       0.0000000
       0.0000000
       0.0000000
       0.0000000
       0.0000000
       0.0000000
       0.0000000
       0.0000000
       0.0000000
       0.0000000
       0.0000000
       0.0000000
       0.0000000
       0.0000000
       0.0000000
       0.0000000
       0.0000000
       0.0000000
       0.0000000
       0.0000000
       0.0000000
       0.0000000
       0.0000000
       0.0000000
       0.0000000
       0.0000000
       0.0000000
       0.0000000
       0.0000000
       0.0000000
       0.0000000
       0.0000000
       0.0000000
       0.0000000
       0.0000000
       0.0000000
       0.0000000
       0.0000000
       0.0000000
       0.0000000
       0.0000000
       0.0000000
       0.0000000
       0.0000000
       0.0000000
       0.0000000
       0.0000000
       0.0000000
       0.0000000
       0.0000000
       0.0000000
       0.0000000
       0.0000000
       0.0000000
       0.0000000
       0.0000000
       0.0000000
       0.0000000
       0.0000000
       0.0000000
       0.0000000
       0.0000000
       0.0000000
       0.0000000
       0.0000000
       0.0000000
       0.0000000
       0.0000000
       0.0000000
       0.0000000
       0.0000000
       0.0000000
       0.0000000
       0.0000000
       0.0000000
       0.0000000
       0.0000000
       0.0000000
       0.0000000
       0.3218000
      -0.8096000
       1.4866000
       1.5496000
      -0.2515000
      -0.6044000
      -0.5527000
      -0.5026000
       0.5288000
      -0.4611000
      -0.9975000
      -1.7280999
      -0.7281000
      -1.0400000
       0.5870000
      -0.4411000
       1.5253000
      -0.2192000
       0.3403000
       1.2098000
      -1.0604000
       2.0399001
      -0.3361000
       0.8996000
       0.1926000
      -0.8701000
       0.1146000
       0.0572000
      -0.4083000
      -1.4981000
       0.0000000
       0.0000000
       0.0000000
       0.0000000
       0.0000000
       0.0000000
       0.0000000
       0.0000000
       0.0000000
       0.0000000
       0.0000000
       0.0000000
       0.0000000
       0.0000000
       0.0000000
       0.0000000
       0.0000000
       0.0000000
       0.0000000
       0.0000000
       0.0000000
       0.0000000
       0.0000000
       0.0000000
       0.0000000
       0.0000000
       0.0000000
       0.0000000
       0.0000000
       0.0000000
       0.0000000
       0.0000000
       0.0000000
       0.0000000
       0.0000000
       0.0000000
       0.0000000
       0.0000000
       0.0000000
       0.0000000
       0.0000000
       0.0000000
       0.0000000
       0.0000000
       0.0000000
       0.0000000
       0.0000000
       0.0000000
       0.0000000
       0.0000000
       0.0000000
       0.0000000
       0.0000000
       0.0000000
       0.0000000
       0.0000000
       0.0000000
       0.0000000
       0.0000000
       0.0000000
       0.0000000
       0.0000000
       0.0000000
       0.0000000
       0.0000000
       0.0000000
       0.0000000
       0.0000000
       0.0000000
       0.0000000
       0.0000000
       0.0000000
       0.0000000
       0.0000000
       0.0000000
       0.0000000
       0.0000000
       0.0000000
       0.0000000
       0.0000000
       0.0000000
       0.0000000
      -1.7478000
       0.8946000
      -0.3794000
      -0.7715000
       1.5358000
      -2.1477001
      -0.2370000
       0.5281000
       0.1167000
       0.0282000
      -1.5494000
       0.0927000
      -1.3270000
      -1.4263999
       0.9734000
      -0.6819000
      -1.4288000
       1.3516001
      -0.2454000
      -1.6363000
      -0.5664000
       1.5750000
       0.6620000
       0.0559000
      -0.9091000
       0.5468000
       0.4960000
      -1.1505001
      -0.7276000
       0.0000000
       0.0000000
       0.0000000
       0.0000000
       0.0000000
       0.0000000
       0.0000000
       0.0000000
       0.0000000
       0.0000000
       0.0000000
       0.0000000
       0.0000000
       0.0000000
       0.0000000
       0.0000000
       0.0000000
       0.0000000
       0.0000000
       0.0000000
       0.0000000
       0.0000000
       0.0000000
       0.0000000
       0.0000000
       0.0000000
       0.0000000
       0.0000000
       0.0000000
       0.0000000
       0.0000000
       0.0000000
       0.0000000
       0.0000000
       0.0000000
       0.0000000
       0.0000000
       0.0000000
       0.0000000
       0.0000000
       0.0000000
       0.0000000
       0.0000000
       0.0000000
       0.0000000
       0.0000000
       0.0000000
       0.0000000
       0.0000000
       0.0000000
       0.0000000
       0.0000000
       0.0000000
       0.0000000
       0.0000000
       0.0000000
       0.0000000
       0.0000000
       0.0000000
       0.0000000
       0.0000000
       0.0000000
       0.0000000
       0.0000000
       0.0000000
       0.0000000
       0.0000000
       0.0000000
       0.0000000
       0.0000000
       0.0000000
       0.0000000
       0.0000000
       0.0000000
       0.0000000
       0.0000000
       0.0000000
       0.0000000
       0.0000000
       0.0000000
       0.0000000
       0.0000000
       0.0000000
       0.1810000
       0.9858000
       0.2434000
      -0.0719000
      -1.3832999
       0.6765000
      -0.2512000
      -0.3191000
       1.4101000
      -0.2754000
      -0.3614000
      -0.4963000
      -1.3186001
       0.5833000
      -1.9001000
      -0.9696000
      -0.0422000
      -0.9660000
       1.0552000
      -1.8638999
       0.7270000
       0.1801000
       1.8190000
       0.0813000
      -1.2263000
       1.1451000
       0.2419000
       0.4641000
       0.0000000
       0.0000000
       0.0000000
       0.0000000
       0.0000000
       0.0000000
       0.0000000
       0.0000000
       0.0000000
       0.0000000
       0.0000000
       0.0000000
       0.0000000
       0.0000000
       0.0000000
       0.0000000
       0.0000000
       0.0000000
       0.0000000
       0.0000000
       0.0000000
       0.0000000
       0.0000000
       0.0000000
       0.0000000
       0.0000000
       0.0000000
       0.0000000
       0.0000000
       0.0000000
       0.0000000
       0.0000000
       0.0000000
       0.0000000
       0.0000000
       0.0000000
       0.0000000
       0.0000000
       0.0000000
       0.0000000
       0.0000000
       0.0000000
       0.0000000
       0.0000000
       0.0000000
       0.0000000
       0.0000000
       0.0000000
       0.0000000
       0.0000000
       0.0000000
       0.0000000
       0.0000000
       0.0000000
       0.0000000
       0.0000000
       0.0000000
       0.0000000
       0.0000000
       0.0000000
       0.0000000
       0.0000000
       0.0000000
       0.0000000
       0.0000000
       0.0000000
       0.0000000
       0.0000000
       0.0000000
       0.0000000
       0.0000000
       0.0000000
       0.0000000
       0.0000000
       0.0000000
       0.0000000
       0.0000000
       0.0000000
       0.0000000
       0.0000000
       0.0000000
       0.0000000
       0.0000000
       0.0000000
       0.9203000
      -0.0978000
       1.0381000
      -1.3784000
       0.5344000
       0.3345000
       0.9300000
      -0.0860000
      -0.2409000
       0.7564000
      -0.6059000
      -1.6787000
       1.7448000
      -0.1928000
      -0.7754000
       0.1440000
      -1.9749000
      -0.1466000
       1.3391000
      -0.7924000
      -2.2191000
       1.7523000
       1.2595000
      -1.0539000
       0.3199000
      -2.2191999
       1.3128999
       0.0000000
       0.0000000
       0.0000000
       0.0000000
       0.0000000
       0.0000000
       0.0000000
       0.0000000
       0.0000000
       0.0000000
       0.0000000
       0.0000000
       0.0000000
       0.0000000
       0.0000000
       0.0000000
       0.0000000
       0.0000000
       0.0000000
       0.0000000
       0.0000000
       0.0000000
       0.0000000
       0.0000000
       0.0000000
       0.0000000
       0.0000000
       0.0000000
       0.0000000
       0.0000000
       0.0000000
       0.0000000
       0.0000000
       0.0000000
       0.0000000
       0.0000000
       0.0000000
       0.0000000
       0.0000000
       0.0000000
       0.0000000
       0.0000000
       0.0000000
       0.0000000
       0.0000000
       0.0000000
       0.0000000
       0.0000000
       0.0000000
       0.0000000
       0.0000000
       0.0000000
       0.0000000
       0.0000000
       0.0000000
       0.0000000
       0.0000000
       0.0000000
       0.0000000
       0.0000000
       0.0000000
       0.0000000
       0.0000000
       0.0000000
       0.0000000
       0.0000000
       0.0000000
       0.0000000
       0.0000000
       0.0000000
       0.0000000
       0.0000000
       0.0000000
       0.0000000
       0.0000000
       0.0000000
       0.0000000
       0.0000000
       0.0000000
       0.0000000
       0.0000000
       0.0000000
       0.0000000
       0.0000000
       0.0000000
      -0.4562000
       0.9108000
      -0.4788000
      -0.8224000
      -0.1213000
       1.9352000
      -0.1290000
      -1.0191000
       0.8294000
      -0.8608000
       0.8675000
       1.2258000
      -0.1516000
       1.3536000
      -1.3605000
      -0.2605000
      -1.4687001
      -0.5784000
      -0.4754000
       1.5067000
      -0.2694000
      -0.8191000
       2.0292001
      -0.5559000
      -1.1652000
       0.8247000
       0.0000000
       0.0000000
       0.0000000
       0.0000000
       0.0000000
       0.0000000
       0.0000000
       0.0000000
       0.0000000
       0.0000000
       0.0000000
       0.0000000
       0.0000000
       0.0000000
       0.0000000
       0.0000000
       0.0000000
       0.0000000
       0.0000000
       0.0000000
       0.0000000
       0.0000000
       0.0000000
       0.0000000
       0.0000000
       0.0000000
       0.0000000
       0.0000000
       0.0000000
       0.0000000
       0.0000000
       0.0000000
       0.0000000
       0.0000000
       0.0000000
       0.0000000
       0.0000000
       0.0000000
       0.0000000
       0.0000000
       0.0000000
       0.0000000
       0.0000000
       0.0000000
       0.0000000
       0.0000000
       0.0000000
       0.0000000
       0.0000000
       0.0000000
       0.0000000
       0.0000000
       0.0000000
       0.0000000
       0.0000000
       0.0000000
       0.0000000
       0.0000000
       0.0000000
       0.0000000
       0.0000000
       0.0000000
       0.0000000
       0.0000000
       0.0000000
       0.0000000
       0.0000000
       0.0000000
       0.0000000
       0.0000000
       0.0000000
       0.0000000
       0.0000000
       0.0000000
       0.0000000
       0.0000000
       0.0000000
       0.0000000
       0.0000000
       0.0000000
       0.0000000
       0.0000000
       0.0000000
       0.0000000
       0.0000000
       0.0000000
       0.4545000
       0.8743000
      -0.6166000
      -1.1258000
      -1.0398999
       0.3123000
      -0.7812000
       1.7907000
      -1.7444000
       2.1187999
      -1.6402000
       0.0439000
       1.2333000
      -1.8288000
      -0.4086000
      -0.5275000
       0.3227000
      -1.6964000
       0.3150000
       0.6143000
      -0.5980000
       0.8295000
      -0.4933000
       1.2435000
       0.8347000
       0.0000000
       0.0000000
       0.0000000
       0.0000000
       0.0000000
       0.0000000
       0.0000000
       0.0000000
       0.0000000
       0.0000000
       0.0000000
       0.0000000
       0.0000000
       0.0000000
       0.0000000
       0.0000000
       0.0000000
       0.0000000
       0.0000000
       0.0000000
       0.0000000
       0.0000000
       0.0000000
       0.0000000
       0.0000000
       0.0000000
       0.0000000
       0.0000000
       0.0000000
       0.0000000
       0.0000000
       0.0000000
       0.0000000
       0.0000000
       0.0000000
       0.0000000
       0.0000000
       0.0000000
       0.0000000
       0.0000000
       0.0000000
       0.0000000
       0.0000000
       0.0000000
       0.0000000
       0.0000000
       0.0000000
       0.0000000
       0.0000000
       0.0000000
       0.0000000
       0.0000000
       0.0000000
       0.0000000
       0.0000000
       0.0000000
       0.0000000
       0.0000000
       0.0000000
       0.0000000
       0.0000000
       0.0000000
       0.0000000
       0.0000000
       0.0000000
       0.0000000
       0.0000000
       0.0000000
       0.0000000
       0.0000000
       0.0000000
       0.0000000
       0.0000000
       0.0000000
       0.0000000
       0.0000000
       0.0000000
       0.0000000
       0.0000000
       0.0000000
       0.0000000
       0.0000000
       0.0000000
       0.0000000
       0.0000000
       0.0000000
       0.0000000
      -0.6062000
       0.5635000
       0.7364000
      -2.2844000
       1.0849000
      -0.0294000
       0.2814000
      -1.2275000
       3.1786001
      -1.8793000
       1.2636000
       1.1364000
      -0.8378000
      -0.3414000
      -0.5668000
      -0.7150000
      -0.4709000
      -1.0289000
      -1.2131000
       1.9294000
      -0.2470000
      -0.5159000
       0.0983000
       1.7677000
       0.0000000
       0.0000000
       0.0000000
       0.0000000
       0.0000000
       0.0000000
       0.0000000
       0.0000000
       0.0000000
       0.0000000
       0.0000000
       0.0000000
       0.0000000
       0.0000000
       0.0000000
       0.0000000
       0.0000000
       0.0000000
       0.0000000
       0.0000000
       0.0000000
       0.0000000
       0.0000000
       0.0000000
       0.0000000
       0.0000000
       0.0000000
       0.0000000
       0.0000000
       0.0000000
       0.0000000
       0.0000000
       0.0000000
       0.0000000
       0.0000000
       0.0000000
       0.0000000
       0.0000000
       0.0000000
       0.0000000
       0.0000000
       0.0000000
       0.0000000
       0.0000000
       0.0000000
       0.0000000
       0.0000000
       0.0000000
       0.0000000
       0.0000000
       0.0000000
       0.0000000
       0.0000000
       0.0000000
       0.0000000
       0.0000000
       0.0000000
       0.0000000
       0.0000000
       0.0000000
       0.0000000
       0.0000000
       0.0000000
       0.0000000
       0.0000000
       0.0000000
       0.0000000
       0.0000000
       0.0000000
       0.0000000
       0.0000000
       0.0000000
       0.0000000
       0.0000000
       0.0000000
       0.0000000
       0.0000000
       0.0000000
       0.0000000
       0.0000000
       0.0000000
       0.0000000
       0.0000000
       0.0000000
       0.0000000
       0.0000000
       0.0000000
       0.0000000
      -0.6183000
       0.8098000
      -0.8239000
       0.3053000
       0.1196000
       0.3554000
      -2.2983000
       1.8326000
      -0.4734000
       1.3343000
      -1.2436000
       2.4637001
      -0.6089000
      -0.1676000
      -1.4191999
      -0.5851000
       0.2726000
      -1.7342000
       1.0058000
      -1.6283000
       1.4281000
      -0.4952000
      -0.0146000
       0.0000000
       0.0000000
       0.0000000
       0.0000000
       0.0000000
       0.0000000
       0.0000000
       0.0000000
       0.0000000
       0.0000000
       0.0000000
       0.0000000
       0.0000000
       0.0000000
       0.0000000
       0.0000000
       0.0000000
       0.0000000
       0.0000000
       0.0000000
       0.0000000
       0.0000000
       0.0000000
       0.0000000
       0.0000000
       0.0000000
       0.0000000
       0.0000000
       0.0000000
       0.0000000
       0.0000000
       0.0000000
       0.0000000
       0.0000000
       0.0000000
       0.0000000
       0.0000000
       0.0000000
       0.0000000
       0.0000000
       0.0000000
       0.0000000
       0.0000000
       0.0000000
       0.0000000
       0.0000000
       0.0000000
       0.0000000
       0.0000000
       0.0000000
       0.0000000
       0.0000000
       0.0000000
       0.0000000
       0.0000000
       0.0000000
       0.0000000
       0.0000000
       0.0000000
       0.0000000
       0.0000000
       0.0000000
       0.0000000
       0.0000000
       0.0000000
       0.0000000
       0.0000000
       0.0000000
       0.0000000
       0.0000000
       0.0000000
       0.0000000
       0.0000000
       0.0000000
       0.0000000
       0.0000000
       0.0000000
       0.0000000
       0.0000000
       0.0000000
       0.0000000
       0.0000000
       0.0000000
       0.0000000
       0.0000000
       0.0000000
       0.0000000
       0.0000000
       0.0000000
       0.0533000
      -2.5167999
       0.6647000
       1.0417000
       0.9004000
      -0.2430000
       0.5705000
      -1.1673000
       0.9548000
       0.1703000
      -0.0906000
      -1.4124000
       2.0318000
      -1.9129000
      -0.7687000
       0.2708000
       1.0497000
      -0.0711000
      -2.9642000
       1.5206000
      -1.2708000
       0.1861000
       0.0000000
       0.0000000
       0.0000000
       0.0000000
       0.0000000
       0.0000000
       0.0000000
       0.0000000
       0.0000000
       0.0000000
       0.0000000
       0.0000000
       0.0000000
       0.0000000
       0.0000000
       0.0000000
       0.0000000
       0.0000000
       0.0000000
       0.0000000
       0.0000000
       0.0000000
       0.0000000
       0.0000000
       0.0000000
       0.0000000
       0.0000000
       0.0000000
       0.0000000
       0.0000000
       0.0000000
       0.0000000
       0.0000000
       0.0000000
       0.0000000
       0.0000000
       0.0000000
       0.0000000
       0.0000000
       0.0000000
       0.0000000
       0.0000000
       0.0000000
       0.0000000
       0.0000000
       0.0000000
       0.0000000
       0.0000000
       0.0000000
       0.0000000
       0.0000000
       0.0000000
       0.0000000
       0.0000000
       0.0000000
       0.0000000
       0.0000000
       0.0000000
       0.0000000
       0.0000000
       0.0000000
       0.0000000
       0.0000000
       0.0000000
       0.0000000
       0.0000000
       0.0000000
       0.0000000
       0.0000000
       0.0000000
       0.0000000
       0.0000000
       0.0000000
       0.0000000
       0.0000000
       0.0000000
       0.0000000
       0.0000000
       0.0000000
       0.0000000
       0.0000000
       0.0000000
       0.0000000
       0.0000000
       0.0000000
       0.0000000
       0.0000000
       0.0000000
       0.0000000
       0.0000000
       0.2546000
      -0.6621000
      -0.2918000
       1.2711999
      -0.9201000
      -1.6430000
       0.2096000
       0.4185000
       1.0685000
      -0.9750000
      -1.1544000
       1.2872000
      -1.2229000
       2.1452999
      -1.5968000
       1.0899000
      -0.1878000
      -0.7782000
       0.2964000
      -0.3532000
       0.5678000
       0.0000000
       0.0000000
       0.0000000
       0.0000000
       0.0000000
       0.0000000
       0.0000000
       0.0000000
       0.0000000
       0.0000000
       0.0000000
       0.0000000
       0.0000000
       0.0000000
       0.0000000
       0.0000000
       0.0000000
       0.0000000
       0.0000000
       0.0000000
       0.0000000
       0.0000000
       0.0000000
       0.0000000
       0.0000000
       0.0000000
       0.0000000
       0.0000000
       0.0000000
       0.0000000
       0.0000000
       0.0000000
       0.0000000
       0.0000000
       0.0000000
       0.0000000
       0.0000000
       0.0000000
       0.0000000
       0.0000000
       0.0000000
       0.0000000
       0.0000000
       0.0000000
       0.0000000
       0.0000000
       0.0000000
       0.0000000
       0.0000000
       0.0000000
       0.0000000
       0.0000000
       0.0000000
       0.0000000
       0.0000000
       0.0000000
       0.0000000
       0.0000000
       0.0000000
       0.0000000
       0.0000000
       0.0000000
       0.0000000
       0.0000000
       0.0000000
       0.0000000
       0.0000000
       0.0000000
       0.0000000
       0.0000000
       0.0000000
       0.0000000
       0.0000000
       0.0000000
       0.0000000
       0.0000000
       0.0000000
       0.0000000
       0.0000000
       0.0000000
       0.0000000
       0.0000000
       0.0000000
       0.0000000
       0.0000000
       0.0000000
       0.0000000
       0.0000000
       0.0000000
       0.0000000
       0.0000000
      -0.0730000
       0.2166000
      -1.4938000
       0.3975000
      -0.7473000
       0.2528000
       0.5136000
       1.1537000
      -0.4162000
      -0.0550000
       0.4949000
      -1.6831000
       1.3334000
      -1.6804000
       0.3193000
      -0.1836000
      -0.3424000
       2.2407000
       0.7078000
      -0.7409000
       0.0000000
       0.0000000
       0.0000000
       0.0000000
       0.0000000
       0.0000000
       0.0000000
       0.0000000
       0.0000000
       0.0000000
       0.0000000
       0.0000000
       0.0000000
       0.0000000
       0.0000000
       0.0000000
       0.0000000
       0.0000000
       0.0000000
       0.0000000
       0.0000000
       0.0000000
       0.0000000
       0.0000000
       0.0000000
       0.0000000
       0.0000000
       0.0000000
       0.0000000
       0.0000000
       0.0000000
       0.0000000
       0.0000000
       0.0000000
       0.0000000
       0.0000000
       0.0000000
       0.0000000
       0.0000000
       0.0000000
       0.0000000
       0.0000000
       0.0000000
       0.0000000
       0.0000000
       0.0000000
       0.0000000
       0.0000000
       0.0000000
       0.0000000
       0.0000000
       0.0000000
       0.0000000
       0.0000000
       0.0000000
       0.0000000
       0.0000000
       0.0000000
       0.0000000
       0.0000000
       0.0000000
       0.0000000
       0.0000000
       0.0000000
       0.0000000
       0.0000000
       0.0000000
       0.0000000
       0.0000000
       0.0000000
       0.0000000
       0.0000000
       0.0000000
       0.0000000
       0.0000000
       0.0000000
       0.0000000
       0.0000000
       0.0000000
       0.0000000
       0.0000000
       0.0000000
       0.0000000
       0.0000000
       0.0000000
       0.0000000
       0.0000000
       0.0000000
       0.0000000
       0.0000000
       0.0000000
       0.0000000
       1.4038000
       0.0385000
       0.4847000
      -0.6447000
      -0.1514000
      -0.7847000
       0.9415000
       0.0131000
       0.0602000
      -0.7801000
       0.3131000
       1.1546000
      -0.3435000
       1.1742001
       0.0914000
      -0.4505000
      -0.7778000
       0.1683000
      -1.4058000
       0.0000000
       0.0000000
       0.0000000
       0.0000000
       0.0000000
       0.0000000
       0.0000000
       0.0000000
       0.0000000
       0.0000000
       0.0000000
       0.0000000
       0.0000000
       0.0000000
       0.0000000
       0.0000000
       0.0000000
       0.0000000
       0.0000000
       0.0000000
       0.0000000
       0.0000000
       0.0000000
       0.0000000
       0.0000000
       0.0000000
       0.0000000
       0.0000000
       0.0000000
       0.0000000
       0.0000000
       0.0000000
       0.0000000
       0.0000000
       0.0000000
       0.0000000
       0.0000000
       0.0000000
       0.0000000
       0.0000000
       0.0000000
       0.0000000
       0.0000000
       0.0000000
       0.0000000
       0.0000000
       0.0000000
       0.0000000
       0.0000000
       0.0000000
       0.0000000
       0.0000000
       0.0000000
       0.0000000
       0.0000000
       0.0000000
       0.0000000
       0.0000000
       0.0000000
       0.0000000
       0.0000000
       0.0000000
       0.0000000
       0.0000000
       0.0000000
       0.0000000
       0.0000000
       0.0000000
       0.0000000
       0.0000000
       0.0000000
       0.0000000
       0.0000000
       0.0000000
       0.0000000
       0.0000000
       0.0000000
       0.0000000
       0.0000000
       0.0000000
       0.0000000
       0.0000000
       0.0000000
       0.0000000
       0.0000000
       0.0000000
       0.0000000
       0.0000000
       0.0000000
       0.0000000
       0.0000000
       0.0000000
       0.0000000
       0.6594000
       0.6826000
      -1.7860000
      -1.4127001
      -0.9073000
      -0.0776000
      -0.4639000
       0.6805000
      -1.7672000
       1.1977000
      -0.4823000
       0.5146000
       0.9077000
      -0.5650000
       1.8321000
      -0.6439000
      -0.2782000
      -1.0451000
       0.0000000
       0.0000000
       0.0000000
       0.0000000
       0.0000000
       0.0000000
       0.0000000
       0.0000000
       0.0000000
       0.0000000
       0.0000000
       0.0000000
       0.0000000
       0.0000000
       0.0000000
       0.0000000
       0.0000000
       0.0000000
       0.0000000
       0.0000000
       0.0000000
       0.0000000
       0.0000000
       0.0000000
       0.0000000
       0.0000000
       0.0000000
       0.0000000
       0.0000000
       0.0000000
       0.0000000
       0.0000000
       0.0000000
       0.0000000
       0.0000000
       0.0000000
       0.0000000
       0.0000000
       0.0000000
       0.0000000
       0.0000000
       0.0000000
       0.0000000
       0.0000000
       0.0000000
       0.0000000
       0.0000000
       0.0000000
       0.0000000
       0.0000000
       0.0000000
       0.0000000
       0.0000000
       0.0000000
       0.0000000
       0.0000000
       0.0000000
       0.0000000
       0.0000000
       0.0000000
       0.0000000
       0.0000000
       0.0000000
       0.0000000
       0.0000000
       0.0000000
       0.0000000
       0.0000000
       0.0000000
       0.0000000
       0.0000000
       0.0000000
       0.0000000
       0.0000000
       0.0000000
       0.0000000
       0.0000000
       0.0000000
       0.0000000
       0.0000000
       0.0000000
       0.0000000
       0.0000000
       0.0000000
       0.0000000
       0.0000000
       0.0000000
       0.0000000
       0.0000000
       0.0000000
       0.0000000
       0.0000000
       0.0000000
       0.0000000
       1.8089000
       0.1282000
      -0.0605000
      -1.8267000
       1.0304000
       0.6186000
       1.2648000
      -1.4993000
      -0.4950000
      -1.1410000
       0.2881000
      -2.0211999
       0.0904000
       1.7398000
      -1.3095000
       1.9012001
      -0.3267000
       0.0000000
       0.0000000
       0.0000000
       0.0000000
       0.0000000
       0.0000000
       0.0000000
       0.0000000
       0.0000000
       0.0000000
       0.0000000
       0.0000000
       0.0000000
       0.0000000
       0.0000000
       0.0000000
       0.0000000
       0.0000000
       0.0000000
       0.0000000
       0.0000000
       0.0000000
       0.0000000
       0.0000000
       0.0000000
       0.0000000
       0.0000000
       0.0000000
       0.0000000
       0.0000000
       0.0000000
       0.0000000
       0.0000000
       0.0000000
       0.0000000
       0.0000000
       0.0000000
       0.0000000
       0.0000000
       0.0000000
       0.0000000
       0.0000000
       0.0000000
       0.0000000
       0.0000000
       0.0000000
       0.0000000
       0.0000000
       0.0000000
       0.0000000
       0.0000000
       0.0000000
       0.0000000
       0.0000000
       0.0000000
       0.0000000
       0.0000000
       0.0000000
       0.0000000
       0.0000000
       0.0000000
       0.0000000
       0.0000000
       0.0000000
       0.0000000
       0.0000000
       0.0000000
       0.0000000
       0.0000000
       0.0000000
       0.0000000
       0.0000000
       0.0000000
       0.0000000
       0.0000000
       0.0000000
       0.0000000
       0.0000000
       0.0000000
       0.0000000
       0.0000000
       0.0000000
       0.0000000
       0.0000000
       0.0000000
       0.0000000
       0.0000000
       0.0000000
       0.0000000
       0.0000000
       0.0000000
       0.0000000
       0.0000000
       0.0000000
       0.0000000
      -0.5860000
      -0.6964000
       0.8576000
       1.8386000
       0.1339000
      -1.5499001
      -1.5338000
      -0.8749000
      -1.5539000
       1.2444000
      -0.5101000
       0.9504000
       0.4559000
       1.2477000
       0.6536000
       0.0538000
       0.0000000
       0.0000000
       0.0000000
       0.0000000
       0.0000000
       0.0000000
       0.0000000
       0.0000000
       0.0000000
       0.0000000
       0.0000000
       0.0000000
       0.0000000
       0.0000000
       0.0000000
       0.0000000
       0.0000000
       0.0000000
       0.0000000
       0.0000000
       0.0000000
       0.0000000
       0.0000000
       0.0000000
       0.0000000
       0.0000000
       0.0000000
       0.0000000
       0.0000000
       0.0000000
       0.0000000
       0.0000000
       0.0000000
       0.0000000
       0.0000000
       0.0000000
       0.0000000
       0.0000000
       0.0000000
       0.0000000
       0.0000000
       0.0000000
       0.0000000
       0.0000000
       0.0000000
       0.0000000
       0.0000000
       0.0000000
       0.0000000
       0.0000000
       0.0000000
       0.0000000
       0.0000000
       0.0000000
       0.0000000
       0.0000000
       0.0000000
       0.0000000
       0.0000000
       0.0000000
       0.0000000
       0.0000000
       0.0000000
       0.0000000
       0.0000000
       0.0000000
       0.0000000
       0.0000000
       0.0000000
       0.0000000
       0.0000000
       0.0000000
       0.0000000
       0.0000000
       0.0000000
       0.0000000
       0.0000000
       0.0000000
       0.0000000
       0.0000000
       0.0000000
       0.0000000
       0.0000000
       0.0000000
       0.0000000
       0.0000000
       0.0000000
       0.0000000
       0.0000000
       0.0000000
       0.0000000
       0.0000000
       0.0000000
       0.0000000
       0.0000000
       0.0000000
      -1.8513000
       0.5132000
       0.8692000
       0.0122000
       0.4851000
       0.1507000
       0.1778000
      -0.2076000
       2.3645999
      -1.4242001
      -0.3835000
      -1.1508000
      -1.3669000
       0.2901000
      -0.7624000
       0.0000000
       0.0000000
       0.0000000
       0.0000000
       0.0000000
       0.0000000
       0.0000000
       0.0000000
       0.0000000
       0.0000000
       0.0000000
       0.0000000
       0.0000000
       0.0000000
       0.0000000
       0.0000000
       0.0000000
       0.0000000
       0.0000000
       0.0000000
       0.0000000
       0.0000000
       0.0000000
       0.0000000
       0.0000000
       0.0000000
       0.0000000
       0.0000000
       0.0000000
       0.0000000
       0.0000000
       0.0000000
       0.0000000
       0.0000000
       0.0000000
       0.0000000
       0.0000000
       0.0000000
       0.0000000
       0.0000000
       0.0000000
       0.0000000
       0.0000000
       0.0000000
       0.0000000
       0.0000000
       0.0000000
       0.0000000
       0.0000000
       0.0000000
       0.0000000
       0.0000000
       0.0000000
       0.0000000
       0.0000000
       0.0000000
       0.0000000
       0.0000000
       0.0000000
       0.0000000
       0.0000000
       0.0000000
       0.0000000
       0.0000000
       0.0000000
       0.0000000
       0.0000000
       0.0000000
       0.0000000
       0.0000000
       0.0000000
       0.0000000
       0.0000000
       0.0000000
       0.0000000
       0.0000000
       0.0000000
       0.0000000
       0.0000000
       0.0000000
       0.0000000
       0.0000000
       0.0000000
       0.0000000
       0.0000000
       0.0000000
       0.0000000
       0.0000000
       0.0000000
       0.0000000
       0.0000000
       0.0000000
       0.0000000
       0.0000000
       0.0000000
       0.0000000
       0.0000000
      -0.3753000
       0.1463000
       0.5344000
      -0.4585000
       0.5034000
       0.2979000
      -0.4393000
       2.4382000
      -1.4524000
       0.9341000
      -1.5309000
       1.5937999
       0.2481000
       0.2608000
       0.0000000
       0.0000000
       0.0000000
       0.0000000
       0.0000000
       0.0000000
       0.0000000
       0.0000000
       0.0000000
       0.0000000
       0.0000000
       0.0000000
       0.0000000
       0.0000000
       0.0000000
       0.0000000
       0.0000000
       0.0000000
       0.0000000
       0.0000000
       0.0000000
       0.0000000
       0.0000000
       0.0000000
       0.0000000
       0.0000000
       0.0000000
       0.0000000
       0.0000000
       0.0000000
       0.0000000
       0.0000000
       0.0000000
       0.0000000
       0.0000000
       0.0000000
       0.0000000
       0.0000000
       0.0000000
       0.0000000
       0.0000000
       0.0000000
       0.0000000
       0.0000000
       0.0000000
       0.0000000
       0.0000000
       0.0000000
       0.0000000
       0.0000000
       0.0000000
       0.0000000
       0.0000000
       0.0000000
       0.0000000
       0.0000000
       0.0000000
       0.0000000
       0.0000000
       0.0000000
       0.0000000
       0.0000000
       0.0000000
       0.0000000
       0.0000000
       0.0000000
       0.0000000
       0.0000000
       0.0000000
       0.0000000
       0.0000000
       0.0000000
       0.0000000
       0.0000000
       0.0000000
       0.0000000
       0.0000000
       0.0000000
       0.0000000
       0.0000000
       0.0000000
       0.0000000
       0.0000000
       0.0000000
       0.0000000
       0.0000000
       0.0000000
       0.0000000
       0.0000000
       0.0000000
       0.0000000
       0.0000000
       0.0000000
       0.0000000
       0.0000000
       0.0000000
       0.0000000
       0.0000000
      -0.3182000
      -1.1058000
      -0.0947000
       1.6939000
       0.0018000
      -0.8946000
       1.8980000
      -1.8497000
       1.0500000
      -1.1069000
      -0.7406000
      -0.9153000
       1.3399000
       0.0000000
       0.0000000
       0.0000000
       0.0000000
       0.0000000
       0.0000000
       0.0000000
       0.0000000
       0.0000000
       0.0000000
       0.0000000
       0.0000000
       0.0000000
       0.0000000
       0.0000000
       0.0000000
       0.0000000
       0.0000000
       0.0000000
       0.0000000
       0.0000000
       0.0000000
       0.0000000
       0.0000000
       0.0000000
       0.0000000
       0.0000000
       0.0000000
       0.0000000
       0.0000000
       0.0000000
       0.0000000
       0.0000000
       0.0000000
       0.0000000
       0.0000000
       0.0000000
       0.0000000
       0.0000000
       0.0000000
       0.0000000
       0.0000000
       0.0000000
       0.0000000
       0.0000000
       0.0000000
       0.0000000
       0.0000000
       0.0000000
       0.0000000
       0.0000000
       0.0000000
       0.0000000
       0.0000000
       0.0000000
       0.0000000
       0.0000000
       0.0000000
       0.0000000
       0.0000000
       0.0000000
       0.0000000
       0.0000000
       0.0000000
       0.0000000
       0.0000000
       0.0000000
       0.0000000
       0.0000000
       0.0000000
       0.0000000
       0.0000000
       0.0000000
       0.0000000
       0.0000000
       0.0000000
       0.0000000
       0.0000000
       0.0000000
       0.0000000
       0.0000000
       0.0000000
       0.0000000
       0.0000000
       0.0000000
       0.0000000
       0.0000000
       0.0000000
       0.0000000
       0.0000000
       0.0000000
       0.0000000
       0.0000000
       0.0000000
       0.0000000
       0.0000000
       0.0000000
       0.0000000
       0.0000000
      -0.6067000
       0.8537000
      -1.3411000
      -0.0006000
      -1.4899000
       1.4621000
       1.1054000
       1.2679000
       2.0948999
      -0.2233000
      -1.4010000
      -0.2712000
       0.0000000
       0.0000000
       0.0000000
       0.0000000
       0.0000000
       0.0000000
       0.0000000
       0.0000000
       0.0000000
       0.0000000
       0.0000000
       0.0000000
       0.0000000
       0.0000000
       0.0000000
       0.0000000
       0.0000000
       0.0000000
       0.0000000
       0.0000000
       0.0000000
       0.0000000
       0.0000000
       0.0000000
       0.0000000
       0.0000000
       0.0000000
       0.0000000
       0.0000000
       0.0000000
       0.0000000
       0.0000000
       0.0000000
       0.0000000
       0.0000000
       0.0000000
       0.0000000
       0.0000000
       0.0000000
       0.0000000
       0.0000000
       0.0000000
       0.0000000
       0.0000000
       0.0000000
       0.0000000
       0.0000000
       0.0000000
       0.0000000
       0.0000000
       0.0000000
       0.0000000
       0.0000000
       0.0000000
       0.0000000
       0.0000000
       0.0000000
       0.0000000
       0.0000000
       0.0000000
       0.0000000
       0.0000000
       0.0000000
       0.0000000
       0.0000000
       0.0000000
       0.0000000
       0.0000000
       0.0000000
       0.0000000
       0.0000000
       0.0000000
       0.0000000
       0.0000000
       0.0000000
       0.0000000
       0.0000000
       0.0000000
       0.0000000
       0.0000000
       0.0000000
       0.0000000
       0.0000000
       0.0000000
       0.0000000
       0.0000000
       0.0000000
       0.0000000
       0.0000000
       0.0000000
       0.0000000
       0.0000000
       0.0000000
       0.0000000
       0.0000000
       0.0000000
       0.0000000
       0.0000000
       0.0000000
       0.0000000
      -0.4393000
      -1.6827000
       0.3874000
      -1.9926000
       0.3013000
       1.4184999
       0.1367000
       1.0689000
      -1.8526000
       0.9064000
      -0.7843000
       0.0000000
       0.0000000
       0.0000000
       0.0000000
       0.0000000
       0.0000000
       0.0000000
       0.0000000
       0.0000000
       0.0000000
       0.0000000
       0.0000000
       0.0000000
       0.0000000
       0.0000000
       0.0000000
       0.0000000
       0.0000000
       0.0000000
       0.0000000
       0.0000000
       0.0000000
       0.0000000
       0.0000000
       0.0000000
       0.0000000
       0.0000000
       0.0000000
       0.0000000
       0.0000000
       0.0000000
       0.0000000
       0.0000000
       0.0000000
       0.0000000
       0.0000000
       0.0000000
       0.0000000
       0.0000000
       0.0000000
       0.0000000
       0.0000000
       0.0000000
       0.0000000
       0.0000000
       0.0000000
       0.0000000
       0.0000000
       0.0000000
       0.0000000
       0.0000000
       0.0000000
       0.0000000
       0.0000000
       0.0000000
       0.0000000
       0.0000000
       0.0000000
       0.0000000
       0.0000000
       0.0000000
       0.0000000
       0.0000000
       0.0000000
       0.0000000
       0.0000000
       0.0000000
       0.0000000
       0.0000000
       0.0000000
       0.0000000
       0.0000000
       0.0000000
       0.0000000
       0.0000000
       0.0000000
       0.0000000
       0.0000000
       0.0000000
       0.0000000
       0.0000000
       0.0000000
       0.0000000
       0.0000000
       0.0000000
       0.0000000
       0.0000000
       0.0000000
       0.0000000
       0.0000000
       0.0000000
       0.0000000
       0.0000000
       0.0000000
       0.0000000
       0.0000000
       0.0000000
       0.0000000
       0.0000000
       0.0000000
       0.0000000
      -1.4813000
       1.3347000
      -0.8093000
      -1.6248000
       1.7898999
      -0.1930000
       0.1442000
       0.5285000
       1.8693000
      -0.7646000
       0.0000000
       0.0000000
       0.0000000
       0.0000000
       0.0000000
       0.0000000
       0.0000000
       0.0000000
       0.0000000
       0.0000000
       0.0000000
       0.0000000
       0.0000000
       0.0000000
       0.0000000
       0.0000000
       0.0000000
       0.0000000
       0.0000000
       0.0000000
       0.0000000
       0.0000000
       0.0000000
       0.0000000
       0.0000000
       0.0000000
       0.0000000
       0.0000000
       0.0000000
       0.0000000
       0.0000000
       0.0000000
       0.0000000
       0.0000000
       0.0000000
       0.0000000
       0.0000000
       0.0000000
       0.0000000
       0.0000000
       0.0000000
       0.0000000
       0.0000000
       0.0000000
       0.0000000
       0.0000000
       0.0000000
       0.0000000
       0.0000000
       0.0000000
       0.0000000
       0.0000000
       0.0000000
       0.0000000
       0.0000000
       0.0000000
       0.0000000
       0.0000000
       0.0000000
       0.0000000
       0.0000000
       0.0000000
       0.0000000
       0.0000000
       0.0000000
       0.0000000
       0.0000000
       0.0000000
       0.0000000
       0.0000000
       0.0000000
       0.0000000
       0.0000000
       0.0000000
       0.0000000
       0.0000000
       0.0000000
       0.0000000
       0.0000000
       0.0000000
       0.0000000
       0.0000000
       0.0000000
       0.0000000
       0.0000000
       0.0000000
       0.0000000
       0.0000000
       0.0000000
       0.0000000
       0.0000000
       0.0000000
       0.0000000
       0.0000000
       0.0000000
       0.0000000
       0.0000000
       0.0000000
       0.0000000
       0.0000000
       0.0000000
       0.0000000
      -0.7057000
      -0.0998000
       0.3150000
       1.1607000
      -0.7032000
       0.3189000
      -0.0007000
       1.2884001
      -0.7170000
       0.0000000
       0.0000000
       0.0000000
       0.0000000
       0.0000000
       0.0000000
       0.0000000
       0.0000000
       0.0000000
       0.0000000
       0.0000000
       0.0000000
       0.0000000
       0.0000000
       0.0000000
       0.0000000
       0.0000000
       0.0000000
       0.0000000
       0.0000000
       0.0000000
       0.0000000
       0.0000000
       0.0000000
       0.0000000
       0.0000000
       0.0000000
       0.0000000
       0.0000000
       0.0000000
       0.0000000
       0.0000000
       0.0000000
       0.0000000
       0.0000000
       0.0000000
       0.0000000
       0.0000000
       0.0000000
       0.0000000
       0.0000000
       0.0000000
       0.0000000
       0.0000000
       0.0000000
       0.0000000
       0.0000000
       0.0000000
       0.0000000
       0.0000000
       0.0000000
       0.0000000
       0.0000000
       0.0000000
       0.0000000
       0.0000000
       0.0000000
       0.0000000
       0.0000000
       0.0000000
       0.0000000
       0.0000000
       0.0000000
       0.0000000
       0.0000000
       0.0000000
       0.0000000
       0.0000000
       0.0000000
       0.0000000
       0.0000000
       0.0000000
       0.0000000
       0.0000000
       0.0000000
       0.0000000
       0.0000000
       0.0000000
       0.0000000
       0.0000000
       0.0000000
       0.0000000
       0.0000000
       0.0000000
       0.0000000
       0.0000000
       0.0000000
       0.0000000
       0.0000000
       0.0000000
       0.0000000
       0.0000000
       0.0000000
       0.0000000
       0.0000000
       0.0000000
       0.0000000
       0.0000000
       0.0000000
       0.0000000
       0.0000000
       0.0000000
       0.0000000
       1.7108001
      -1.0984000
       1.4173000
      -0.0735000
       0.3965000
      -0.8570000
       1.6061000
      -1.4263999
       0.0000000
       0.0000000
       0.0000000
       0.0000000
       0.0000000
       0.0000000
       0.0000000
       0.0000000
       0.0000000
       0.0000000
       0.0000000
       0.0000000
       0.0000000
       0.0000000
       0.0000000
       0.0000000
       0.0000000
       0.0000000
       0.0000000
       0.0000000
       0.0000000
       0.0000000
       0.0000000
       0.0000000
       0.0000000
       0.0000000
       0.0000000
       0.0000000
       0.0000000
       0.0000000
       0.0000000
       0.0000000
       0.0000000
       0.0000000
       0.0000000
       0.0000000
       0.0000000
       0.0000000
       0.0000000
       0.0000000
       0.0000000
       0.0000000
       0.0000000
       0.0000000
       0.0000000
       0.0000000
       0.0000000
       0.0000000
       0.0000000
       0.0000000
       0.0000000
       0.0000000
       0.0000000
       0.0000000
       0.0000000
       0.0000000
       0.0000000
       0.0000000
       0.0000000
       0.0000000
       0.0000000
       0.0000000
       0.0000000
       0.0000000
       0.0000000
       0.0000000
       0.0000000
       0.0000000
       0.0000000
       0.0000000
       0.0000000
       0.0000000
       0.0000000
       0.0000000
       0.0000000
       0.0000000
       0.0000000
       0.0000000
       0.0000000
       0.0000000
       0.0000000
       0.0000000
       0.0000000
       0.0000000
       0.0000000
       0.0000000
       0.0000000
       0.0000000
       0.0000000
       0.0000000
       0.0000000
       0.0000000
       0.0000000
       0.0000000
       0.0000000
       0.0000000
       0.0000000
       0.0000000
       0.0000000
       0.0000000
       0.0000000
       0.0000000
       0.0000000
       0.0000000
       0.1524000
      -0.1896000
       0.0691000
       0.4887000
      -0.2989000
       0.1856000
       0.8052000
       0.0000000
       0.0000000
       0.0000000
       0.0000000
       0.0000000
       0.0000000
       0.0000000
       0.0000000
       0.0000000
       0.0000000
       0.0000000
       0.0000000
       0.0000000
       0.0000000
       0.0000000
       0.0000000
       0.0000000
       0.0000000
       0.0000000
       0.0000000
       0.0000000
       0.0000000
       0.0000000
       0.0000000
       0.0000000
       0.0000000
       0.0000000
       0.0000000
       0.0000000
       0.0000000
       0.0000000
       0.0000000
       0.0000000
       0.0000000
       0.0000000
       0.0000000
       0.0000000
       0.0000000
       0.0000000
       0.0000000
       0.0000000
       0.0000000
       0.0000000
       0.0000000
       0.0000000
       0.0000000
       0.0000000
       0.0000000
       0.0000000
       0.0000000
       0.0000000
       0.0000000
       0.0000000
       0.0000000
       0.0000000
       0.0000000
       0.0000000
       0.0000000
       0.0000000
       0.0000000
       0.0000000
       0.0000000
       0.0000000
       0.0000000
       0.0000000
       0.0000000
       0.0000000
       0.0000000
       0.0000000
       0.0000000
       0.0000000
       0.0000000
       0.0000000
       0.0000000
       0.0000000
       0.0000000
       0.0000000
       0.0000000
       0.0000000
       0.0000000
       0.0000000
       0.0000000
       0.0000000
       0.0000000
       0.0000000
       0.0000000
       0.0000000
       0.0000000
       0.0000000
       0.0000000
       0.0000000
       0.0000000
       0.0000000
       0.0000000
       0.0000000
       0.0000000
       0.0000000
       0.0000000
       0.0000000
       0.0000000
       0.0000000
       0.0000000
       0.0000000
       0.0000000
       0.0000000
       0.6380000
      -1.4654000
       0.8593000
       1.0516000
      -0.2593000
       0.7683000
       0.0000000
       0.0000000
       0.0000000
       0.0000000
       0.0000000
       0.0000000
       0.0000000
       0.0000000
       0.0000000
       0.0000000
       0.0000000
       0.0000000
       0.0000000
       0.0000000
       0.0000000
       0.0000000
       0.0000000
       0.0000000
       0.0000000
       0.0000000
       0.0000000
       0.0000000
       0.0000000
       0.0000000
       0.0000000
       0.0000000
       0.0000000
       0.0000000
       0.0000000
       0.0000000
       0.0000000
       0.0000000
       0.0000000
       0.0000000
       0.0000000
       0.0000000
       0.0000000
       0.0000000
       0.0000000
       0.0000000
       0.0000000
       0.0000000
       0.0000000
       0.0000000
       0.0000000
       0.0000000
       0.0000000
       0.0000000
       0.0000000
       0.0000000
       0.0000000
       0.0000000
       0.0000000
       0.0000000
       0.0000000
       0.0000000
       0.0000000
       0.0000000
       0.0000000
       0.0000000
       0.0000000
       0.0000000
       0.0000000
       0.0000000
       0.0000000
       0.0000000
       0.0000000
       0.0000000
       0.0000000
       0.0000000
       0.0000000
       0.0000000
       0.0000000
       0.0000000
       0.0000000
       0.0000000
       0.0000000
       0.0000000
       0.0000000
       0.0000000
       0.0000000
       0.0000000
       0.0000000
       0.0000000
       0.0000000
       0.0000000
       0.0000000
       0.0000000
       0.0000000
       0.0000000
       0.0000000
       0.0000000
       0.0000000
       0.0000000
       0.0000000
       0.0000000
       0.0000000
       0.0000000
       0.0000000
       0.0000000
       0.0000000
       0.0000000
       0.0000000
       0.0000000
       0.0000000
       0.0000000
       1.2968000
       1.0067000
      -1.6129000
      -1.5664001
       2.0369999
       0.0000000
       0.0000000
       0.0000000
       0.0000000
       0.0000000
       0.0000000
       0.0000000
       0.0000000
       0.0000000
       0.0000000
       0.0000000
       0.0000000
       0.0000000
       0.0000000
       0.0000000
       0.0000000
       0.0000000
       0.0000000
       0.0000000
       0.0000000
       0.0000000
       0.0000000
       0.0000000
       0.0000000
       0.0000000
       0.0000000
       0.0000000
       0.0000000
       0.0000000
       0.0000000
       0.0000000
       0.0000000
       0.0000000
       0.0000000
       0.0000000
       0.0000000
       0.0000000
       0.0000000
       0.0000000
       0.0000000
       0.0000000
       0.0000000
       0.0000000
       0.0000000
       0.0000000
       0.0000000
       0.0000000
       0.0000000
       0.0000000
       0.0000000
       0.0000000
       0.0000000
       0.0000000
       0.0000000
       0.0000000
       0.0000000
       0.0000000
       0.0000000
       0.0000000
       0.0000000
       0.0000000
       0.0000000
       0.0000000
       0.0000000
       0.0000000
       0.0000000
       0.0000000
       0.0000000
       0.0000000
       0.0000000
       0.0000000
       0.0000000
       0.0000000
       0.0000000
       0.0000000
       0.0000000
       0.0000000
       0.0000000
       0.0000000
       0.0000000
       0.0000000
       0.0000000
       0.0000000
       0.0000000
       0.0000000
       0.0000000
       0.0000000
       0.0000000
       0.0000000
       0.0000000
       0.0000000
       0.0000000
       0.0000000
       0.0000000
       0.0000000
       0.0000000
       0.0000000
       0.0000000
       0.0000000
       0.0000000
       0.0000000
       0.0000000
       0.0000000
       0.0000000
       0.0000000
       0.0000000
       0.0000000
       1.4755000
       0.2034000
      -3.2535999
       0.6896000
       0.0000000
       0.0000000
       0.0000000
       0.0000000
       0.0000000
       0.0000000
       0.0000000
       0.0000000
       0.0000000
       0.0000000
       0.0000000
       0.0000000
       0.0000000
       0.0000000
       0.0000000
       0.0000000
       0.0000000
       0.0000000
       0.0000000
       0.0000000
       0.0000000
       0.0000000
       0.0000000
       0.0000000
       0.0000000
       0.0000000
       0.0000000
       0.0000000
       0.0000000
       0.0000000
       0.0000000
       0.0000000
       0.0000000
       0.0000000
       0.0000000
       0.0000000
       0.0000000
       0.0000000
       0.0000000
       0.0000000
       0.0000000
       0.0000000
       0.0000000
       0.0000000
       0.0000000
       0.0000000
       0.0000000
       0.0000000
       0.0000000
       0.0000000
       0.0000000
       0.0000000
       0.0000000
       0.0000000
       0.0000000
       0.0000000
       0.0000000
       0.0000000
       0.0000000
       0.0000000
       0.0000000
       0.0000000
       0.0000000
       0.0000000
       0.0000000
       0.0000000
       0.0000000
       0.0000000
       0.0000000
       0.0000000
       0.0000000
       0.0000000
       0.0000000
       0.0000000
       0.0000000
       0.0000000
       0.0000000
       0.0000000
       0.0000000
       0.0000000
       0.0000000
       0.0000000
       0.0000000
       0.0000000
       0.0000000
       0.0000000
       0.0000000
       0.0000000
       0.0000000
       0.0000000
       0.0000000
       0.0000000
       0.0000000
       0.0000000
       0.0000000
       0.0000000
       0.0000000
       0.0000000
       0.0000000
       0.0000000
       0.0000000
       0.0000000
       0.0000000
       0.0000000
       0.0000000
       0.0000000
       0.0000000
       0.0000000
       0.2348000
      -1.5669000
      -1.0001000
       0.0000000
       0.0000000
       0.0000000
       0.0000000
       0.0000000
       0.0000000
       0.0000000
       0.0000000
       0.0000000
       0.0000000
       0.0000000
       0.0000000
       0.0000000
       0.0000000
       0.0000000
       0.0000000
       0.0000000
       0.0000000
       0.0000000
       0.0000000
       0.0000000
       0.0000000
       0.0000000
       0.0000000
       0.0000000
       0.0000000
       0.0000000
       0.0000000
       0.0000000
       0.0000000
       0.0000000
       0.0000000
       0.0000000
       0.0000000
       0.0000000
       0.0000000
       0.0000000
       0.0000000
       0.0000000
       0.0000000
       0.0000000
       0.0000000
       0.0000000
       0.0000000
       0.0000000
       0.0000000
       0.0000000
       0.0000000
       0.0000000
       0.0000000
       0.0000000
       0.0000000
       0.0000000
       0.0000000
       0.0000000
       0.0000000
       0.0000000
       0.0000000
       0.0000000
       0.0000000
       0.0000000
       0.0000000
       0.0000000
       0.0000000
       0.0000000
       0.0000000
       0.0000000
       0.0000000
       0.0000000
       0.0000000
       0.0000000
       0.0000000
       0.0000000
       0.0000000
       0.0000000
       0.0000000
       0.0000000
       0.0000000
       0.0000000
       0.0000000
       0.0000000
       0.0000000
       0.0000000
       0.0000000
       0.0000000
       0.0000000
       0.0000000
       0.0000000
       0.0000000
       0.0000000
       0.0000000
       0.0000000
       0.0000000
       0.0000000
       0.0000000
       0.0000000
       0.0000000
       0.0000000
       0.0000000
       0.0000000
       0.0000000
       0.0000000
       0.0000000
       0.0000000
       0.0000000
       0.0000000
       0.0000000
       0.0000000
       0.0000000
       0.3924000
      -2.3253000
       0.0000000
       0.0000000
       0.0000000
       0.0000000
       0.0000000
       0.0000000
       0.0000000
       0.0000000
       0.0000000
       0.0000000
       0.0000000
       0.0000000
       0.0000000
       0.0000000
       0.0000000
       0.0000000
       0.0000000
       0.0000000
       0.0000000
       0.0000000
       0.0000000
       0.0000000
       0.0000000
       0.0000000
       0.0000000
       0.0000000
       0.0000000
       0.0000000
       0.0000000
       0.0000000
       0.0000000
       0.0000000
       0.0000000
       0.0000000
       0.0000000
       0.0000000
       0.0000000
       0.0000000
       0.0000000
       0.0000000
       0.0000000
       0.0000000
       0.0000000
       0.0000000
       0.0000000
       0.0000000
       0.0000000
       0.0000000
       0.0000000
       0.0000000
       0.0000000
       0.0000000
       0.0000000
       0.0000000
       0.0000000
       0.0000000
       0.0000000
       0.0000000
       0.0000000
       0.0000000
       0.0000000
       0.0000000
       0.0000000
       0.0000000
       0.0000000
       0.0000000
       0.0000000
       0.0000000
       0.0000000
       0.0000000
       0.0000000
       0.0000000
       0.0000000
       0.0000000
       0.0000000
       0.0000000
       0.0000000
       0.0000000
       0.0000000
       0.0000000
       0.0000000
       0.0000000
       0.0000000
       0.0000000
       0.0000000
       0.0000000
       0.0000000
       0.0000000
       0.0000000
       0.0000000
       0.0000000
       0.0000000
       0.0000000
       0.0000000
       0.0000000
       0.0000000
       0.0000000
       0.0000000
       0.0000000
       0.0000000
       0.0000000
       0.0000000
       0.0000000
       0.0000000
       0.0000000
       0.0000000
       0.0000000
       0.0000000
       0.0000000
       0.0000000
      -0.3235000
